date,open,high,low,close,volume,amount
2020-01-02,1.31940256,1.32932288,1.30948224,1.31940256,204217823,272334002.0
2020-01-03,1.32932288,1.3392432,1.31940256,1.32932288,246387842,330344470.0
2020-01-06,1.32932288,1.34916352,1.31940256,1.3392432,287032976,386598525.0
2020-01-07,1.3392432,1.37892448,1.32932288,1.35908384,352476160,482354526.0
2020-01-08,1.34916352,1.35908384,1.31940256,1.32932288,289199072,390556372.0
2020-01-09,1.3392432,1.34916352,1.32932288,1.3392432,181782738,245097484.0
2020-01-10,1.3392432,1.34916352,1.31940256,1.32932288,148922937,199664443.0
2020-01-13,1.32932288,1.32932288,1.30948224,1.32932288,154383578,205286995.0
2020-01-14,1.32932288,1.3392432,1.31940256,1.32932288,170595832,228664122.0
2020-01-15,1.32932288,1.32932288,1.30948224,1.31940256,131859307,175188220.0
2020-01-16,1.31940256,1.31940256,1.29956192,1.29956192,141699112,186899845.0
2020-01-17,1.30948224,1.30948224,1.2896416,1.2896416,114717919,150060543.0
2020-01-20,1.2896416,1.29956192,1.27972128,1.29956192,92910676,120904005.0
2020-01-21,1.2896416,1.29956192,1.26980096,1.27972128,146658284,189707234.0
2020-01-22,1.27972128,1.27972128,1.25988064,1.26980096,144366221,184574677.0
2020-01-23,1.25988064,1.26980096,1.23011968,1.24004,272354816,342737259.0
2020-02-03,1.12099616,1.1408368,1.12099616,1.12099616,409715696,463448124.0
2020-02-04,1.0912352,1.1408368,1.0912352,1.13091648,339947872,384679308.0
2020-02-05,1.12099616,1.17059776,1.12099616,1.15075712,291431536,337543913.0
2020-02-06,1.16067744,1.16067744,1.13091648,1.15075712,244640305,282951515.0
2020-02-07,1.15075712,1.16067744,1.1408368,1.16067744,232010253,268728594.0
2020-02-10,1.15075712,1.17059776,1.1408368,1.17059776,221395710,258441686.0
2020-02-11,1.16067744,1.23011968,1.16067744,1.1904384,346280192,417533577.0
2020-02-12,1.18051808,1.1904384,1.17059776,1.1904384,182561459,217285122.0
2020-02-13,1.1904384,1.1904384,1.17059776,1.17059776,160690850,191019464.0
2020-02-14,1.17059776,1.20035872,1.16067744,1.1904384,206353606,246349666.0
2020-02-17,1.18051808,1.21027904,1.17059776,1.21027904,240486598,290066640.0
2020-02-18,1.21027904,1.22019936,1.20035872,1.21027904,250628486,305813013.0
2020-02-19,1.21027904,1.21027904,1.1904384,1.1904384,216505313,261996812.0
2020-02-20,1.20035872,1.22019936,1.1904384,1.21027904,259018163,314373808.0
2020-02-21,1.20035872,1.23011968,1.20035872,1.21027904,281979984,345559705.0
2020-02-24,1.20035872,1.21027904,1.1904384,1.20035872,254831513,308231612.0
2020-02-25,1.18051808,1.1904384,1.16067744,1.18051808,359200736,426263572.0
2020-02-26,1.17059776,1.24004,1.16067744,1.21027904,584273840,707730310.0
2020-02-27,1.20035872,1.21027904,1.1904384,1.1904384,284734656,344174988.0
2020-02-28,1.17059776,1.18051808,1.15075712,1.16067744,378412256,444528184.0
2020-03-02,1.16067744,1.21027904,1.16067744,1.20035872,381084608,457543991.0
2020-03-03,1.21027904,1.22019936,1.1904384,1.20035872,371518096,452208926.0
2020-03-04,1.1904384,1.22019936,1.1904384,1.21027904,306676368,373111542.0
2020-03-05,1.22019936,1.24996032,1.21027904,1.23011968,487344560,604323880.0
2020-03-06,1.22019936,1.23011968,1.20035872,1.21027904,256029568,312561895.0
2020-03-09,1.1904384,1.1904384,1.17059776,1.18051808,293264304,349450334.0
2020-03-10,1.17059776,1.20035872,1.16067744,1.1904384,296123568,352061614.0
2020-03-11,1.1904384,1.20035872,1.18051808,1.18051808,208559045,249862247.0
2020-03-12,1.17059776,1.18051808,1.16067744,1.17059776,198701634,234474162.0
2020-03-13,1.15075712,1.16067744,1.13091648,1.16067744,277655920,320879557.0
2020-03-16,1.17059776,1.17059776,1.1408368,1.1408368,239753000,279466083.0
2020-03-17,1.1408368,1.16067744,1.13091648,1.15075712,177829170,204732752.0
2020-03-18,1.15075712,1.16067744,1.13091648,1.13091648,162822729,188252403.0
2020-03-19,1.13091648,1.1408368,1.12099616,1.13091648,203138439,231369113.0
2020-03-20,1.1408368,1.15075712,1.13091648,1.1408368,134208791,154032164.0
2020-03-23,1.13091648,1.13091648,1.11107584,1.12099616,189532928,214289924.0
2020-03-24,1.1408368,1.1408368,1.13091648,1.1408368,148516460,170193739.0
2020-03-25,1.15075712,1.16067744,1.1408368,1.15075712,198263017,229843024.0
2020-03-26,1.1408368,1.15075712,1.13091648,1.13091648,128083845,147444234.0
2020-03-27,1.1408368,1.15075712,1.13091648,1.1408368,131622376,151590037.0
2020-03-30,1.13091648,1.1408368,1.12099616,1.13091648,147571513,167732050.0
2020-03-31,1.13091648,1.15075712,1.12099616,1.1408368,202420514,232068414.0
2020-04-01,1.1408368,1.15075712,1.13091648,1.13091648,158616218,181630109.0
2020-04-02,1.12099616,1.1408368,1.12099616,1.1408368,118089610,134676938.0
2020-04-03,1.13091648,1.1408368,1.12099616,1.13091648,119490796,136318097.0
2020-04-07,1.1408368,1.15075712,1.13091648,1.15075712,180248524,207601188.0
2020-04-08,1.1408368,1.15075712,1.13091648,1.1408368,117823465,135467007.0
2020-04-09,1.1408368,1.15075712,1.1408368,1.1408368,92106847,106171317.0
2020-04-10,1.1408368,1.15075712,1.13091648,1.13091648,96161645,110054634.0
2020-04-13,1.13091648,1.1408368,1.12099616,1.13091648,86469866,98194601.0
2020-04-14,1.13091648,1.1408368,1.12099616,1.1408368,122521824,139637881.0
2020-04-15,1.13091648,1.1408368,1.12099616,1.12099616,106221688,121033666.0
2020-04-16,1.12099616,1.13091648,1.12099616,1.12099616,68680953,77799206.0
2020-04-17,1.13091648,1.13091648,1.12099616,1.13091648,68617663,77951896.0
2020-04-20,1.12099616,1.13091648,1.12099616,1.13091648,73989351,83911383.0
2020-04-21,1.13091648,1.13091648,1.11107584,1.11107584,129089683,145372013.0
2020-04-22,1.11107584,1.12099616,1.10115552,1.12099616,112208018,125999022.0
2020-04-23,1.12099616,1.12099616,1.11107584,1.11107584,108771410,122153700.0
2020-04-24,1.11107584,1.12099616,1.0912352,1.10115552,195666857,217694446.0
2020-04-27,1.10115552,1.10115552,1.0912352,1.0912352,154592482,170429086.0
2020-04-28,1.08131488,1.0912352,1.0416336,1.06147424,307359920,328812522.0
2020-04-29,1.05155392,1.06147424,1.03171328,1.0416336,221380652,233492837.0
2020-04-30,1.03171328,1.08131488,1.03171328,1.07139456,337159568,359220136.0
2020-05-06,1.05155392,1.10115552,1.05155392,1.0912352,323197488,351162266.0
2020-05-07,1.12099616,1.15075712,1.11107584,1.12099616,474576224,539442442.0
2020-05-08,1.12099616,1.12099616,1.10115552,1.11107584,242796095,271933552.0
2020-05-11,1.11107584,1.12099616,1.0912352,1.10115552,222355896,246884984.0
2020-05-12,1.10115552,1.13091648,1.0912352,1.11107584,314700016,352974272.0
2020-05-13,1.11107584,1.11107584,1.0912352,1.10115552,158295978,175853844.0
2020-05-14,1.0912352,1.11107584,1.0912352,1.0912352,110288297,122043433.0
2020-05-15,1.10115552,1.10115552,1.08131488,1.0912352,169784177,186845597.0
2020-05-18,1.0912352,1.12099616,1.08131488,1.11107584,393698096,438543608.0
2020-05-19,1.11107584,1.11107584,1.0912352,1.0912352,197084337,218145138.0
2020-05-20,1.0912352,1.10115552,1.07139456,1.07139456,230562429,251272978.0
2020-05-21,1.08131488,1.08131488,1.06147424,1.07139456,184337947,199142064.0
2020-05-22,1.06147424,1.07139456,1.05155392,1.06147424,239115499,255510035.0
2020-05-25,1.06147424,1.06147424,1.0416336,1.05155392,187439178,198939523.0
2020-05-26,1.05155392,1.06147424,1.0416336,1.06147424,165986339,176235375.0
2020-05-27,1.05155392,1.11107584,1.0416336,1.10115552,551054000,598547667.0
2020-05-28,1.0912352,1.10115552,1.07139456,1.0912352,356396512,391196926.0
2020-05-29,1.0912352,1.0912352,1.07139456,1.0912352,264257146,288964181.0
2020-06-01,1.0912352,1.10115552,1.08131488,1.0912352,213450426,234822104.0
2020-06-02,1.10115552,1.10115552,1.08131488,1.0912352,186812814,205469511.0
2020-06-03,1.0912352,1.10115552,1.08131488,1.08131488,132121208,144914544.0
2020-06-04,1.0912352,1.0912352,1.07139456,1.08131488,122152907,132663903.0
2020-06-05,1.08131488,1.08131488,1.06147424,1.07139456,143436795,155088531.0
2020-06-08,1.07139456,1.0912352,1.07139456,1.08131488,234669059,255651761.0
2020-06-09,1.08131488,1.08131488,1.07139456,1.08131488,89173713,96593539.0
2020-06-10,1.08131488,1.0912352,1.06147424,1.07139456,200969383,218133039.0
2020-06-11,1.07139456,1.0912352,1.07139456,1.08131488,178338072,193765675.0
2020-06-12,1.06147424,1.08131488,1.06147424,1.07139456,188932820,203750931.0
2020-06-15,1.07139456,1.07139456,1.05155392,1.06147424,237444760,254780917.0
2020-06-16,1.06147424,1.0912352,1.06147424,1.0912352,348880048,379215654.0
2020-06-17,1.07139456,1.12099616,1.07139456,1.10115552,531921840,589167904.0
2020-06-18,1.0912352,1.17059776,1.0912352,1.1408368,908570688,1041636503.0
2020-06-19,1.12099616,1.13091648,1.0912352,1.10115552,558123584,623760569.0
2020-06-22,1.10115552,1.10115552,1.08131488,1.08131488,286977024,314647352.0
2020-06-23,1.08131488,1.0912352,1.07139456,1.08131488,236732822,257557052.0
2020-06-24,1.08131488,1.0912352,1.07139456,1.07139456,138282414,149962564.0
2020-06-29,1.07139456,1.08131488,1.06147424,1.06147424,197592015,213214024.0
2020-06-30,1.07139456,1.08131488,1.06147424,1.07139456,199558791,215500584.0
2020-07-01,1.07139456,1.08131488,1.06147424,1.07139456,179028190,193250753.0
2020-07-02,1.07139456,1.10115552,1.07139456,1.10115552,399377840,438065135.0
2020-07-03,1.10115552,1.13091648,1.0912352,1.11107584,558580496,627103875.0
2020-07-06,1.12099616,1.1904384,1.12099616,1.18051808,1029797632,1202452915.0
2020-07-07,1.20035872,1.23011968,1.17059776,1.17059776,975176352,1176416986.0
2020-07-08,1.16067744,1.24996032,1.15075712,1.23011968,1163965280,1413700005.0
2020-07-09,1.22019936,1.26980096,1.20035872,1.25988064,1060773744,1320236489.0
2020-07-10,1.24004,1.24996032,1.20035872,1.21027904,727918480,901554891.0
2020-07-13,1.21027904,1.24004,1.20035872,1.23011968,632934128,779903267.0
2020-07-14,1.24004,1.25988064,1.20035872,1.21027904,603236672,746695584.0
2020-07-15,1.22019936,1.23011968,1.17059776,1.18051808,509833168,612392688.0
2020-07-16,1.18051808,1.20035872,1.1408368,1.15075712,470776944,555598741.0
2020-07-17,1.15075712,1.16067744,1.12099616,1.13091648,363674064,417048246.0
2020-07-20,1.1408368,1.20035872,1.13091648,1.1904384,603889104,709105975.0
2020-07-21,1.1904384,1.20035872,1.16067744,1.17059776,295995328,350439502.26
2020-07-22,1.18051808,1.20035872,1.17059776,1.18051808,405105680,483974002.99
2020-07-23,1.18051808,1.22019936,1.17059776,1.1904384,594218304,714117646.79
2020-07-24,1.18051808,1.1904384,1.1408368,1.15075712,440963568,517756430.04
2020-07-27,1.15075712,1.16067744,1.1408368,1.15075712,228278859,264708631.81
2020-07-28,1.16067744,1.18051808,1.15075712,1.16067744,309004816,363256483.8
2020-07-29,1.16067744,1.18051808,1.1408368,1.17059776,327791264,383147015.86
2020-07-30,1.17059776,1.17059776,1.15075712,1.16067744,258837175,302758622.6
2020-07-31,1.15075712,1.17059776,1.1408368,1.16067744,259916767,302868107.99
2020-08-03,1.16067744,1.18051808,1.16067744,1.17059776,349296048,411710573.25
2020-08-04,1.17059776,1.18051808,1.16067744,1.17059776,259184586,305633773.59
2020-08-05,1.17059776,1.21027904,1.15075712,1.1904384,611356080,727693492.74
2020-08-06,1.18051808,1.20035872,1.17059776,1.1904384,512798464,611870794.24
2020-08-07,1.1904384,1.1904384,1.16067744,1.18051808,417707344,495901188.98
2020-08-10,1.17059776,1.18051808,1.16067744,1.17059776,273719376,323109232.69
2020-08-11,1.18051808,1.1904384,1.16067744,1.16067744,381149296,452127528.76
2020-08-12,1.16067744,1.16067744,1.1408368,1.15075712,351753632,408231045.85
2020-08-13,1.16067744,1.1904384,1.15075712,1.18051808,510366176,605127499.18
2020-08-14,1.18051808,1.18051808,1.16067744,1.18051808,294681664,348373369.46
2020-08-17,1.17059776,1.20035872,1.17059776,1.1904384,494150096,591750156.61
2020-08-18,1.20035872,1.20035872,1.18051808,1.1904384,346582528,415986192.8
2020-08-19,1.1904384,1.20035872,1.17059776,1.18051808,324418624,386644124.02
2020-08-20,1.18051808,1.1904384,1.16067744,1.17059776,338656016,401226147.56
2020-08-21,1.17059776,1.18051808,1.16067744,1.17059776,213349095,251732267.94
2020-08-24,1.17059776,1.18051808,1.16067744,1.16067744,112187372,131646491.64
2020-08-25,1.16067744,1.17059776,1.15075712,1.15075712,208771248,244094249.11
2020-08-26,1.16067744,1.16067744,1.1408368,1.15075712,220212616,255219810.74
2020-08-27,1.15075712,1.16067744,1.1408368,1.15075712,165019894,191339121.49
2020-08-28,1.15075712,1.17059776,1.1408368,1.17059776,216997045,253614308.6
2020-08-31,1.16067744,1.17059776,1.15075712,1.15075712,186560976,218245680.16
2020-09-01,1.15075712,1.16067744,1.15075712,1.15075712,74146252,86200541.32
2020-09-02,1.15075712,1.16067744,1.1408368,1.15075712,169171463,196286455.22
2020-09-03,1.15075712,1.17059776,1.15075712,1.15075712,192018171,223972060.8
2020-09-04,1.1408368,1.15075712,1.1408368,1.1408368,125987559,145272172.85
2020-09-07,1.1408368,1.16067744,1.1408368,1.15075712,188143955,218102805.35
2020-09-08,1.1408368,1.1904384,1.1408368,1.18051808,610923152,721048325.43
2020-09-09,1.17059776,1.29956192,1.16067744,1.2896416,1606390480,2006023625.27
2020-09-10,1.25988064,1.26980096,1.18051808,1.1904384,1069603152,1314539738.69
2020-09-11,1.17059776,1.1904384,1.16067744,1.17059776,413598544,488895539.94
2020-09-14,1.17059776,1.20035872,1.16067744,1.18051808,393314912,467082479.65
2020-09-15,1.18051808,1.18051808,1.16067744,1.17059776,258763031,305531258.18
2020-09-16,1.17059776,1.18051808,1.16067744,1.17059776,196963938,232150673.56
2020-09-17,1.16067744,1.17059776,1.15075712,1.16067744,244833626,286446114.22
2020-09-18,1.16067744,1.18051808,1.15075712,1.17059776,239270566,281578502.74
2020-09-21,1.17059776,1.18051808,1.16067744,1.16067744,155103297,182735661.89
2020-09-22,1.16067744,1.17059776,1.15075712,1.16067744,173943539,203219211.43
2020-09-23,1.16067744,1.16067744,1.15075712,1.15075712,132921667,154492200.72
2020-09-24,1.15075712,1.16067744,1.1408368,1.1408368,177262485,204787823.55
2020-09-25,1.1408368,1.15075712,1.13091648,1.1408368,137979670,158853836.7
2020-09-28,1.1408368,1.15075712,1.13091648,1.1408368,120523019,138640857.19
2020-09-29,1.1408368,1.15075712,1.13091648,1.1408368,88891680,102348701.4
2020-09-30,1.1408368,1.15075712,1.13091648,1.1408368,105383472,121018711.08
2020-10-09,1.15075712,1.16067744,1.1408368,1.15075712,161196716,187275288.27
2020-10-12,1.15075712,1.18051808,1.15075712,1.17059776,289024352,339412723.06
2020-10-13,1.17059776,1.18051808,1.16067744,1.17059776,153329895,180640309.15
2020-10-14,1.16067744,1.17059776,1.15075712,1.15075712,155477361,181868891.9
2020-10-15,1.15075712,1.17059776,1.15075712,1.16067744,179151512,209342183.61
2020-10-16,1.16067744,1.17059776,1.15075712,1.16067744,158338943,185675130.51
2020-10-19,1.17059776,1.18051808,1.16067744,1.17059776,152042139,179118415.21
2020-10-20,1.16067744,1.17059776,1.15075712,1.17059776,144360885,168777935.22
2020-10-21,1.17059776,1.17059776,1.15075712,1.16067744,100016403,116932602.51
2020-10-22,1.15075712,1.16067744,1.15075712,1.15075712,82317928,95799997.48
2020-10-23,1.16067744,1.16067744,1.1408368,1.15075712,162328937,188547477.09
2020-10-26,1.15075712,1.16067744,1.1408368,1.16067744,105774605,122730595.97
2020-10-27,1.15075712,1.16067744,1.1408368,1.15075712,98044832,113620557.0
2020-10-28,1.15075712,1.16067744,1.1408368,1.15075712,100131623,116170134.28
2020-10-29,1.15075712,1.15075712,1.1408368,1.1408368,96616169,111619888.35
2020-10-30,1.15075712,1.15075712,1.13091648,1.13091648,169993530,195123832.68
2020-11-02,1.13091648,1.1408368,1.12099616,1.12099616,159289923,181160891.62
2020-11-03,1.13091648,1.16067744,1.12099616,1.1408368,230916363,265235091.62
2020-11-04,1.1408368,1.15075712,1.13091648,1.1408368,150824561,173137082.55
2020-11-05,1.1408368,1.16067744,1.13091648,1.15075712,249357387,288308887.58
2020-11-06,1.15075712,1.15075712,1.1408368,1.1408368,141839516,163704704.4
2020-11-09,1.15075712,1.17059776,1.1408368,1.16067744,336296208,393269582.22
2020-11-10,1.17059776,1.18051808,1.15075712,1.16067744,298468848,351400613.84
2020-11-11,1.16067744,1.18051808,1.15075712,1.17059776,370185728,437048557.68
2020-11-12,1.16067744,1.17059776,1.15075712,1.16067744,208035511,243575423.69
2020-11-13,1.16067744,1.18051808,1.15075712,1.17059776,368747616,434528026.49
2020-11-16,1.17059776,1.21027904,1.16067744,1.20035872,625484720,751124045.14
2020-11-17,1.1904384,1.20035872,1.17059776,1.18051808,344311168,410011051.01
2020-11-18,1.18051808,1.1904384,1.17059776,1.1904384,289215184,344201230.38
2020-11-19,1.18051808,1.1904384,1.17059776,1.18051808,194329709,230973829.2
2020-11-20,1.18051808,1.20035872,1.16067744,1.1904384,392692080,468026368.3
2020-11-23,1.1904384,1.24996032,1.1904384,1.22019936,758838592,931257875.57
2020-11-24,1.21027904,1.26980096,1.20035872,1.24996032,798788496,990506034.22
2020-11-25,1.24996032,1.25988064,1.21027904,1.21027904,648397872,806564567.53
2020-11-26,1.22019936,1.22019936,1.1904384,1.20035872,345072896,418345379.33
2020-11-27,1.20035872,1.22019936,1.1904384,1.20035872,334862576,406146365.05
2020-11-30,1.20035872,1.23011968,1.1904384,1.20035872,378895808,462543534.71
2020-12-01,1.20035872,1.21027904,1.1904384,1.20035872,189453200,229677736.2
2020-12-02,1.20035872,1.22019936,1.20035872,1.21027904,272830784,332735044.69
2020-12-03,1.21027904,1.21027904,1.18051808,1.1904384,316443360,380981577.82
2020-12-04,1.1904384,1.1904384,1.17059776,1.18051808,179360731,213816043.08
2020-12-07,1.1904384,1.1904384,1.17059776,1.18051808,172106187,204655047.92
2020-12-08,1.17059776,1.18051808,1.16067744,1.17059776,220668355,260444815.05
2020-12-09,1.16067744,1.18051808,1.16067744,1.16067744,236572600,278046718.6
2020-12-10,1.16067744,1.18051808,1.15075712,1.18051808,241603100,285415267.8
2020-12-11,1.18051808,1.1904384,1.15075712,1.16067744,266987009,314710313.88
2020-12-14,1.16067744,1.16067744,1.1408368,1.16067744,187439336,217700671.16
2020-12-15,1.15075712,1.16067744,1.1408368,1.15075712,164207985,189867459.41
2020-12-16,1.15075712,1.16067744,1.1408368,1.15075712,116430016,134827877.59
2020-12-17,1.15075712,1.17059776,1.1408368,1.16067744,252005073,293310941.22
2020-12-18,1.16067744,1.18051808,1.16067744,1.18051808,281023344,331974734.08
2020-12-21,1.18051808,1.1904384,1.17059776,1.18051808,262242098,311524448.02
2020-12-22,1.18051808,1.18051808,1.1408368,1.15075712,284716960,333809829.12
2020-12-23,1.15075712,1.17059776,1.1408368,1.15075712,190220050,221971808.7
2020-12-24,1.16067744,1.16067744,1.1408368,1.15075712,161250794,187447317.04
2020-12-25,1.15075712,1.17059776,1.1408368,1.17059776,214146736,250868147.92
2020-12-28,1.17059776,1.17059776,1.15075712,1.16067744,156769050,183581976.0
2020-12-29,1.16067744,1.17059776,1.15075712,1.15075712,129783137,151632009.03
2020-12-30,1.15075712,1.17059776,1.15075712,1.16067744,177448496,207160030.36
2020-12-31,1.15075712,1.17059776,1.15075712,1.16067744,201853203,236115728.23
2021-01-04,1.16067744,1.17059776,1.15075712,1.17059776,294106352,345535105.3
2021-01-05,1.17059776,1.17059776,1.15075712,1.16067744,291692608,340952512.69
2021-01-06,1.16067744,1.16067744,1.15075712,1.16067744,101512692,118190964.72
2021-01-07,1.16067744,1.18051808,1.15075712,1.16067744,479867744,564671042.02
2021-01-08,1.16067744,1.17059776,1.1408368,1.16067744,286723456,333693962.6
2021-01-11,1.16067744,1.17059776,1.1408368,1.15075712,378516400,439896424.2
2021-01-12,1.1408368,1.15075712,1.13091648,1.1408368,318701696,366153420.98
2021-01-13,1.1408368,1.15075712,1.13091648,1.13091648,280122720,321505639.3
2021-01-14,1.13091648,1.15075712,1.13091648,1.1408368,260959561,299867957.25
2021-01-15,1.1408368,1.15075712,1.13091648,1.1408368,163477856,187864640.4
2021-01-18,1.15075712,1.18051808,1.1408368,1.15075712,416192480,486489773.67
2021-01-19,1.15075712,1.16067744,1.1408368,1.15075712,271810496,314497352.7
2021-01-20,1.15075712,1.20035872,1.1408368,1.1904384,759675280,894104449.09
2021-01-21,1.18051808,1.26980096,1.17059776,1.23011968,1528978464,1890069370.37
2021-01-22,1.21027904,1.21027904,1.17059776,1.17059776,897569280,1074022752.63
2021-01-25,1.17059776,1.1904384,1.16067744,1.16067744,470233280,555179991.07
2021-01-26,1.15075712,1.18051808,1.15075712,1.17059776,465462400,545048294.8
2021-01-27,1.16067744,1.17059776,1.15075712,1.16067744,268365533,312540926.28
2021-01-28,1.15075712,1.16067744,1.1408368,1.1408368,277397648,320678160.35
2021-01-29,1.15075712,1.15075712,1.13091648,1.1408368,303120288,348479434.62
2021-02-01,1.1408368,1.1408368,1.12099616,1.12099616,348336560,397090950.47
2021-02-02,1.12099616,1.1408368,1.12099616,1.13091648,327764512,372979880.78
2021-02-03,1.13091648,1.24004,1.12099616,1.1904384,1504390048,1790709423.29
2021-02-04,1.17059776,1.18051808,1.13091648,1.16067744,794297952,921289892.23
2021-02-05,1.15075712,1.16067744,1.12099616,1.12099616,549188816,628358543.66
2021-02-08,1.12099616,1.1408368,1.11107584,1.13091648,413022048,468348401.63
2021-02-09,1.12099616,1.1408368,1.11107584,1.13091648,332180064,377980950.73
2021-02-10,1.12099616,1.16067744,1.12099616,1.1408368,447320224,514214794.34
2021-02-18,1.16067744,1.21027904,1.15075712,1.1904384,856802992,1016264014.12
2021-02-19,1.18051808,1.21027904,1.16067744,1.1904384,618783136,737789020.85
2021-02-22,1.21027904,1.30948224,1.20035872,1.30948224,1773770272,2298250961.86
2021-02-23,1.3392432,1.4384464,1.2896416,1.4384464,2267554512,3110289894.7
2021-02-24,1.42852608,1.49796832,1.36900416,1.39876512,1939822720,2785663620.13
2021-02-25,1.45828704,1.5376496,1.41860576,1.488048,2549156496,3869756160.69
2021-02-26,1.3888448,1.60709184,1.34916352,1.52772928,2144842816,3218527683.59
2021-03-01,1.51780896,1.67653408,1.488048,1.67653408,1714629840,2757754409.04
2021-03-02,1.7856576,1.84517952,1.71621536,1.74597632,3113115488,5650219554.25
2021-03-03,1.6864544,1.92454208,1.67653408,1.92454208,2693407344,4969306745.7
2021-03-04,1.90470144,2.11302816,1.86502016,2.11302816,3496153296,7152252380.27
2021-03-05,2.1328688,2.21223136,1.984064,2.06342656,2898865488,6160562793.55
2021-03-08,2.1328688,2.22215168,1.85509984,1.92454208,3607391024,7432449922.03
2021-03-09,1.82533888,2.00390464,1.79557792,1.8352592,2848038928,5437615693.62
2021-03-10,1.85509984,1.85509984,1.69637472,1.77573728,2441524432,4315750062.0
2021-03-11,1.75589664,1.8848608,1.72613568,1.84517952,2221940992,4071574664.37
2021-03-12,1.84517952,1.89478112,1.76581696,1.7856576,1958473392,3577446721.62
2021-03-15,1.75589664,1.95430304,1.74597632,1.89478112,2658486928,5035944675.85
2021-03-16,1.86502016,1.8848608,1.7856576,1.8352592,1701019712,3135267798.89
2021-03-17,1.80549824,1.82533888,1.75589664,1.7856576,1118424640,2011721707.83
2021-03-18,1.7856576,1.79557792,1.736056,1.74597632,1149883264,2036145248.98
2021-03-19,1.70629504,1.74597632,1.66661376,1.69637472,1149673904,1974537176.79
2021-03-22,1.69637472,1.72613568,1.6368528,1.66661376,1216347328,2055509636.71
2021-03-23,1.65669344,1.66661376,1.57733088,1.5872512,1247333904,2023953229.09
2021-03-24,1.56741056,1.5872512,1.51780896,1.52772928,1068813664,1666476635.53
2021-03-25,1.52772928,1.6368528,1.51780896,1.56741056,1233258592,1961036915.23
2021-03-26,1.54756992,1.61701216,1.5376496,1.59717152,1138910848,1807263008.9
2021-03-29,1.59717152,1.60709184,1.55749024,1.56741056,778993472,1241254916.66
2021-03-30,1.54756992,1.64677312,1.50788864,1.61701216,1363365232,2183784337.97
2021-03-31,1.5872512,1.5872512,1.5376496,1.54756992,804703104,1263101735.29
2021-04-01,1.54756992,1.57733088,1.50788864,1.57733088,898517968,1399148099.62
2021-04-02,1.55749024,1.55749024,1.51780896,1.52772928,651392720,1006007410.13
2021-04-06,1.52772928,1.56741056,1.52772928,1.5376496,508710320,793578270.05
2021-04-07,1.5376496,1.62693248,1.52772928,1.62693248,1343236864,2144783672.88
2021-04-08,1.61701216,1.6864544,1.59717152,1.61701216,1540589360,2542641470.38
2021-04-09,1.62693248,1.64677312,1.57733088,1.59717152,888530048,1438039143.24
2021-04-12,1.5872512,1.6368528,1.56741056,1.62693248,1000531584,1624622966.0
2021-04-13,1.60709184,1.60709184,1.54756992,1.55749024,785923136,1241601602.48
2021-04-14,1.5376496,1.5872512,1.5376496,1.56741056,552190000,870377393.78
2021-04-15,1.56741056,1.5872512,1.54756992,1.56741056,500349968,789115412.32
2021-04-16,1.55749024,1.57733088,1.54756992,1.55749024,525781648,827608171.44
2021-04-19,1.55749024,1.57733088,1.5376496,1.56741056,604997520,952612084.43
2021-04-20,1.55749024,1.61701216,1.54756992,1.59717152,985325424,1576482606.02
2021-04-21,1.57733088,1.57733088,1.5376496,1.54756992,759349872,1191812830.7
2021-04-22,1.54756992,1.57733088,1.5376496,1.55749024,523650880,824760850.39
2021-04-23,1.55749024,1.56741056,1.5376496,1.54756992,528663424,824903379.22
2021-04-26,1.55749024,1.56741056,1.5376496,1.5376496,418797488,655174416.01
2021-04-27,1.5376496,1.54756992,1.46820736,1.47812768,742519920,1122510456.94
2021-04-28,1.47812768,1.52772928,1.44836672,1.50788864,586811280,877217499.21
2021-04-29,1.49796832,1.49796832,1.45828704,1.47812768,498477360,741579495.83
2021-04-30,1.47812768,1.49796832,1.44836672,1.45828704,494973424,734922008.66
2021-05-06,1.46820736,1.52772928,1.46820736,1.51780896,890172320,1349350664.16
2021-05-07,1.51780896,1.66661376,1.50788864,1.66661376,1351775360,2182700162.56
2021-05-10,1.736056,1.8352592,1.71621536,1.8352592,2482732544,4473797090.0
2021-05-11,1.79557792,1.81541856,1.72613568,1.77573728,1746158544,3126070072.82
2021-05-12,1.75589664,1.8848608,1.74597632,1.8352592,1421265744,2616916679.29
2021-05-13,1.7856576,1.79557792,1.67653408,1.70629504,1396962512,2436934479.41
2021-05-14,1.6864544,1.71621536,1.64677312,1.67653408,898498688,1518878411.05
2021-05-17,1.66661376,1.69637472,1.62693248,1.66661376,822075520,1371986968.56
2021-05-18,1.67653408,1.70629504,1.65669344,1.66661376,621629392,1053030075.41
2021-05-19,1.64677312,1.65669344,1.61701216,1.6368528,643173616,1059380488.37
2021-05-20,1.5872512,1.5872512,1.52772928,1.55749024,894612640,1398648886.29
2021-05-21,1.54756992,1.64677312,1.5376496,1.60709184,780668800,1255905876.71
2021-05-24,1.56741056,1.61701216,1.55749024,1.57733088,488462560,778838945.15
2021-05-25,1.57733088,1.60709184,1.55749024,1.5872512,490150816,783183028.72
2021-05-26,1.57733088,1.62693248,1.56741056,1.60709184,667372160,1074861275.03
2021-05-27,1.59717152,1.6368528,1.5872512,1.59717152,564876832,914517907.13
2021-05-28,1.62693248,1.6368528,1.57733088,1.5872512,556311760,901826853.56
2021-05-31,1.59717152,1.6368528,1.5872512,1.62693248,597062352,972697010.51
2021-06-01,1.60709184,1.61701216,1.56741056,1.60709184,582612384,934231955.69
2021-06-02,1.60709184,1.61701216,1.57733088,1.5872512,467301392,751160985.14
2021-06-03,1.57733088,1.70629504,1.57733088,1.65669344,1369875872,2267961591.38
2021-06-04,1.62693248,1.62693248,1.60709184,1.61701216,675500416,1101179494.5
2021-06-07,1.61701216,1.6368528,1.59717152,1.60709184,470619552,764781749.2
2021-06-08,1.59717152,1.60709184,1.57733088,1.5872512,449881216,722310557.98
2021-06-09,1.59717152,1.62693248,1.5872512,1.60709184,453848848,737781917.14
2021-06-10,1.60709184,1.61701216,1.5872512,1.59717152,429898528,693695302.28
2021-06-11,1.59717152,1.60709184,1.57733088,1.59717152,479705712,770741945.84
2021-06-15,1.5872512,1.59717152,1.54756992,1.55749024,484429008,764554021.96
2021-06-16,1.56741056,1.5872512,1.55749024,1.55749024,355717808,563606848.09
2021-06-17,1.55749024,1.56741056,1.5376496,1.5376496,345750448,539277987.14
2021-06-18,1.52772928,1.54756992,1.49796832,1.5376496,430610976,660578879.19
2021-06-21,1.5376496,1.57733088,1.5376496,1.54756992,426370128,667800445.8
2021-06-22,1.5376496,1.57733088,1.52772928,1.55749024,454288256,709683208.28
2021-06-23,1.54756992,1.55749024,1.52772928,1.54756992,371941856,578461865.6
2021-06-24,1.54756992,1.55749024,1.52772928,1.5376496,379438288,590078238.58
2021-06-25,1.5376496,1.59717152,1.52772928,1.5872512,834220944,1323070389.24
2021-06-28,1.57733088,1.5872512,1.54756992,1.57733088,585149632,921518678.93
2021-06-29,1.56741056,1.56741056,1.5376496,1.5376496,529116240,825372237.09
2021-06-30,1.5376496,1.55749024,1.52772928,1.5376496,252359913,393196543.25
2021-07-01,1.5376496,1.54756992,1.50788864,1.51780896,372362544,573815412.5
2021-07-02,1.50788864,1.54756992,1.49796832,1.51780896,435285584,667718505.45
2021-07-05,1.51780896,1.57733088,1.50788864,1.56741056,736190336,1153158010.87
2021-07-06,1.56741056,1.5872512,1.5376496,1.55749024,662398304,1043037733.82
2021-07-07,1.54756992,1.71621536,1.5376496,1.6864544,2275642768,3805218502.86
2021-07-08,1.66661376,1.77573728,1.65669344,1.67653408,2066181104,3581519239.32
2021-07-09,1.65669344,1.84517952,1.64677312,1.84517952,2320042224,4160433975.56
2021-07-12,1.92454208,2.0336656,1.90470144,1.96422336,2993669520,5996642106.14
2021-07-13,2.0336656,2.16262976,1.9344624,2.16262976,2192653152,4541858707.37
2021-07-14,2.22215168,2.29159392,2.06342656,2.07334688,3011623696,6592169863.61
2021-07-15,2.06342656,2.2816736,1.97414368,2.232072,3083836224,6601371380.11
2021-07-16,2.16262976,2.25191264,2.10310784,2.1328688,2260138768,4963746153.46
2021-07-19,2.0832672,2.232072,2.07334688,2.10310784,1715696752,3721187732.6
2021-07-20,2.0832672,2.20231104,2.07334688,2.1328688,1323475712,2845222162.47
2021-07-21,2.16262976,2.35111584,2.11302816,2.35111584,2419960720,5536152813.46
2021-07-22,2.40071744,2.58920352,2.36103616,2.58920352,2774628368,6967248588.37
2021-07-23,2.68840672,2.83721152,2.51976128,2.66856608,3472217952,9360797053.98
2021-07-26,2.65864576,2.68840672,2.46023936,2.56936288,2381113648,6212685939.23
2021-07-27,2.56936288,2.75784896,2.4304784,2.50984096,2741055584,7246457864.8
2021-07-28,2.44039872,2.55944256,2.26183296,2.41063776,1869200592,4563473473.72
2021-07-29,2.50984096,2.64872544,2.44039872,2.64872544,2019911440,5255445198.66
2021-07-30,2.68840672,2.90665376,2.59912384,2.8272912,2749217904,7542543520.46
2021-08-02,2.7776896,2.81737088,2.59912384,2.66856608,2439509792,6634730642.16
2021-08-03,2.60904416,2.65864576,2.41063776,2.48008,1972838672,5010697872.98
2021-08-04,2.46023936,2.728088,2.44039872,2.728088,2487864944,6664604352.82
2021-08-05,2.6784864,2.74792864,2.53960192,2.69832704,2255900240,6013052900.07
2021-08-06,2.6784864,2.84713184,2.66856608,2.74792864,1898017120,5301526111.99
2021-08-09,2.6784864,2.73800832,2.60904416,2.69832704,1480964320,3985547210.78
2021-08-10,2.64872544,2.728088,2.58920352,2.65864576,1255414352,3357013834.17
2021-08-11,2.6288848,2.73800832,2.5792832,2.65864576,1447899888,3874545472.5
2021-08-12,2.64872544,2.8768928,2.58920352,2.76776928,1831850272,5071817862.92
2021-08-13,2.728088,2.85705216,2.6784864,2.75784896,1675337952,4680271663.41
2021-08-16,2.68840672,2.7776896,2.61896448,2.64872544,1619070288,4384893953.78
2021-08-17,2.64872544,2.71816768,2.59912384,2.61896448,1213697248,3249503577.3
2021-08-18,2.59912384,2.64872544,2.56936288,2.59912384,966346880,2536453151.18
2021-08-19,2.56936288,2.60904416,2.48008,2.53960192,1255056096,3196886072.94
2021-08-20,2.50984096,2.58920352,2.47015968,2.58920352,1026901504,2626911984.92
2021-08-23,2.60904416,2.73800832,2.56936288,2.69832704,1545918032,4136451973.15
2021-08-24,2.68840672,2.96617568,2.66856608,2.96617568,2742817232,7963098400.93
2021-08-25,3.0256976,3.11498048,2.93641472,3.03561792,2408561312,7339835871.8
2021-08-26,3.03561792,3.34314784,3.0256976,3.28362592,2446628960,7895982036.5
2021-08-27,3.3233072,3.41259008,3.18442272,3.29354624,2027969360,6755815799.28
2021-08-30,3.34314784,3.5217136,3.2737056,3.39274944,2104067872,7173434898.36
2021-08-31,3.34314784,3.73004032,3.33322752,3.73004032,1550756016,5631181415.07
2021-09-01,4.10701248,4.10701248,3.73004032,3.7697216,4114453024,16328002483.63
2021-09-02,3.7697216,4.09709216,3.63083712,3.92844672,2899276560,11251976983.41
2021-09-03,3.8689248,4.02764992,3.53163392,3.64075744,3174896640,11916412011.7
2021-09-06,3.55147456,3.6209168,3.34314784,3.55147456,2182522944,7659067480.72
2021-09-07,3.54155424,3.79948256,3.5217136,3.72012,2289382576,8416441220.76
2021-09-08,3.6705184,3.94828736,3.6209168,3.77964192,2064639728,7922311278.52
2021-09-09,3.72012,3.89868576,3.71019968,3.85900448,1949496608,7472753691.19
2021-09-10,3.8193232,3.84908416,3.6705184,3.72012,1762691520,6659051591.77
2021-09-13,3.6705184,3.90860608,3.63083712,3.77964192,1750696464,6688326832.32
2021-09-14,3.7697216,3.77964192,3.55147456,3.63083712,1630588224,6012311189.28
2021-09-15,3.6209168,3.70027936,3.59115584,3.64075744,1072876496,3936458649.51
2021-09-16,3.69035904,3.8193232,3.58123552,3.59115584,1739021280,6490095628.4
2021-09-17,3.5217136,3.6209168,3.23402432,3.35306816,2035530192,6982186096.54
2021-09-22,3.2737056,3.40266976,3.18442272,3.38282912,1083927952,3644470785.48
2021-09-23,3.41259008,3.72012,3.38282912,3.72012,2600060288,9489866938.31
2021-09-24,3.73996064,3.77964192,3.472112,3.5217136,2140620176,7796083274.49
2021-09-27,3.44235104,3.45227136,3.1745024,3.1745024,1638131968,5350639188.34
2021-09-28,3.06537888,3.20426336,3.0256976,3.16458208,1137632928,3571601725.82
2021-09-29,3.10506016,3.19434304,2.95625536,3.05545856,1246054656,3863004169.19
2021-09-30,3.0752992,3.19434304,3.06537888,3.14474144,955721040,3021051413.97
2021-10-08,3.224104,3.24394464,3.01577728,3.05545856,902490896,2807524702.29
2021-10-11,3.01577728,3.05545856,2.85705216,2.99593664,946868768,2829120874.68
2021-10-12,2.96617568,3.0256976,2.78760992,2.84713184,1024853824,2972850895.91
2021-10-13,2.8272912,2.94633504,2.78760992,2.88681312,786911632,2268233986.83
2021-10-14,2.84713184,2.93641472,2.79753024,2.8768928,635897040,1845038330.54
2021-10-15,2.89673344,2.91657408,2.84713184,2.88681312,570538192,1658333958.53
2021-10-18,2.86697248,2.9264944,2.83721152,2.89673344,738969024,2148819942.45
2021-10-19,2.8768928,2.9264944,2.80745056,2.89673344,752492672,2175316486.87
2021-10-20,2.85705216,3.05545856,2.8272912,2.98601632,1324621632,3962863516.35
2021-10-21,2.99593664,3.14474144,2.93641472,3.03561792,1573909104,4840620504.35
2021-10-22,2.976096,2.99593664,2.83721152,2.85705216,1231363376,3607086245.76
2021-10-25,2.81737088,2.93641472,2.728088,2.91657408,1233188688,3516007121.71
2021-10-26,2.88681312,3.05545856,2.86697248,2.976096,1256577824,3781401118.67
2021-10-27,2.94633504,3.0256976,2.90665376,2.95625536,875376400,2623858002.3
2021-10-28,2.9264944,2.94633504,2.73800832,2.74792864,1219184528,3456470112.28
2021-10-29,2.74792864,2.79753024,2.71816768,2.78760992,677125040,1887362334.72
2021-11-01,2.7776896,2.78760992,2.65864576,2.68840672,1074349024,2944117237.25
2021-11-02,2.65864576,2.70824736,2.54952224,2.59912384,961136560,2540459541.09
2021-11-03,2.59912384,2.65864576,2.53960192,2.6288848,836977360,2196822430.73
2021-11-04,2.61896448,2.63880512,2.5792832,2.61896448,560114176,1472597720.62
2021-11-05,2.59912384,2.59912384,2.49000032,2.49000032,896139904,2297666489.0
2021-11-08,2.49992064,2.728088,2.49992064,2.65864576,1443662720,3851593423.79
2021-11-09,2.6288848,2.63880512,2.56936288,2.5792832,896989792,2348321123.18
2021-11-10,2.55944256,2.5792832,2.49000032,2.54952224,782021104,1994891059.53
2021-11-11,2.55944256,2.61896448,2.53960192,2.5792832,792822736,2055843696.23
2021-11-12,2.56936288,2.63880512,2.55944256,2.5792832,863819792,2263849644.37
2021-11-15,2.55944256,2.56936288,2.47015968,2.49992064,725557696,1828109174.66
2021-11-16,2.49000032,2.51976128,2.39079712,2.40071744,861781872,2129288715.05
2021-11-17,2.40071744,2.48008,2.39079712,2.44039872,730306928,1798171008.55
2021-11-18,2.4304784,2.50984096,2.42055808,2.48008,809044240,2015422306.83
2021-11-19,2.47015968,2.49992064,2.42055808,2.49992064,644124080,1598227733.02
2021-11-22,2.49992064,2.59912384,2.48008,2.5792832,994522256,2553979316.38
2021-11-23,2.69832704,2.83721152,2.69832704,2.75784896,2542750288,7150279567.78
2021-11-24,2.6784864,2.95625536,2.6784864,2.8768928,2247129136,6450187773.38
2021-11-25,2.88681312,2.9264944,2.80745056,2.81737088,1324818432,3818536521.84
2021-11-26,2.7776896,3.05545856,2.75784896,3.01577728,1889320832,5642683422.12
2021-11-29,2.9264944,2.98601632,2.88681312,2.94633504,1334955296,3949514591.57
2021-11-30,2.976096,3.01577728,2.85705216,2.86697248,1093345744,3203462314.01
2021-12-01,2.84713184,2.89673344,2.79753024,2.84713184,750533376,2149352472.29
2021-12-02,2.83721152,2.96617568,2.79753024,2.91657408,1267442464,3674770131.12
2021-12-03,2.88681312,2.89673344,2.78760992,2.84713184,860073680,2461058487.02
2021-12-06,2.83721152,2.90665376,2.8272912,2.84713184,806961216,2327081073.29
2021-12-07,2.86697248,2.8768928,2.728088,2.7776896,879676800,2471657208.47
2021-12-08,2.7776896,2.90665376,2.75784896,2.85705216,980079744,2814137053.72
2021-12-09,2.85705216,3.13482112,2.84713184,3.01577728,1742480224,5280992464.76
2021-12-10,2.976096,2.98601632,2.89673344,2.93641472,1194805568,3525657487.55
2021-12-13,2.91657408,2.976096,2.85705216,2.96617568,1023739760,3006592784.12
2021-12-14,2.95625536,3.01577728,2.89673344,2.91657408,910523952,2705497039.86
2021-12-15,2.88681312,3.0752992,2.8768928,3.01577728,1691916016,5124641790.93
2021-12-16,2.99593664,3.09513984,2.98601632,3.09513984,1305388912,4003941876.38
2021-12-17,3.08521952,3.18442272,3.05545856,3.05545856,1266695312,3974322904.99
2021-12-20,3.06537888,3.19434304,3.05545856,3.08521952,1248566528,3926182335.45
2021-12-21,3.06537888,3.11498048,2.98601632,3.06537888,784985680,2405936869.79
2021-12-22,3.0752992,3.08521952,2.976096,2.98601632,858928672,2611785911.4
2021-12-23,2.99593664,3.05545856,2.976096,3.0256976,862998000,2625492118.04
2021-12-24,3.0256976,3.03561792,2.84713184,2.85705216,1235315584,3616647936.02
2021-12-27,2.7776896,2.8272912,2.68840672,2.75784896,817854864,2275778933.36
2021-12-28,2.74792864,2.81737088,2.728088,2.81737088,655486624,1836067878.14
2021-12-29,2.80745056,2.8272912,2.73800832,2.75784896,618704752,1731515379.37
2021-12-30,2.76776928,2.80745056,2.73800832,2.74792864,542521248,1513984971.07
2021-12-31,2.728088,2.7776896,2.728088,2.76776928,480959168,1334136034.96
2022-01-04,2.7776896,2.80745056,2.74792864,2.76776928,548999616,1533193774.39
2022-01-05,2.76776928,2.76776928,2.60904416,2.64872544,871508176,2350819373.55
2022-01-06,2.6288848,2.74792864,2.61896448,2.69832704,758459504,2067432777.91
2022-01-07,2.69832704,2.79753024,2.69832704,2.76776928,1020988160,2852775379.71
2022-01-10,2.85705216,2.85705216,2.74792864,2.80745056,1090332224,3084514533.41
2022-01-11,2.81737088,2.88681312,2.78760992,2.8272912,816981328,2343485297.27
2022-01-12,2.70824736,2.728088,2.63880512,2.70824736,1347488496,3641615187.9
2022-01-13,2.6784864,2.68840672,2.6288848,2.64872544,694118816,1855273630.47
2022-01-14,2.63880512,2.63880512,2.5792832,2.60904416,738022736,1937805637.66
2022-01-17,2.5792832,2.58920352,2.50984096,2.53960192,676714928,1734164424.44
2022-01-18,2.53960192,2.58920352,2.5296816,2.55944256,366372560,946392796.4
2022-01-19,2.56936288,2.58920352,2.5296816,2.54952224,449149984,1160308053.26
2022-01-20,2.55944256,2.5792832,2.48008,2.50984096,514260704,1307966401.19
2022-01-21,2.49992064,2.49992064,2.44039872,2.44039872,503626432,1253893284.36
2022-01-24,2.4304784,2.50984096,2.40071744,2.49000032,462873008,1151780702.87
2022-01-25,2.47015968,2.50984096,2.39079712,2.39079712,520276000,1277060702.71
2022-01-26,2.39079712,2.44039872,2.39079712,2.41063776,326273696,793109804.27
2022-01-27,2.41063776,2.42055808,2.30151424,2.32135488,554144448,1312851269.49
2022-01-28,2.3312752,2.36103616,2.26183296,2.32135488,513805680,1196331036.6
2022-02-07,2.36103616,2.49000032,2.36103616,2.48008,738713760,1823451693.92
2022-02-08,2.49000032,2.51976128,2.44039872,2.51976128,636558512,1592299204.37
2022-02-09,2.51976128,2.55944256,2.49992064,2.53960192,640250192,1634768768.11
2022-02-10,2.53960192,2.56936288,2.49992064,2.5296816,523310912,1335928761.9
2022-02-11,2.50984096,2.53960192,2.48008,2.49000032,440679184,1115494043.73
2022-02-14,2.48008,2.51976128,2.45031904,2.48008,410298464,1028012321.33
2022-02-15,2.49000032,2.50984096,2.46023936,2.48008,441242240,1104271499.76
2022-02-16,2.49000032,2.59912384,2.48008,2.55944256,802598000,2069434503.77
2022-02-17,2.54952224,2.61896448,2.53960192,2.58920352,802799120,2087098672.43
2022-02-18,2.55944256,2.59912384,2.54952224,2.58920352,527670176,1369078989.18
2022-02-21,2.58920352,2.60904416,2.53960192,2.56936288,491260256,1270560187.55
2022-02-22,2.54952224,2.56936288,2.49992064,2.54952224,522396528,1332928444.79
2022-02-23,2.53960192,2.55944256,2.51976128,2.55944256,454525328,1166079288.8
2022-02-24,2.53960192,2.60904416,2.45031904,2.49000032,876418064,2237244199.26
2022-02-25,2.50984096,2.728088,2.49992064,2.63880512,1780110976,4750369751.04
2022-02-28,2.6288848,2.65864576,2.59912384,2.65864576,951364848,2521211952.0
2022-03-01,2.65864576,2.65864576,2.58920352,2.61896448,650504384,1717842272.0
2022-03-02,2.59912384,2.63880512,2.5792832,2.60904416,502243856,1324251408.0
2022-03-03,2.61896448,2.64872544,2.59912384,2.61896448,666794880,1762319200.0
2022-03-04,2.59912384,2.59912384,2.5296816,2.55944256,640359840,1656679040.0
2022-03-07,2.49992064,2.53960192,2.46023936,2.48008,762827808,1920144080.0
2022-03-08,2.47015968,2.49000032,2.3808768,2.39079712,639242432,1559482608.0
2022-03-09,2.40071744,2.41063776,2.26183296,2.36103616,691209152,1629375536.0
2022-03-10,2.39079712,2.41063776,2.36103616,2.3808768,428961152,1031544992.0
2022-03-11,2.35111584,2.3808768,2.30151424,2.37095648,453948736,1066690480.0
2022-03-14,2.34119552,2.36103616,2.29159392,2.29159392,392275936,919410688.0
2022-03-15,2.27175328,2.27175328,2.11302816,2.11302816,761001984,1680967520.0
2022-03-16,2.14278912,2.232072,2.09318752,2.22215168,723559504,1578340928.0
2022-03-17,2.25191264,2.29159392,2.24199232,2.25191264,579542816,1325073536.0
2022-03-18,2.25191264,2.27175328,2.232072,2.26183296,407136880,925000851.87
2022-03-21,2.27175328,2.2816736,2.232072,2.25191264,399310272,909455945.06
2022-03-22,2.25191264,2.30151424,2.232072,2.2816736,514062704,1178594856.12
2022-03-23,2.2816736,2.2816736,2.24199232,2.26183296,378558464,861808735.38
2022-03-24,2.24199232,2.26183296,2.21223136,2.232072,368403008,829103692.25
2022-03-25,2.24199232,2.25191264,2.20231104,2.20231104,296243344,664902887.42
2022-03-28,2.1824704,2.232072,2.14278912,2.232072,393139536,868538990.9
2022-03-29,2.22215168,2.232072,2.19239072,2.20231104,266637717,594210260.97
2022-03-30,2.22215168,2.25191264,2.21223136,2.232072,345579824,777177799.34
2022-03-31,2.232072,2.24199232,2.21223136,2.21223136,287151600,643522389.32
2022-04-01,2.20231104,2.232072,2.19239072,2.22215168,267746690,596991608.57
2022-04-06,2.22215168,2.31143456,2.20231104,2.30151424,688199696,1571130080.51
2022-04-07,2.2816736,2.3312752,2.25191264,2.26183296,640326112,1479443254.54
2022-04-08,2.25191264,2.2816736,2.19239072,2.26183296,503341792,1135864802.05
2022-04-11,2.25191264,2.25191264,2.14278912,2.16262976,617970896,1364365682.1
2022-04-12,2.15270944,2.20231104,2.14278912,2.19239072,390880384,856241297.36
2022-04-13,2.1824704,2.21223136,2.15270944,2.1824704,373917712,822668395.68
2022-04-14,2.19239072,2.22215168,2.1824704,2.21223136,336111488,746723771.22
2022-04-15,2.20231104,2.29159392,2.19239072,2.22215168,531497408,1201715415.8
2022-04-18,2.20231104,2.20231104,2.16262976,2.17255008,395152592,865684786.58
2022-04-19,2.17255008,2.20231104,2.16262976,2.19239072,325281312,715744328.74
2022-04-20,2.1824704,2.19239072,2.11302816,2.12294848,495394256,1069390238.9
2022-04-21,2.11302816,2.11302816,2.01382496,2.02374528,478742992,994190964.89
2022-04-22,2.00390464,2.01382496,1.95430304,1.99398432,361053312,723379274.05
2022-04-25,1.95430304,1.96422336,1.81541856,1.82533888,584723760,1111532761.52
2022-04-26,1.80549824,1.85509984,1.76581696,1.77573728,495343312,900091150.42
2022-04-27,1.74597632,1.86502016,1.736056,1.86502016,581895328,1057613535.36
2022-04-28,1.84517952,1.84517952,1.7856576,1.80549824,462063936,844327721.32
2022-04-29,1.81541856,1.87494048,1.81541856,1.86502016,480222384,893014949.7
2022-05-05,1.84517952,1.8848608,1.8352592,1.84517952,421549728,789799162.16
2022-05-06,1.80549824,1.80549824,1.76581696,1.7856576,325744336,587436101.24
2022-05-09,1.77573728,1.85509984,1.76581696,1.82533888,355500432,655875397.24
2022-05-10,1.80549824,1.84517952,1.7856576,1.8352592,364751792,668015028.75
2022-05-11,1.8352592,1.92454208,1.82533888,1.87494048,718975648,1361826163.35
2022-05-12,1.85509984,1.87494048,1.82533888,1.84517952,538119408,1001736519.78
2022-05-13,1.84517952,1.85509984,1.81541856,1.8352592,298912768,552446786.0
2022-05-16,1.84517952,1.86502016,1.82533888,1.84517952,268731040,499545013.26
2022-05-17,1.84517952,1.86502016,1.82533888,1.86502016,337931056,629947837.16
2022-05-18,1.85509984,1.86502016,1.8352592,1.84517952,280824560,523235932.26
2022-05-19,1.81541856,1.84517952,1.79557792,1.84517952,389417312,715575234.32
2022-05-20,1.84517952,1.89478112,1.84517952,1.8848608,573821936,1083442127.14
2022-05-23,1.90470144,2.07334688,1.8848608,2.07334688,1332313840,2738238268.05
2022-05-24,2.07334688,2.14278912,2.0336656,2.0336656,1467055520,3083729364.98
2022-05-25,2.0336656,2.05350624,1.99398432,2.01382496,746085536,1519473062.02
2022-05-26,2.01382496,2.02374528,1.94438272,1.99398432,669083968,1338191649.14
2022-05-27,2.00390464,2.01382496,1.95430304,1.984064,497581872,995788158.09
2022-05-30,1.99398432,2.02374528,1.96422336,1.984064,434481648,871283732.09
2022-05-31,1.984064,2.00390464,1.96422336,1.99398432,413057376,826959586.87
2022-06-01,1.99398432,2.00390464,1.96422336,1.984064,361755312,723972892.31
2022-06-02,1.96422336,2.07334688,1.96422336,2.05350624,815489168,1673540363.62
2022-06-06,2.0336656,2.12294848,2.02374528,2.11302816,875897264,1832354007.03
2022-06-07,2.10310784,2.11302816,2.06342656,2.07334688,594434544,1249287232.6
2022-06-08,2.07334688,2.1328688,2.06342656,2.12294848,797366144,1692170102.7
2022-06-09,2.11302816,2.15270944,2.09318752,2.09318752,602451104,1284442083.93
2022-06-10,2.07334688,2.1328688,2.06342656,2.12294848,810516144,1725087157.12
2022-06-13,2.10310784,2.17255008,2.09318752,2.14278912,790459376,1700845321.3
2022-06-14,2.11302816,2.15270944,2.0832672,2.15270944,629027440,1341691228.22
2022-06-15,2.14278912,2.16262976,2.10310784,2.12294848,568610736,1221252192.62
2022-06-16,2.11302816,2.17255008,2.10310784,2.10310784,593975568,1277417613.66
2022-06-17,2.0832672,2.12294848,2.07334688,2.11302816,470314272,995121029.55
2022-06-20,2.10310784,2.12294848,2.0832672,2.0832672,410333152,866570491.28
2022-06-21,2.09318752,2.29159392,2.07334688,2.21223136,1860840768,4148973711.49
2022-06-22,2.25191264,2.4304784,2.232072,2.4304784,2321916960,5513695383.71
2022-06-23,2.45031904,2.54952224,2.34119552,2.4304784,2694188176,6621622080.63
2022-06-24,2.3808768,2.66856608,2.37095648,2.61896448,2480146912,6389088772.0
2022-06-27,2.64872544,2.68840672,2.56936288,2.6288848,1817037072,4816908085.15
2022-06-28,2.6288848,2.63880512,2.45031904,2.49000032,1723308416,4351568276.39
2022-06-29,2.47,2.49,2.36,2.37,1131144752,2729965710.97
2022-06-30,2.38,2.43,2.33,2.35,936865296,2222948474.38
2022-07-01,2.33,2.54,2.29,2.49,1324844496,3173623940.78
2022-07-04,2.45,2.48,2.4,2.41,822351168,1997515080.05
2022-07-05,2.37,2.52,2.35,2.44,1083544192,2647893436.76
2022-07-06,2.4,2.42,2.35,2.37,696791376,1656625596.88
2022-07-07,2.35,2.42,2.35,2.37,549465200,1313411243.54
2022-07-08,2.38,2.41,2.35,2.36,481919276,1145352956.2
2022-07-11,2.35,2.36,2.25,2.28,670296509,1534914038.79
2022-07-12,2.27,2.31,2.25,2.26,430817984,981873700.74
2022-07-13,2.26,2.28,2.24,2.26,359243168,811129969.63
2022-07-14,2.25,2.26,2.2,2.22,487601892,1084298133.13
2022-07-15,2.15,2.21,2.11,2.13,658961616,1420035785.76
2022-07-18,2.09,2.17,2.07,2.16,519926377,1113184281.79
2022-07-19,2.16,2.25,2.15,2.18,574035627,1265802148.51
2022-07-20,2.18,2.21,2.16,2.17,368297337,800864333.74
2022-07-21,2.16,2.23,2.14,2.18,581598510,1269495353.09
2022-07-22,2.17,2.19,2.13,2.14,389057077,837740092.89
2022-07-25,2.14,2.17,2.13,2.14,273558978,587467544.35
2022-07-26,2.14,2.17,2.13,2.16,248955743,535971405.25
2022-07-27,2.15,2.18,2.13,2.16,318712706,686053336.44
2022-07-28,2.16,2.21,2.16,2.19,476317558,1042384753.49
2022-07-29,2.21,2.32,2.21,2.26,833039827,1890206192.93
2022-08-01,2.23,2.24,2.17,2.19,468760238,1027754908.99
2022-08-02,2.16,2.17,2.07,2.1,622023723,1309653340.1
2022-08-03,2.09,2.17,2.08,2.12,527926191,1126349053.87
2022-08-04,2.12,2.14,2.09,2.11,323806314,683666693.0
2022-08-05,2.11,2.15,2.09,2.14,411139407,871967956.0
2022-08-08,2.13,2.16,2.12,2.14,299526105,642075921.0
2022-08-09,2.14,2.18,2.13,2.16,290030964,626844908.0
2022-08-10,2.16,2.19,2.14,2.15,363680345,787112942.0
2022-08-11,2.15,2.18,2.15,2.17,294844439,638434602.0
2022-08-12,2.17,2.2,2.16,2.19,312016235,683197502.0
2022-08-15,2.19,2.24,2.18,2.22,330651957,733127092.53
2022-08-16,2.21,2.22,2.18,2.19,337460841,739856630.72
2022-08-17,2.19,2.19,2.16,2.18,254732545,553167887.22
2022-08-18,2.17,2.18,2.13,2.13,337115758,724565025.35
2022-08-19,2.13,2.15,2.13,2.13,236772779,506197395.55
2022-08-22,2.12,2.15,2.1,2.13,289007428,614709465.92
2022-08-23,2.13,2.14,2.11,2.12,236357307,501003328.55
2022-08-24,2.11,2.14,2.07,2.07,417131636,874530461.66
2022-08-25,2.07,2.09,2.05,2.08,263902703,546507305.85
2022-08-26,2.08,2.11,2.07,2.09,233751420,488513667.2
2022-08-29,2.07,2.08,2.05,2.07,236223047,486961534.36
2022-08-30,2.06,2.08,2.03,2.04,247070477,506479150.78
2022-08-31,2.03,2.04,1.99,2.01,339980808,683077449.28
2022-09-01,2.0,2.03,1.99,2.0,195048729,391911003.2
2022-09-02,2.0,2.01,1.99,2.0,137527628,275244227.24
2022-09-05,2.01,2.04,1.99,2.03,228756070,461706659.01
2022-09-06,2.04,2.06,2.03,2.05,232859680,476653383.34
2022-09-07,2.05,2.07,2.04,2.06,206333614,424422530.94
2022-09-08,2.06,2.07,2.04,2.04,227532924,467467096.12
2022-09-09,2.05,2.07,2.04,2.06,172336671,355025001.29
2022-09-13,2.07,2.08,2.05,2.05,161942519,333661005.54
2022-09-14,2.03,2.04,2.01,2.02,198338224,401651428.96
2022-09-15,2.02,2.04,1.99,2.0,258782428,519714210.09
2022-09-16,2.0,2.0,1.96,1.96,285084717,563289258.39
2022-09-19,1.95,1.96,1.89,1.91,364851354,699264532.03
2022-09-20,1.92,1.98,1.91,1.95,281670218,548298941.59
2022-09-21,1.94,2.0,1.93,1.98,316729536,622572934.31
2022-09-22,1.97,2.01,1.95,1.96,265573334,525506666.46
2022-09-23,1.96,1.99,1.94,1.96,243792286,478985607.72
2022-09-26,1.95,1.95,1.9,1.91,267975670,515063154.95
2022-09-27,1.91,1.93,1.88,1.91,211339577,402092523.92
2022-09-28,1.9,1.91,1.84,1.84,256311861,478232102.44
2022-09-29,1.86,1.87,1.82,1.84,175095962,323987335.72
2022-09-30,1.84,1.86,1.83,1.84,130181371,240939582.26
2022-10-10,1.85,1.88,1.82,1.83,211478632,391651747.42
2022-10-11,1.82,1.84,1.8,1.83,154992020,282756841.69
2022-10-12,1.84,1.87,1.81,1.86,216461848,397844234.01
2022-10-13,1.86,1.91,1.85,1.89,272725001,514553663.11
2022-10-14,1.9,1.91,1.89,1.89,211717439,402362275.03
2022-10-17,1.89,1.93,1.87,1.91,240873353,456954513.82
2022-10-18,1.92,1.93,1.89,1.89,146625841,278800089.8
2022-10-19,1.89,1.89,1.86,1.86,164195991,307708498.56
2022-10-20,1.85,1.88,1.84,1.86,180699339,335776775.75
2022-10-21,1.86,1.88,1.85,1.85,154376094,287384402.24
2022-10-24,1.85,1.88,1.81,1.81,248571240,458048377.18
2022-10-25,1.81,1.83,1.78,1.82,217572186,392412327.32
2022-10-26,1.85,1.94,1.85,1.89,448190356,851840293.83
2022-10-27,1.88,1.9,1.86,1.86,250395339,470738210.55
2022-10-28,1.81,1.81,1.78,1.79,296599303,533382195.14
2022-10-31,1.78,1.8,1.75,1.76,227175794,402814622.28
2022-11-01,1.76,1.83,1.76,1.82,336289433,607329186.24
2022-11-02,1.82,1.89,1.8,1.86,411526431,758509091.62
2022-11-03,1.84,1.86,1.82,1.82,258891007,475451217.52
2022-11-04,1.82,1.88,1.81,1.87,414082403,769258087.55
2022-11-07,1.87,1.97,1.86,1.93,654611793,1270008643.08
2022-11-08,1.93,1.97,1.92,1.94,417135744,810604476.92
2022-11-09,1.98,2.0,1.93,1.93,334630587,653415953.86
2022-11-10,2.01,2.12,1.99,2.12,1589676252,3292004730.31
2022-11-11,2.16,2.2,2.04,2.06,1459644789,3081925787.8
2022-11-14,2.05,2.06,1.97,1.98,789073411,1581239932.16
2022-11-15,1.97,2.0,1.96,1.98,464378882,919571377.78
2022-11-16,1.98,1.99,1.95,1.96,329720579,648522216.5
2022-11-17,1.95,1.96,1.94,1.95,275507994,536985793.5
2022-11-18,1.95,2.01,1.95,1.97,404048530,799253480.81
2022-11-21,1.95,1.95,1.92,1.93,281672720,543960762.54
2022-11-22,1.94,1.98,1.93,1.96,376961426,736304700.38
2022-11-23,1.95,1.98,1.94,1.96,301215692,592716102.29
2022-11-24,1.97,1.98,1.95,1.95,195565857,383029365.82
2022-11-25,1.95,1.98,1.94,1.97,273293127,536852568.48
2022-11-28,1.95,1.96,1.92,1.95,264981463,514038829.42
2022-11-29,1.95,1.99,1.95,1.98,376576490,744337700.38
2022-11-30,1.99,2.01,1.98,1.99,382038895,762236155.28
2022-12-01,2.0,2.01,1.98,1.98,297130064,591707189.73
2022-12-02,1.98,1.99,1.97,1.98,152639261,301645397.26
2022-12-05,1.99,2.07,1.98,2.06,681261638,1383795890.83
2022-12-06,2.05,2.06,2.02,2.04,347749934,709496348.12
2022-12-07,2.03,2.03,1.99,2.0,375925275,754912423.19
2022-12-08,2.0,2.01,1.99,2.0,184586309,369055836.4
2022-12-09,2.0,2.03,1.98,2.02,348223508,699871979.82
2022-12-12,2.02,2.02,1.96,1.97,324275848,643935662.84
2022-12-13,2.03,2.09,2.03,2.04,647788168,1331185852.1
2022-12-14,2.02,2.04,1.99,2.0,323743599,651662920.14
2022-12-15,1.99,2.0,1.97,1.98,264407405,523789678.57
2022-12-16,1.97,2.0,1.96,1.98,236812768,469432969.3
2022-12-19,1.98,1.99,1.92,1.93,354844956,691119300.02
2022-12-20,1.92,1.95,1.92,1.93,192778994,372758343.1
2022-12-21,1.93,1.94,1.91,1.91,127592809,245334491.0
2022-12-22,1.93,1.93,1.87,1.88,205942639,390837438.74
2022-12-23,1.87,1.9,1.86,1.89,130880382,246340351.43
2022-12-26,1.89,1.93,1.89,1.91,142657661,272678513.75
2022-12-27,1.93,1.97,1.92,1.96,231835504,450254928.91
2022-12-28,1.96,1.97,1.95,1.96,163924366,321620073.92
2022-12-29,1.98,1.99,1.92,1.93,241655914,470279324.59
2022-12-30,1.93,1.94,1.91,1.92,148757956,285577033.44
2023-01-03,1.92,1.95,1.91,1.93,197091166,380977037.43
2023-01-04,1.94,1.95,1.93,1.94,182004753,353127655.67
2023-01-05,1.95,1.95,1.93,1.93,132396034,256569196.51
2023-01-06,1.94,1.95,1.93,1.93,145017452,281107608.22
2023-01-09,1.94,1.97,1.93,1.95,350430312,681344158.03
2023-01-10,1.94,1.95,1.91,1.91,196912085,377588880.75
2023-01-11,1.92,1.93,1.91,1.91,193187402,370333145.56
2023-01-12,1.91,1.92,1.89,1.9,195095331,370978609.51
2023-01-13,1.9,1.92,1.89,1.91,147087534,280238553.57
2023-01-16,1.91,1.94,1.91,1.93,205062769,394553951.79
2023-01-17,1.93,1.94,1.91,1.93,146730165,282429793.58
2023-01-18,1.93,1.94,1.92,1.93,144612369,279151592.58
2023-01-19,1.93,1.95,1.92,1.94,211525023,409734508.59
2023-01-20,1.95,2.01,1.94,2.01,549512438,1092620844.66
2023-01-30,2.03,2.07,2.02,2.04,547429370,1118578138.03
2023-01-31,2.01,2.05,2.0,2.04,366899452,742008985.25
2023-02-01,2.04,2.14,2.03,2.1,752503916,1580002493.48
2023-02-02,2.1,2.13,2.07,2.1,523480654,1099650058.39
2023-02-03,2.09,2.1,2.06,2.09,417494416,866651332.46
2023-02-06,2.07,2.09,2.04,2.05,263321657,543117054.82
2023-02-07,2.06,2.08,2.05,2.06,221236490,456365657.24
2023-02-08,2.07,2.08,2.04,2.04,182313450,374996474.03
2023-02-09,2.05,2.07,2.04,2.07,191040547,393621942.18
2023-02-10,2.06,2.07,2.04,2.04,158848616,325805717.47
2023-02-13,2.04,2.05,2.03,2.04,222669925,454286810.34
2023-02-14,2.05,2.07,2.04,2.06,205824848,423265909.8
2023-02-15,2.06,2.06,2.02,2.03,275594020,561553071.8
2023-02-16,2.03,2.05,1.98,1.99,391403304,790278008.61
2023-02-17,2.0,2.04,1.99,2.0,313654989,632933226.57
2023-02-20,2.01,2.04,2.0,2.04,306052858,620074544.37
2023-02-21,2.04,2.1,2.03,2.1,631369432,1311719573.51
2023-02-22,2.09,2.09,2.06,2.07,252336943,523887187.37
2023-02-23,2.08,2.08,2.05,2.06,199607787,411601906.85
2023-02-24,2.05,2.06,2.02,2.04,280167720,571410395.4
2023-02-27,2.04,2.1,2.03,2.05,386017576,799891084.94
2023-02-28,2.05,2.06,2.03,2.05,244155966,499021391.42
2023-03-01,2.06,2.08,2.04,2.07,237187193,489216155.08
2023-03-02,2.04,2.06,2.03,2.04,281600677,575433056.24
2023-03-03,2.05,2.07,2.04,2.06,249824795,513463423.56
2023-03-06,2.07,2.07,2.04,2.04,175884453,360142528.15
2023-03-07,2.04,2.05,2.0,2.01,315442225,639977124.71
2023-03-08,2.0,2.02,1.99,2.01,226259281,453453492.4
2023-03-09,2.01,2.02,1.99,2.0,198641316,397671819.74
2023-03-10,1.99,1.99,1.96,1.96,291559563,574481089.88
2023-03-13,1.97,1.99,1.95,1.96,242026545,475625250.07
2023-03-14,1.96,1.98,1.92,1.94,287304918,559607695.65
2023-03-15,1.96,1.98,1.95,1.97,249518125,490868395.79
2023-03-16,1.96,1.97,1.92,1.92,286508602,555148119.76
2023-03-17,1.93,1.95,1.92,1.93,204412503,395821531.87
2023-03-20,1.93,1.95,1.92,1.92,205754914,397888017.71
2023-03-21,1.93,1.94,1.92,1.93,183138236,352903848.99
2023-03-22,1.94,1.94,1.92,1.93,148392005,286202333.41
2023-03-23,1.93,1.93,1.91,1.92,209630340,402210308.97
2023-03-24,1.92,1.93,1.91,1.92,169109883,324079394.52
2023-03-27,1.92,1.93,1.89,1.9,253353596,482480170.9
2023-03-28,1.9,1.91,1.88,1.88,176544504,333363315.0
2023-03-29,1.89,1.9,1.87,1.87,154878819,291735264.91
2023-03-30,1.87,1.88,1.84,1.87,256775488,478053077.86
2023-03-31,1.88,1.9,1.87,1.89,144461880,272769748.4
2023-04-03,1.89,1.91,1.88,1.9,162751109,308833466.27
2023-04-04,1.9,1.92,1.89,1.9,167972406,319649313.34
2023-04-06,1.89,1.9,1.87,1.89,197866263,373126241.08
2023-04-07,1.89,1.9,1.88,1.89,108521337,204784794.08
2023-04-10,1.88,1.88,1.86,1.87,159464600,298416055.4
2023-04-11,1.86,1.89,1.86,1.89,165036287,309727376.96
2023-04-12,1.89,1.91,1.88,1.9,171597063,326031478.08
2023-04-13,1.9,1.92,1.89,1.89,179235020,341458063.0
2023-04-14,1.89,1.91,1.89,1.9,162179748,307874028.39
2023-04-17,1.9,1.92,1.89,1.92,218271294,416532549.85
2023-04-18,1.92,1.92,1.9,1.9,118279758,225581647.97
2023-04-19,1.91,1.91,1.89,1.89,142050120,269720592.8
2023-04-20,1.89,1.9,1.87,1.88,190799742,358273977.54
2023-04-21,1.87,1.89,1.84,1.84,263846228,490427660.97
2023-04-24,1.84,1.84,1.8,1.81,216533529,392415770.1
2023-04-25,1.81,1.82,1.77,1.78,216032051,386369423.17
2023-04-26,1.77,1.81,1.77,1.8,161246368,288959960.43
2023-04-27,1.8,1.81,1.79,1.79,128201859,230432352.21
2023-04-28,1.8,1.82,1.8,1.82,177687271,322144795.31
2023-05-04,1.81,1.83,1.81,1.82,146403880,266728470.0
2023-05-05,1.82,1.83,1.8,1.8,180757124,327261723.2
2023-05-08,1.8,1.86,1.8,1.85,311874316,572638227.0
2023-05-09,1.87,1.91,1.86,1.87,449901275,849332587.44
2023-05-10,1.87,1.89,1.86,1.87,225230798,422236244.85
2023-05-11,1.87,1.88,1.85,1.86,148575694,276276315.1
2023-05-12,1.86,1.86,1.83,1.83,154053882,283709036.86
2023-05-15,1.83,1.86,1.82,1.86,166391843,306680192.95
2023-05-16,1.86,1.86,1.83,1.84,159374402,293783046.7
2023-05-17,1.83,1.86,1.83,1.84,117719309,216974407.28
2023-05-18,1.85,1.86,1.83,1.83,120748532,222451321.16
2023-05-19,1.83,1.85,1.82,1.84,143092858,262261546.33
2023-05-22,1.83,1.88,1.83,1.86,227465046,421871255.06
2023-05-23,1.85,1.86,1.82,1.83,140257235,257762642.4
2023-05-24,1.83,1.84,1.82,1.83,109559193,200194283.68
2023-05-25,1.82,1.84,1.81,1.83,161862247,294752223.57
2023-05-26,1.83,1.84,1.81,1.83,91029492,166206393.72
2023-05-29,1.83,1.84,1.82,1.83,88730477,162174243.94
2023-05-30,1.82,1.83,1.8,1.81,134327253,243387941.19
2023-05-31,1.81,1.83,1.8,1.83,163435808,296456726.17
2023-06-01,1.82,1.85,1.81,1.84,150535654,276241351.7
2023-06-02,1.85,1.87,1.84,1.86,211191993,392465311.07
2023-06-05,1.86,1.87,1.84,1.85,114182020,211253593.8
2023-06-06,1.84,1.85,1.81,1.81,187236519,341911562.1
2023-06-07,1.81,1.83,1.8,1.81,105148014,190507266.1
2023-06-08,1.81,1.82,1.8,1.81,101924714,184437183.14
2023-06-09,1.81,1.83,1.81,1.82,96325611,175367821.42
2023-06-12,1.82,1.83,1.81,1.81,111013582,201812528.26
2023-06-13,1.82,1.82,1.8,1.81,107582026,194682276.66
2023-06-14,1.81,1.82,1.8,1.8,86093035,155633977.0
2023-06-15,1.8,1.82,1.8,1.82,101385794,183518664.62
2023-06-16,1.82,1.83,1.81,1.83,110995805,202547762.3
2023-06-19,1.83,1.83,1.81,1.81,106577498,193852271.38
2023-06-20,1.82,1.82,1.8,1.81,144318951,260989117.98
2023-06-21,1.81,1.81,1.79,1.79,131155453,236060548.95
2023-06-26,1.79,1.79,1.77,1.78,129000283,229711455.54
2023-06-27,1.78,1.8,1.77,1.79,164812376,294747346.17
2023-06-28,1.79,1.8,1.77,1.78,139863666,249207641.68
2023-06-29,1.78,1.79,1.77,1.78,79867763,142315420.14
2023-06-30,1.78,1.8,1.78,1.79,113755249,203867258.22
2023-07-03,1.8,1.82,1.79,1.8,181557235,327861033.21
2023-07-04,1.81,1.84,1.81,1.83,242316860,441552250.2
2023-07-05,1.81,1.92,1.81,1.91,768541681,1442568901.49
2023-07-06,1.89,1.9,1.84,1.85,384588684,714538723.67
2023-07-07,1.84,1.87,1.83,1.85,294899824,544878363.76
2023-07-10,1.83,1.85,1.82,1.84,216168154,396866702.84
2023-07-11,1.84,1.85,1.82,1.83,205260483,375751462.09
2023-07-12,1.84,1.84,1.82,1.82,141057157,257782663.59
2023-07-13,1.83,1.84,1.82,1.83,145649096,266600778.51
2023-07-14,1.82,1.84,1.82,1.82,94362282,172089189.24
2023-07-17,1.82,1.82,1.79,1.8,193643185,348613249.79
2023-07-18,1.8,1.81,1.79,1.8,127504778,229194308.42
2023-07-19,1.8,1.81,1.79,1.81,125502441,226244636.79
2023-07-20,1.81,1.82,1.8,1.8,116654454,211130461.02
2023-07-21,1.8,1.81,1.79,1.8,105500857,189942425.77
2023-07-24,1.8,1.81,1.79,1.79,69114825,124316929.88
2023-07-25,1.81,1.83,1.8,1.82,212849579,386813875.32
2023-07-26,1.82,1.88,1.81,1.86,347674695,642026348.85
2023-07-27,1.85,1.89,1.84,1.86,432299870,805733746.04
2023-07-28,1.86,1.9,1.85,1.89,442785979,834601675.8
2023-07-31,1.89,1.91,1.89,1.89,292064441,554381369.9
2023-08-01,1.89,1.97,1.88,1.93,666319943,1288698983.83
2023-08-02,1.92,1.93,1.9,1.91,378104822,724574999.17
2023-08-03,1.91,1.93,1.9,1.92,278226403,532810218.46
2023-08-04,1.94,1.95,1.9,1.91,248232855,478057770.97
2023-08-07,1.91,1.92,1.89,1.9,188618685,359484965.7
2023-08-08,1.9,1.91,1.88,1.89,178503798,338075121.99
2023-08-09,1.89,1.91,1.88,1.89,171093103,323952197.2
2023-08-10,1.89,1.9,1.87,1.88,160553412,302382789.77
2023-08-11,1.89,1.89,1.84,1.84,198530523,368887727.48
2023-08-14,1.83,1.85,1.82,1.84,194051188,355902072.69
2023-08-15,1.84,1.86,1.81,1.84,242955900,445733582.2
2023-08-16,1.83,1.85,1.82,1.83,150476255,275886541.22
2023-08-17,1.83,1.84,1.81,1.83,147170791,268236608.65
2023-08-18,1.83,1.84,1.81,1.81,161072156,293748548.07
2023-08-21,1.81,1.83,1.8,1.8,183806711,333083228.01
2023-08-22,1.8,1.82,1.78,1.8,248282460,445819540.0
2023-08-23,1.8,1.8,1.78,1.78,151219463,270458132.08
2023-08-24,1.78,1.8,1.77,1.77,162613228,290160151.64
2023-08-25,1.77,1.79,1.76,1.77,204134527,362411399.43
2023-08-28,1.85,1.87,1.78,1.78,324187346,588250847.78
2023-08-29,1.79,1.81,1.78,1.8,213546628,383286088.46
2023-08-30,1.8,1.81,1.78,1.79,217962639,391187917.81
2023-08-31,1.79,1.8,1.78,1.79,127203267,227563052.78
2023-09-01,1.79,1.81,1.79,1.8,160921949,289705917.2
2023-09-04,1.81,1.85,1.8,1.83,324223711,592470762.05
2023-09-05,1.83,1.83,1.81,1.82,189735307,345467453.45
2023-09-06,1.82,1.82,1.8,1.8,106066172,191634040.6
2023-09-07,1.8,1.81,1.78,1.78,163404037,292784497.55
2023-09-08,1.78,1.79,1.77,1.78,113146444,201506344.52
2023-09-11,1.78,1.8,1.77,1.78,118842312,212240238.96
2023-09-12,1.78,1.8,1.78,1.79,99891340,178607008.4
2023-09-13,1.79,1.8,1.77,1.78,160153179,285109404.83
2023-09-14,1.78,1.79,1.77,1.78,134713361,239653247.98
2023-09-15,1.79,1.8,1.77,1.78,227300579,405648131.41
2023-09-18,1.78,1.79,1.77,1.78,173318183,308301774.3
2023-09-19,1.78,1.79,1.77,1.78,114182262,203137230.73
2023-09-20,1.78,1.78,1.76,1.77,158115803,280227659.31
2023-09-21,1.77,1.78,1.73,1.74,214237239,375804128.43
2023-09-22,1.74,1.75,1.71,1.75,204695753,354956243.22
2023-09-25,1.75,1.75,1.73,1.73,132791484,230547040.92
2023-09-26,1.73,1.74,1.71,1.71,112809874,194009365.28
2023-09-27,1.71,1.73,1.71,1.71,107734090,184988853.8
2023-09-28,1.72,1.73,1.71,1.72,112379640,193358456.0
2023-10-09,1.72,1.73,1.71,1.72,106856569,184036992.93
2023-10-10,1.73,1.74,1.71,1.71,138338803,238457509.39
2023-10-11,1.72,1.73,1.71,1.71,102037528,175032948.68
2023-10-12,1.72,1.73,1.71,1.72,110307072,189980340.44
2023-10-13,1.72,1.73,1.71,1.72,80738309,138502034.39
2023-10-16,1.72,1.72,1.69,1.69,143276281,243775465.29
2023-10-17,1.7,1.71,1.68,1.68,136549500,230634851.0
2023-10-18,1.68,1.69,1.62,1.62,264988095,434137293.9
2023-10-19,1.6,1.63,1.59,1.6,211220650,339062177.87
2023-10-20,1.59,1.61,1.58,1.59,189526250,302604078.5
2023-10-23,1.59,1.59,1.52,1.54,292816047,453977193.51
2023-10-24,1.53,1.62,1.53,1.58,391702090,615814354.97
2023-10-25,1.59,1.64,1.59,1.61,328662499,530258657.97
2023-10-26,1.6,1.62,1.58,1.61,178066492,285142048.54
2023-10-27,1.62,1.64,1.61,1.64,191106255,311837831.55
2023-10-30,1.63,1.65,1.62,1.64,172498454,282819712.73
2023-10-31,1.64,1.65,1.61,1.62,169227604,275182844.42
2023-11-01,1.63,1.63,1.61,1.61,140056568,226557165.41
2023-11-02,1.61,1.63,1.6,1.6,163477954,263657287.0
2023-11-03,1.61,1.63,1.6,1.61,148029539,239225138.18
2023-11-06,1.62,1.64,1.62,1.64,216095131,352746582.33
2023-11-07,1.64,1.64,1.62,1.63,115533420,188426639.0
2023-11-08,1.63,1.63,1.6,1.61,179701192,289978768.4
2023-11-09,1.61,1.62,1.59,1.6,196920334,316040015.47
2023-11-10,1.59,1.6,1.58,1.59,131149284,208596527.05
2023-11-13,1.6,1.62,1.59,1.62,236761380,380402529.31
2023-11-14,1.62,1.63,1.6,1.61,172811630,278865343.86
2023-11-15,1.62,1.63,1.61,1.62,161440740,261839801.0
2023-11-16,1.62,1.63,1.6,1.6,140510480,225671700.92
2023-11-17,1.6,1.61,1.58,1.6,152775760,243467429.8
2023-11-20,1.6,1.61,1.58,1.6,176608040,281966086.0
2023-11-21,1.6,1.62,1.59,1.6,205500846,330401137.02
2023-11-22,1.6,1.6,1.58,1.58,139471623,221583081.3
2023-11-23,1.58,1.59,1.57,1.58,132778864,209421592.76
2023-11-24,1.58,1.6,1.57,1.58,204289673,323833528.34
2023-11-27,1.57,1.58,1.56,1.56,136040761,213110448.96
2023-11-28,1.56,1.57,1.55,1.56,123672040,192738447.4
2023-11-29,1.56,1.57,1.54,1.55,172485226,267838486.84
2023-11-30,1.55,1.55,1.53,1.53,134317896,206537569.94
2023-12-01,1.53,1.55,1.52,1.55,179349733,276173316.78
2023-12-04,1.55,1.56,1.54,1.55,133164390,206244491.57
2023-12-05,1.55,1.55,1.53,1.54,148462790,228369969.81
2023-12-06,1.53,1.55,1.52,1.54,192865908,296977829.12
2023-12-07,1.55,1.55,1.52,1.53,220935876,338060302.81
2023-12-08,1.53,1.59,1.52,1.57,629142625,981532814.64
2023-12-11,1.57,1.57,1.52,1.54,478871275,734732890.59
2023-12-12,1.53,1.54,1.52,1.53,238692426,364558786.92
2023-12-13,1.52,1.53,1.49,1.49,364709433,548822086.66
2023-12-14,1.5,1.5,1.47,1.47,220479652,327035401.28
2023-12-15,1.47,1.48,1.46,1.46,171412571,251572592.76
2023-12-18,1.45,1.46,1.42,1.42,240872219,345128476.3
2023-12-19,1.42,1.45,1.41,1.42,266186392,379551078.88
2023-12-20,1.42,1.43,1.39,1.39,234248996,330420342.72
2023-12-21,1.38,1.42,1.37,1.41,309316925,431460354.79
2023-12-22,1.41,1.43,1.39,1.42,241871551,341429070.09
2023-12-25,1.42,1.44,1.41,1.43,133155288,190242821.16
2023-12-26,1.43,1.43,1.4,1.41,151718120,214673334.2
2023-12-27,1.41,1.42,1.39,1.4,137695721,192864756.6
2023-12-28,1.4,1.46,1.39,1.46,335404908,482268378.66
2023-12-29,1.45,1.47,1.45,1.46,204678449,298771546.66
2024-01-02,1.47,1.47,1.45,1.45,139438021,203074212.85
2024-01-03,1.45,1.46,1.44,1.46,114101632,165766327.05
2024-01-04,1.46,1.46,1.43,1.44,181947500,262260198.0
2024-01-05,1.44,1.46,1.43,1.43,192231165,277478605.66
2024-01-08,1.43,1.44,1.4,1.41,195053366,276526680.06
2024-01-09,1.41,1.42,1.4,1.41,129680021,183032737.81
2024-01-10,1.41,1.43,1.4,1.42,145827900,206736973.43
2024-01-11,1.41,1.44,1.41,1.43,165835804,236484801.63
2024-01-12,1.43,1.45,1.42,1.43,147334367,211523328.29
2024-01-15,1.43,1.44,1.41,1.43,136215060,194498078.64
2024-01-16,1.42,1.44,1.41,1.44,184198589,263082774.53
2024-01-17,1.44,1.44,1.41,1.42,131086405,186741940.25
2024-01-18,1.41,1.42,1.38,1.42,278132690,388388345.65
2024-01-19,1.41,1.42,1.4,1.41,139275627,196475328.27
2024-01-22,1.41,1.42,1.38,1.39,221226349,310364517.08
2024-01-23,1.38,1.4,1.37,1.39,136542448,189641787.06
2024-01-24,1.4,1.43,1.38,1.42,216306221,303890950.18
2024-01-25,1.43,1.47,1.42,1.47,335517403,486511463.1
2024-01-26,1.47,1.49,1.46,1.47,291955771,429942442.13
2024-01-29,1.48,1.49,1.46,1.46,185572503,272857948.81
2024-01-30,1.46,1.47,1.44,1.44,188089273,274189145.22
2024-01-31,1.44,1.45,1.42,1.42,211241242,302202422.82
2024-02-01,1.41,1.44,1.4,1.42,179335450,254908147.0
2024-02-02,1.42,1.44,1.38,1.41,277118652,391613698.4
2024-02-05,1.41,1.41,1.36,1.39,306455913,425098882.7
2024-02-06,1.39,1.47,1.37,1.47,382000326,547712563.99
2024-02-07,1.47,1.54,1.47,1.52,502429825,756833085.66
2024-02-08,1.53,1.55,1.49,1.52,461410148,698075470.32
2024-02-19,1.52,1.53,1.5,1.52,277839656,420307859.2
2024-02-20,1.51,1.52,1.49,1.51,219176272,330019272.82
2024-02-21,1.5,1.55,1.49,1.52,353462628,539796960.23
2024-02-22,1.52,1.53,1.51,1.53,206071823,313472953.78
2024-02-23,1.53,1.54,1.52,1.53,188676760,288400709.31
2024-02-26,1.53,1.54,1.51,1.52,211366482,322503869.81
2024-02-27,1.52,1.53,1.51,1.53,200837151,305269763.28
2024-02-28,1.53,1.56,1.52,1.52,401780516,618610416.7
2024-02-29,1.51,1.54,1.51,1.54,234222496,357734963.68
2024-03-01,1.54,1.55,1.52,1.53,183327623,281159663.59
2024-03-04,1.53,1.53,1.51,1.51,163542139,248242008.89
2024-03-05,1.51,1.54,1.5,1.52,263568340,401644858.88
2024-03-06,1.52,1.53,1.5,1.51,232888746,353333126.23
2024-03-07,1.52,1.6,1.51,1.56,655168054,1022999942.19
2024-03-08,1.55,1.56,1.52,1.54,331166899,509644573.67
2024-03-11,1.53,1.55,1.53,1.54,221417714,341010401.54
2024-03-12,1.54,1.55,1.53,1.53,148725271,228460364.46
2024-03-13,1.54,1.54,1.52,1.53,148241925,226902650.0
2024-03-14,1.52,1.54,1.51,1.52,221112656,337461827.72
2024-03-15,1.52,1.59,1.51,1.58,505645471,784885196.78
2024-03-18,1.57,1.59,1.56,1.58,287646786,453605412.16
2024-03-19,1.58,1.74,1.57,1.7,1270339069,2152466927.89
2024-03-20,1.66,1.68,1.64,1.65,708876518,1174116953.66
2024-03-21,1.66,1.67,1.62,1.63,410721194,672523517.61
2024-03-22,1.63,1.63,1.58,1.61,428385244,687864407.7
2024-03-25,1.6,1.64,1.59,1.6,338195500,545191380.6
2024-03-26,1.6,1.61,1.57,1.59,269943924,428762184.28
2024-03-27,1.58,1.6,1.57,1.57,192013978,303506079.55
2024-03-28,1.57,1.6,1.56,1.59,257351183,407437802.52
2024-03-29,1.58,1.6,1.58,1.6,178429465,283904078.44
2024-04-01,1.6,1.64,1.59,1.63,293449554,477334644.89
2024-04-02,1.63,1.66,1.62,1.63,309467389,507340408.19
2024-04-03,1.64,1.72,1.63,1.67,605312167,1010593004.42
2024-04-08,1.67,1.72,1.66,1.67,602030793,1019098626.55
2024-04-09,1.67,1.73,1.66,1.72,661218830,1123519989.22
2024-04-10,1.69,1.7,1.64,1.65,542823999,902778071.31
2024-04-11,1.64,1.68,1.62,1.66,357811906,591917937.27
2024-04-12,1.66,1.67,1.63,1.64,284814925,468240462.43
2024-04-15,1.63,1.65,1.59,1.63,335799725,545837967.05
2024-04-16,1.62,1.64,1.6,1.6,282521002,457319882.11
2024-04-17,1.6,1.64,1.6,1.63,267200789,432846725.71
2024-04-18,1.63,1.65,1.62,1.64,211692788,346731062.84
2024-04-19,1.64,1.66,1.61,1.62,276074498,451342587.43
2024-04-22,1.62,1.64,1.61,1.62,228892042,371083320.62
2024-04-23,1.62,1.62,1.59,1.59,246008660,393457731.2
2024-04-24,1.59,1.61,1.58,1.6,152882140,244018341.6
2024-04-25,1.6,1.62,1.59,1.6,150807451,242123596.54
2024-04-26,1.6,1.62,1.6,1.62,173548961,279379694.34
2024-04-29,1.61,1.63,1.6,1.62,238087008,385265787.93
2024-04-30,1.62,1.63,1.6,1.6,184087586,295986659.4
2024-05-06,1.61,1.62,1.6,1.62,182382503,294091018.43
2024-05-07,1.62,1.64,1.62,1.63,245239286,399205708.49
2024-05-08,1.62,1.63,1.61,1.61,126173351,203792343.91
2024-05-09,1.61,1.63,1.6,1.62,203744588,329647029.08
2024-05-10,1.62,1.63,1.61,1.61,145637383,235119427.23
2024-05-13,1.61,1.61,1.59,1.59,188888571,302024725.67
2024-05-14,1.6,1.61,1.59,1.6,151749334,242803271.09
2024-05-15,1.6,1.6,1.58,1.59,158582820,252258265.4
2024-05-16,1.59,1.61,1.58,1.59,196626101,314377886.51
2024-05-17,1.6,1.61,1.59,1.61,124485142,199088951.48
2024-05-20,1.61,1.62,1.6,1.61,191975096,309691167.16
2024-05-21,1.61,1.62,1.59,1.6,165630375,265380232.05
2024-05-22,1.6,1.61,1.59,1.6,141035649,225725911.6
2024-05-23,1.6,1.6,1.57,1.57,237969662,376411990.62
2024-05-24,1.57,1.58,1.56,1.56,139620070,218896887.3
2024-05-27,1.57,1.58,1.56,1.56,95332206,149101864.36
2024-05-28,1.56,1.57,1.55,1.55,162912298,253436663.9
2024-05-29,1.55,1.57,1.54,1.56,147790178,230073185.5
2024-05-30,1.55,1.57,1.54,1.55,173118085,269098983.98
2024-05-31,1.55,1.56,1.54,1.54,129845331,200685253.74
2024-06-03,1.54,1.54,1.48,1.49,265355411,399867557.23
2024-06-04,1.49,1.49,1.47,1.48,155042059,229503881.52
2024-06-05,1.48,1.49,1.46,1.46,136323593,200894227.74
2024-06-06,1.46,1.47,1.41,1.42,277046496,396655067.81
2024-06-07,1.43,1.46,1.42,1.46,216373328,312595426.35
2024-06-11,1.45,1.46,1.44,1.44,112941549,163381135.79
2024-06-12,1.44,1.45,1.43,1.44,119273874,171719120.7
2024-06-13,1.44,1.45,1.41,1.42,147175858,209792126.54
2024-06-14,1.42,1.44,1.42,1.43,117547580,168262147.0
2024-06-17,1.43,1.44,1.41,1.42,116295748,165634199.04
2024-06-18,1.42,1.44,1.41,1.43,105087518,150183104.67
2024-06-19,1.43,1.44,1.42,1.42,70041440,99813431.6
2024-06-20,1.42,1.43,1.39,1.4,166282039,234048079.81
2024-06-21,1.4,1.41,1.39,1.4,122899558,172088258.54
2024-06-24,1.4,1.4,1.37,1.38,156303737,216186137.49
2024-06-25,1.38,1.39,1.37,1.38,133012144,183545152.16
2024-06-26,1.38,1.41,1.37,1.41,146142077,203556292.89
2024-06-27,1.4,1.41,1.39,1.39,106545455,148988724.85
2024-06-28,1.39,1.43,1.38,1.4,267505259,375769774.26
2024-07-01,1.42,1.47,1.42,1.45,349206397,505162824.81
2024-07-02,1.44,1.45,1.42,1.43,215995028,309670826.04
2024-07-03,1.43,1.44,1.42,1.43,91233680,130552821.8
2024-07-04,1.43,1.44,1.4,1.41,151116655,214009768.72
2024-07-05,1.4,1.42,1.4,1.42,109548560,154752892.6
2024-07-08,1.41,1.42,1.4,1.4,118369204,166656242.4
2024-07-09,1.41,1.42,1.4,1.42,111710866,157603415.78
2024-07-10,1.42,1.42,1.4,1.41,91240960,128628968.4
2024-07-11,1.42,1.43,1.41,1.43,127955536,182177999.12
2024-07-12,1.43,1.44,1.41,1.43,122412700,174242267.8
2024-07-15,1.42,1.43,1.41,1.41,95281142,135225605.66
2024-07-16,1.41,1.43,1.41,1.42,76670637,109159476.54
2024-07-17,1.42,1.43,1.41,1.42,97196322,138421275.24
2024-07-18,1.42,1.44,1.41,1.44,152182210,217448658.9
2024-07-19,1.43,1.45,1.42,1.45,132457761,190334668.72
2024-07-22,1.44,1.45,1.43,1.44,102842689,148285523.38
2024-07-23,1.44,1.45,1.42,1.42,98734640,141576189.8
2024-07-24,1.42,1.43,1.41,1.42,85875629,121858623.98
2024-07-25,1.41,1.43,1.41,1.41,107230444,151914244.66
2024-07-26,1.41,1.43,1.41,1.43,77180770,109791004.6
2024-07-29,1.43,1.44,1.42,1.43,86920926,124403860.51
2024-07-30,1.43,1.44,1.42,1.44,64771700,92886501.0
2024-07-31,1.44,1.46,1.43,1.46,189489231,274855247.55
2024-08-01,1.45,1.47,1.45,1.45,123578401,180442657.85
2024-08-02,1.45,1.5,1.44,1.46,226806455,333623858.96
2024-08-05,1.46,1.48,1.45,1.45,171302528,250178506.05
2024-08-06,1.46,1.47,1.44,1.46,124305723,180600393.35
2024-08-07,1.45,1.47,1.45,1.45,74988247,109195783.75
2024-08-08,1.45,1.46,1.44,1.45,83717680,121484045.8
2024-08-09,1.46,1.46,1.44,1.44,57457693,83252241.63
2024-08-12,1.44,1.45,1.43,1.43,59815347,85873895.21
2024-08-13,1.43,1.44,1.42,1.43,89743980,128351557.6
2024-08-14,1.43,1.44,1.42,1.42,63340487,90514643.66
2024-08-15,1.42,1.44,1.42,1.43,95450307,136841466.34
2024-08-16,1.44,1.45,1.43,1.44,106192563,153519848.72
2024-08-19,1.44,1.46,1.44,1.44,87747100,127031828.0
2024-08-20,1.44,1.45,1.42,1.44,94927138,136075279.06
2024-08-21,1.43,1.44,1.42,1.43,76171260,109048869.8
2024-08-22,1.43,1.44,1.42,1.43,88187463,126284027.66
2024-08-23,1.42,1.44,1.41,1.42,120297007,171141167.41
2024-08-26,1.42,1.44,1.42,1.44,112621327,161156486.61
2024-08-27,1.43,1.44,1.42,1.42,79551970,113472920.4
2024-08-28,1.42,1.43,1.41,1.42,81108620,115298226.8
2024-08-29,1.43,1.43,1.41,1.42,60800880,86535929.2
2024-08-30,1.42,1.44,1.42,1.44,133095348,190825109.24
2024-09-02,1.44,1.45,1.42,1.42,82351713,117805312.76
2024-09-03,1.42,1.44,1.41,1.42,117370284,167126777.28
2024-09-04,1.42,1.43,1.41,1.41,80191801,113730815.81
2024-09-05,1.41,1.43,1.41,1.42,86973878,123282452.71
2024-09-06,1.42,1.43,1.41,1.41,64123862,90703801.87
2024-09-09,1.41,1.42,1.39,1.4,122217813,171170190.6
2024-09-10,1.4,1.4,1.37,1.39,134736880,186355322.17
2024-09-11,1.39,1.4,1.37,1.38,86385625,119527447.1
2024-09-12,1.38,1.39,1.37,1.38,99248460,137204525.09
2024-09-13,1.38,1.4,1.38,1.39,83065767,115244544.93
2024-09-18,1.39,1.39,1.37,1.38,103364969,142461866.22
2024-09-19,1.38,1.41,1.37,1.4,128023751,178321993.09
2024-09-20,1.4,1.4,1.38,1.39,110864565,154218883.15
2024-09-23,1.39,1.4,1.38,1.4,57753171,80378101.47
2024-09-24,1.4,1.45,1.39,1.44,322945511,461153432.0
2024-09-25,1.46,1.51,1.45,1.47,436300427,646123693.46
2024-09-26,1.47,1.53,1.46,1.52,393256652,588821708.91
2024-09-27,1.55,1.58,1.54,1.57,355917700,555521967.81
2024-09-30,1.63,1.73,1.63,1.73,962494548,1628961739.52
2024-10-08,1.9,1.9,1.76,1.83,1161975725,2142870505.28
2024-10-09,1.81,1.81,1.66,1.66,748669935,1285244607.82
2024-10-10,1.66,1.73,1.63,1.7,507788915,858463722.33
2024-10-11,1.69,1.71,1.63,1.65,340131392,566966964.44
2024-10-14,1.66,1.68,1.65,1.67,275615395,458999758.1
2024-10-15,1.66,1.68,1.63,1.63,296352231,489019587.75
2024-10-16,1.61,1.66,1.61,1.63,307146038,501455896.21
2024-10-17,1.63,1.64,1.58,1.58,314020538,505455249.84
2024-10-18,1.58,1.65,1.56,1.63,417492687,668230797.08
2024-10-21,1.64,1.64,1.6,1.61,328848688,531636878.68
2024-10-22,1.61,1.64,1.6,1.62,272186587,440959817.95
2024-10-23,1.62,1.66,1.61,1.65,417296300,684433328.79
2024-10-24,1.63,1.65,1.62,1.63,225031521,366655851.7
2024-10-25,1.63,1.69,1.62,1.68,491828913,814882101.63
2024-10-28,1.67,1.76,1.66,1.75,740398069,1284992549.56
2024-10-29,1.75,1.76,1.67,1.68,533284852,909257380.59
2024-10-30,1.67,1.72,1.66,1.7,373736983,633908989.87
2024-10-31,1.68,1.73,1.67,1.71,520128267,887942922.9
2024-11-01,1.72,1.88,1.71,1.88,1167011125,2158618784.89
2024-11-04,1.95,1.96,1.81,1.83,1685378171,3145083867.25
2024-11-05,1.8,2.01,1.79,2.01,2200956775,4327507763.76
2024-11-06,2.0,2.2,1.98,2.16,2978111949,6253128066.14
2024-11-07,2.1,2.19,2.05,2.13,1843685687,3888650870.26
2024-11-08,2.13,2.33,2.09,2.2,1913293562,4244229652.19
2024-11-11,2.2,2.24,2.13,2.16,1260651705,2726152773.21
2024-11-12,2.15,2.15,2.04,2.07,1181403045,2466529486.09
2024-11-13,2.05,2.15,2.04,2.07,835502790,1745523181.69
2024-11-14,2.05,2.06,1.95,1.96,928530325,1855150764.42
2024-11-15,1.95,1.98,1.89,1.9,655656071,1267917966.22
2024-11-18,1.91,2.0,1.91,1.92,844365557,1645401284.8
2024-11-19,1.91,1.93,1.85,1.92,681104167,1287094848.78
2024-11-20,1.91,1.95,1.9,1.94,476580441,919813963.33
2024-11-21,1.93,1.94,1.9,1.92,402134107,771046466.17
2024-11-22,1.95,2.0,1.9,1.94,979322004,1912634640.46
2024-11-25,1.93,2.04,1.91,1.99,921663060,1831729825.55
2024-11-26,1.98,2.02,1.95,1.96,515865807,1015304411.16
2024-11-27,1.95,1.96,1.86,1.93,614817942,1166838938.16
2024-11-28,1.92,1.95,1.91,1.93,441232574,850277631.05
2024-11-29,1.92,1.94,1.88,1.92,445802959,851896600.09
2024-12-02,1.91,1.99,1.91,1.98,713194509,1395871012.03
2024-12-03,1.97,2.0,1.95,1.97,514334649,1012153999.02
2024-12-04,2.0,2.03,1.96,1.97,658339619,1309748015.25
2024-12-05,1.96,1.98,1.94,1.97,428684690,839665789.9
2024-12-06,1.97,2.07,1.96,2.05,1051813562,2123997754.37
2024-12-09,2.08,2.15,2.01,2.03,961768382,1986880454.25
2024-12-10,2.11,2.21,2.04,2.1,1370973916,2910866729.94
2024-12-11,2.07,2.15,2.05,2.11,968302325,2038917289.98
2024-12-12,2.11,2.12,2.03,2.06,815348890,1685088253.06
2024-12-13,2.05,2.08,2.0,2.01,636211113,1288954882.91
2024-12-16,2.01,2.01,1.98,1.98,372089762,740154313.09
2024-12-17,1.98,1.99,1.94,1.95,393696933,769954530.05
2024-12-18,1.95,2.0,1.95,1.98,372269920,737267979.0
2024-12-19,1.96,1.97,1.93,1.96,379249328,739260339.75
2024-12-20,1.96,1.97,1.94,1.95,283254803,552425850.28
2024-12-23,1.95,1.95,1.9,1.9,371174688,713375202.31
2024-12-24,1.9,1.92,1.9,1.92,251710564,481011506.08
2024-12-25,1.92,1.93,1.88,1.89,280669076,532632874.09
2024-12-26,1.89,1.91,1.89,1.89,192186415,364836445.15
2024-12-27,1.89,1.95,1.89,1.92,409256535,786753579.88
2024-12-30,1.92,1.92,1.89,1.9,288825655,549041885.75
2024-12-31,1.9,1.91,1.86,1.86,317389360,597087359.8
2025-01-02,1.86,1.88,1.8,1.81,423627237,779031988.82
2025-01-03,1.82,1.84,1.76,1.78,450381737,812040009.93
2025-01-06,1.78,1.84,1.76,1.8,393642106,707160599.78
2025-01-07,1.8,1.85,1.79,1.83,371400174,678411089.53
2025-01-08,1.82,1.83,1.75,1.8,392583660,701669658.27
2025-01-09,1.79,1.82,1.78,1.79,235435790,423686073.4
2025-01-10,1.8,1.82,1.77,1.77,302112937,540912675.09
2025-01-13,1.76,1.8,1.75,1.79,272715188,484682819.24
2025-01-14,1.79,1.85,1.78,1.84,412265728,750060380.83
2025-01-15,1.83,1.85,1.8,1.82,337387655,614106234.73
2025-01-16,1.83,1.86,1.8,1.82,384235766,704273792.92
2025-01-17,1.82,1.83,1.79,1.82,273587180,495674663.0
2025-01-20,1.83,1.84,1.8,1.8,252823183,457790756.0
2025-01-21,1.81,1.82,1.78,1.78,201356720,360229851.6
2025-01-22,1.79,1.79,1.76,1.77,202339462,358899120.57
2025-01-23,1.79,1.82,1.77,1.77,318863735,572421704.27
2025-01-24,1.77,1.81,1.76,1.8,377506457,675130634.16
2025-01-27,1.8,1.86,1.77,1.78,450405590,816028337.2
2025-02-05,1.8,1.84,1.78,1.81,369135393,668351492.13
2025-02-06,1.81,1.89,1.8,1.87,729228696,1347084906.19
2025-02-07,1.86,1.9,1.85,1.89,523263136,982823169.68
2025-02-10,1.89,1.92,1.87,1.89,411751643,777928639.64
2025-02-11,1.89,1.89,1.85,1.86,370609230,690815416.6
2025-02-12,1.86,1.87,1.83,1.85,308103388,568841809.32
2025-02-13,1.86,1.87,1.84,1.84,322705903,597272420.43
2025-02-14,1.84,1.85,1.81,1.82,335024797,611867550.35
2025-02-17,1.81,1.84,1.81,1.82,339686049,619375221.11
2025-02-18,1.82,1.83,1.78,1.78,342923385,616603893.5
2025-02-19,1.78,1.8,1.77,1.8,260769487,466798547.53
2025-02-20,1.81,1.92,1.81,1.86,848721873,1588010988.49
2025-02-21,1.85,1.9,1.83,1.84,469399215,871981756.46
2025-02-24,1.84,1.88,1.84,1.85,338521662,627907474.9
2025-02-25,1.84,1.87,1.82,1.85,400637353,738339899.36
2025-02-26,1.86,1.92,1.85,1.91,804522730,1524739062.3
2025-02-27,1.91,1.92,1.84,1.86,535395400,1000223027.17
2025-02-28,1.85,1.87,1.81,1.81,391823476,720341118.24
2025-03-03,1.84,1.88,1.83,1.84,482051331,893595605.7
2025-03-04,1.85,1.9,1.84,1.87,582440041,1091797142.18
2025-03-05,1.86,1.87,1.82,1.84,440369645,809296087.16
2025-03-06,1.84,1.86,1.83,1.84,321484835,591920062.6
2025-03-07,1.84,1.88,1.83,1.86,470075754,874508756.83
2025-03-10,1.86,1.87,1.83,1.86,369493506,681045867.01
2025-03-11,1.84,1.91,1.83,1.91,777236240,1463724157.0
2025-03-12,1.91,1.97,1.89,1.9,661264115,1274719218.05
2025-03-13,1.9,1.97,1.88,1.91,680104891,1307752205.23
2025-03-14,1.93,1.94,1.87,1.9,527804209,1000013779.32
2025-03-17,1.9,1.93,1.88,1.89,477156468,907374086.91
2025-03-18,1.89,1.91,1.88,1.89,375506623,709508534.44
2025-03-19,1.88,1.89,1.86,1.87,321396838,601189275.48
2025-03-20,1.86,1.89,1.86,1.87,292567176,548537940.12
2025-03-21,1.86,1.89,1.85,1.86,376018238,702542967.92
2025-03-24,1.86,1.87,1.83,1.85,380100293,701569552.32
2025-03-25,1.85,1.88,1.84,1.86,318061981,592365631.06
2025-03-26,1.87,1.89,1.85,1.87,339744954,636794942.07
2025-03-27,1.87,1.87,1.84,1.85,313485642,580621431.05
2025-03-28,1.85,1.86,1.81,1.83,428856564,783578612.85
2025-03-31,1.82,1.83,1.78,1.79,351782123,632377703.04
2025-04-01,1.79,1.81,1.79,1.8,205008940,369019428.81
2025-04-02,1.8,1.81,1.79,1.79,160283265,288164039.7
2025-04-03,1.79,1.81,1.78,1.8,193430729,348004315.4
2025-04-07,1.78,1.79,1.62,1.65,792821766,1333607769.49
2025-04-08,1.64,1.72,1.63,1.71,572028579,960100198.77
2025-04-09,1.68,1.75,1.63,1.75,596600036,1011721157.8
2025-04-10,1.75,1.78,1.73,1.76,428576111,754673467.74
2025-04-11,1.76,1.81,1.75,1.78,479134137,851959665.18
2025-04-14,1.78,1.8,1.76,1.77,304315986,541914042.03
2025-04-15,1.77,1.78,1.73,1.75,269218007,470940307.41
2025-04-16,1.75,1.76,1.73,1.76,245104445,427633293.0
2025-04-17,1.75,1.77,1.74,1.77,200719612,353206692.9
2025-04-18,1.76,1.77,1.74,1.76,145647129,255234327.55
2025-04-21,1.77,1.82,1.76,1.79,383509822,689375994.98
2025-04-22,1.8,1.81,1.78,1.78,184194712,329676335.36
2025-04-23,1.79,1.8,1.76,1.77,233052651,413397274.07
2025-04-24,1.77,1.78,1.75,1.76,181259714,319994987.82
2025-04-25,1.77,1.8,1.76,1.79,259201008,461233259.89
2025-04-28,1.78,1.8,1.77,1.78,220058863,391690429.71
2025-04-29,1.77,1.78,1.75,1.76,252918270,445945322.18
2025-04-30,1.76,1.77,1.73,1.73,208550750,363334506.7
2025-05-06,1.75,1.85,1.74,1.83,748862448,1353027730.84
2025-05-07,1.84,1.85,1.8,1.83,389945743,709777848.43
2025-05-08,1.82,1.83,1.81,1.82,224837408,408768343.28
2025-05-09,1.82,1.82,1.79,1.8,259449329,466911109.31
2025-05-12,1.8,1.82,1.78,1.81,311755695,560229060.48
2025-05-13,1.82,1.83,1.79,1.8,235804923,424573474.86
2025-05-14,1.79,1.83,1.78,1.81,373597354,676408301.54
2025-05-15,1.81,1.84,1.8,1.81,415575752,755992093.28
2025-05-16,1.8,1.81,1.78,1.8,303169778,544103285.22
2025-05-19,1.79,1.8,1.78,1.79,180834487,323670461.28
2025-05-20,1.79,1.8,1.78,1.79,182552440,326630275.6
2025-05-21,1.79,1.8,1.78,1.78,164005860,293116580.2
2025-05-22,1.78,1.79,1.75,1.76,274314346,485090838.02
2025-05-23,1.76,1.77,1.74,1.75,178634809,313840238.55
2025-05-26,1.75,1.76,1.74,1.75,156269806,273706547.9
2025-05-27,1.76,1.76,1.74,1.75,113679811,198690468.52
2025-05-28,1.75,1.76,1.73,1.74,151205507,263081969.11
2025-05-29,1.74,1.76,1.73,1.75,169983282,297235425.58
2025-05-30,1.75,1.76,1.73,1.74,145107726,252659519.78
2025-06-03,1.74,1.75,1.73,1.73,177059881,307485266.13
2025-06-04,1.73,1.77,1.73,1.76,287260339,503649958.45
2025-06-05,1.76,1.77,1.74,1.75,216695058,380365685.5
2025-06-06,1.75,1.76,1.74,1.75,161024360,281783556.6
2025-06-09,1.76,1.8,1.76,1.79,451660994,803371048.86
2025-06-10,1.79,1.79,1.76,1.77,277253550,491489496.7
2025-06-11,1.77,1.86,1.76,1.83,754437463,1370528928.95
2025-06-12,1.82,1.87,1.81,1.84,631417452,1159200439.36
2025-06-13,1.84,1.85,1.8,1.81,402750504,731637319.16
2025-06-16,1.81,1.85,1.8,1.82,331083642,603363810.44
2025-06-17,1.82,1.83,1.8,1.81,268017090,486158251.13
2025-06-18,1.81,1.81,1.77,1.77,260939375,465430890.38
2025-06-19,1.77,1.78,1.74,1.74,297813300,522298101.8
2025-06-20,1.75,1.76,1.73,1.74,222908224,388674067.32
2025-06-23,1.73,1.76,1.73,1.75,200605244,350593478.8
2025-06-24,1.75,1.77,1.74,1.77,222731165,392405235.4
2025-06-25,1.77,1.8,1.76,1.79,329658870,588691897.99
2025-06-26,1.79,1.8,1.77,1.77,212469029,379103269.74
2025-06-27,1.78,1.82,1.77,1.77,364333714,652585381.74
2025-06-30,1.78,1.8,1.77,1.79,274532902,491462728.75
2025-07-01,1.79,1.8,1.77,1.79,229984560,410562170.6
2025-07-02,1.79,1.84,1.78,1.83,584236081,1059217747.36
2025-07-03,1.82,1.83,1.79,1.82,384818285,696821545.84
2025-07-04,1.82,1.85,1.81,1.81,353826255,646643062.95
2025-07-07,1.81,1.82,1.79,1.8,226981474,409247807.35
2025-07-08,1.8,1.85,1.79,1.84,548866062,1003243261.43
2025-07-09,1.85,1.86,1.81,1.82,401397823,735047669.86
2025-07-10,1.86,1.94,1.84,1.9,1261843648,2381912897.81
2025-07-11,1.99,2.09,1.97,2.09,1395559825,2862864852.46
2025-07-14,2.2,2.29,2.1,2.12,2897175492,6321177806.24
2025-07-15,2.12,2.16,2.01,2.03,1720292948,3555552761.61
2025-07-16,2.03,2.05,1.98,2.0,1054865998,2117121756.21
2025-07-17,1.99,2.04,1.97,2.01,904222458,1807937896.16
2025-07-18,2.02,2.2,2.01,2.14,2164730862,4591689416.5
2025-07-21,2.15,2.25,2.15,2.2,1930482298,4251690201.22
2025-07-22,2.19,2.23,2.16,2.19,1348697865,2955466324.41
2025-07-23,2.19,2.41,2.17,2.29,2732266155,6352205820.4
2025-07-24,2.24,2.52,2.22,2.52,2693263068,6569046505.63
2025-07-25,2.59,2.64,2.43,2.47,3341242453,8385899848.14
2025-07-28,2.5,2.58,2.47,2.52,2122111937,5346001474.78
2025-07-29,2.51,2.71,2.48,2.65,2375568780,6208287486.7
2025-07-30,2.75,2.92,2.66,2.92,3617746433,10191375884.09
2025-07-31,2.89,2.9,2.67,2.69,3131253719,8581661901.05
2025-08-01,2.61,2.66,2.52,2.53,2151444151,5542951784.44
2025-08-04,2.49,2.56,2.47,2.51,1283880047,3223533331.51
2025-08-05,2.5,2.62,2.5,2.59,1552419201,4003159689.13
2025-08-06,2.59,2.61,2.51,2.53,1241883857,3149996236.81
2025-08-07,2.54,2.67,2.43,2.62,2175528945,5505766284.68
2025-08-08,2.56,2.61,2.53,2.58,1272242526,3270159941.43
2025-08-11,2.62,2.64,2.56,2.57,1116829459,2884795756.5
2025-08-12,2.55,2.56,2.5,2.51,1023918844,2574589625.67
2025-08-13,2.51,2.53,2.49,2.51,928453890,2329024596.5
2025-08-14,2.51,2.54,2.49,2.5,1088158727,2735926360.0
2025-08-15,2.47,2.55,2.47,2.51,1123459802,2825212615.04
2025-08-18,2.54,2.72,2.5,2.68,2322474483,6113620456.56
2025-08-19,2.68,2.75,2.63,2.66,1934510472,5172038854.94
2025-08-20,2.63,2.72,2.58,2.64,1501253428,3967837295.52
2025-08-21,2.62,2.82,2.61,2.68,1910885998,5189160895.33
2025-08-22,2.67,2.77,2.66,2.72,1835188556,5003484828.41
2025-08-25,2.75,2.99,2.73,2.99,2122825075,6195590906.83
2025-08-26,2.99,2.99,2.77,2.77,3060638346,8678786108.63
2025-08-27,2.78,2.9,2.74,2.79,2518928302,7099385671.87
2025-08-28,2.75,2.89,2.74,2.8,1979121775,5555558410.99
2025-08-29,2.81,2.92,2.78,2.79,2061454621,5832630758.57
2025-09-01,2.81,2.81,2.69,2.75,1680290498,4601052091.1
2025-09-02,2.72,2.73,2.62,2.65,1477122770,3929679297.78
2025-09-03,2.65,2.68,2.53,2.56,1242908835,3222673197.83
2025-09-04,2.54,2.57,2.39,2.44,1301310750,3228887962.05
2025-09-05,2.43,2.49,2.39,2.48,1005364022,2457878592.42
2025-09-08,2.48,2.52,2.45,2.46,811492085,2008740397.79
2025-09-09,2.45,2.5,2.43,2.44,883767330,2174633377.94
2025-09-10,2.42,2.48,2.41,2.43,756111129,1845135221.01
2025-09-11,2.43,2.49,2.4,2.48,969037702,2376883178.49
2025-09-12,2.48,2.54,2.46,2.52,1215258718,3043145779.13
2025-09-15,2.52,2.56,2.49,2.51,826010180,2076089416.76
2025-09-16,2.51,2.52,2.43,2.5,947906147,2335167905.62
2025-09-17,2.46,2.48,2.44,2.48,645526710,1590457176.18
2025-09-18,2.47,2.49,2.39,2.41,944021483,2307925350.96
2025-09-19,2.41,2.45,2.38,2.38,624673649,1503851671.25
2025-09-22,2.38,2.39,2.33,2.38,673645572,1591271567.72
2025-09-23,2.37,2.38,2.27,2.3,792701007,1831435514.19
2025-09-24,2.3,2.34,2.28,2.31,500058362,1156651157.3
2025-09-25,2.31,2.34,2.3,2.31,517376410,1198485994.79
2025-09-26,2.31,2.35,2.28,2.28,547396568,1266707754.97
2025-09-29,2.28,2.35,2.26,2.34,785547125,1816910547.67
2025-09-30,2.34,2.42,2.34,2.38,785505317,1870868763.92
2025-10-09,2.46,2.61,2.42,2.58,1936841828,4935404093.07
2025-10-10,2.56,2.56,2.49,2.54,1271309241,3219211172.42
2025-10-13,2.79,2.79,2.7,2.79,2559651612,7104522818.35
2025-10-14,2.93,3.07,2.88,2.91,5171252926,15530844264.92
2025-10-15,2.92,2.98,2.67,2.77,3463425238,9691838230.54
2025-10-16,2.72,2.82,2.68,2.73,1807763489,4970662944.26
2025-10-17,2.73,2.89,2.7,2.71,2230219201,6212598233.0
2025-10-20,2.7,2.72,2.62,2.66,1550008820,4127225071.02
2025-10-21,2.64,2.69,2.62,2.67,995777684,2650982149.68
2025-10-22,2.63,2.66,2.59,2.63,900241800,2365740177.34
2025-10-23,2.63,2.66,2.58,2.64,723302394,1892717975.12
2025-10-24,2.64,2.67,2.62,2.63,824563926,2177256300.97
2025-10-27,2.64,2.69,2.64,2.67,1061326591,2834982588.65
2025-10-28,2.67,2.68,2.58,2.59,1106462296,2891745169.99
2025-10-29,2.58,2.62,2.56,2.62,701438551,1816986140.04
2025-10-30,2.6,2.72,2.59,2.62,1474414050,3903383585.27
2025-10-31,2.6,2.6,2.54,2.54,1067446678,2733654068.78
2025-11-03,2.75,2.76,2.63,2.66,1853231834,4984648275.93
2025-11-04,2.67,2.87,2.66,2.8,2513930847,7001107019.3
2025-11-05,2.73,2.74,2.67,2.72,1614812284,4367496122.04
2025-11-06,2.72,2.75,2.69,2.72,1183174446,3217091264.87
2025-11-07,2.71,2.74,2.68,2.7,881943840,2385993344.64
2025-11-10,2.7,2.72,2.66,2.67,879231198,2356303335.05
2025-11-11,2.66,2.68,2.62,2.64,704491987,1858710434.63
2025-11-12,2.63,2.64,2.59,2.6,615702208,1606104256.75
2025-11-13,2.6,2.65,2.59,2.64,769410957,2022682069.71
2025-11-14,2.62,2.68,2.6,2.65,785175518,2071832516.41
2025-11-17,2.65,2.68,2.62,2.63,603456328,1594917902.52
2025-11-18,2.62,2.63,2.54,2.55,836273524,2149731236.65
2025-11-19,2.55,2.56,2.51,2.56,656567726,1664458641.2
2025-11-20,2.55,2.58,2.53,2.53,469649157,1198186153.4
2025-11-21,2.5,2.51,2.41,2.41,766809345,1878194463.05
2025-11-24,2.42,2.45,2.4,2.44,521503789,1264117058.23
2025-11-25,2.44,2.47,2.43,2.45,363902971,890910060.54
2025-11-26,2.44,2.45,2.42,2.42,328847713,800480569.22
2025-11-27,2.42,2.44,2.41,2.42,284792288,690826827.88
2025-11-28,2.41,2.44,2.38,2.43,431105256,1040277720.41
2025-12-01,2.44,2.5,2.43,2.49,630211885,1561118731.72
2025-12-02,2.48,2.49,2.43,2.45,420955835,1030071236.08
2025-12-03,2.45,2.47,2.43,2.44,414023784,1015097239.44
2025-12-04,2.44,2.45,2.41,2.42,318150518,772086911.16
2025-12-05,2.42,2.48,2.41,2.47,467162764,1141370172.39
2025-12-08,2.46,2.47,2.44,2.45,397072283,973641923.0
2025-12-09,2.44,2.45,2.4,2.41,432673121,1045530837.33
2025-12-10,2.4,2.41,2.38,2.4,312587231,747811421.27
2025-12-11,2.41,2.42,2.36,2.36,400479824,954964757.42
2025-12-12,2.37,2.4,2.36,2.39,402611023,959393878.17
2025-12-15,2.39,2.41,2.37,2.38,288655784,690510794.16
2025-12-16,2.38,2.39,2.31,2.32,461647844,1075339975.89
2025-12-17,2.31,2.36,2.3,2.35,398470031,926375810.58
2025-12-18,2.34,2.37,2.33,2.34,275743003,646979203.0
2025-12-19,2.34,2.38,2.33,2.37,417889336,987903474.19
2025-12-22,2.37,2.42,2.37,2.4,418230712,1004443014.36
2025-12-23,2.4,2.41,2.37,2.38,427037568,1018600034.71
2025-12-24,2.38,2.39,2.36,2.38,341679754,811956607.99
2025-12-25,2.38,2.4,2.37,2.39,301286390,719068542.06
2025-12-26,2.39,2.42,2.38,2.4,409424172,983394566.94
2025-12-29,2.41,2.43,2.39,2.4,388099737,933421160.42
2025-12-30,2.38,2.4,2.36,2.38,377598638,900028667.91
2025-12-31,2.38,2.4,2.37,2.38,335108376,798200375.97
