date,open,high,low,close,volume,amount
2020-01-02,48.3184792,51.74322432,47.37405088,47.51714608,7658885,391494713.0
2020-01-03,47.6984,49.49185984,45.67598784,46.63949552,6673930,332667478.0
2020-01-06,46.38192416,46.5536384,44.0733216,45.09406736,5182327,245387716.0
2020-01-07,45.42795616,50.8464944,45.1226864,49.77805024,7734172,384023709.0
2020-01-08,48.4615744,48.4615744,46.65857488,47.04970176,5649233,281850642.0
2020-01-09,47.5076064,49.0816536,47.48852704,47.81287616,5148778,260447813.0
2020-01-10,48.175384,49.129352,47.6030032,48.652368,3676458,186020048.0
2020-01-13,49.0339552,49.62541536,47.7937968,49.21520912,3401639,173617048.0
2020-01-14,49.129352,49.2247488,48.06090784,48.32801888,3654516,185957528.0
2020-01-15,48.49973312,48.53789184,46.6967336,46.8875272,2882560,143349846.0
2020-01-16,47.04016208,49.88298672,46.744432,49.26290752,5161220,263177934.0
2020-01-17,49.87344704,54.1853824,49.7971296,51.61920848,6904279,378989122.0
2020-01-20,51.4188752,53.62254128,49.14843136,51.72414496,4946848,264953462.0
2020-01-21,50.82741504,52.85936688,50.34089136,51.21854192,3168498,171992538.0
2020-01-22,50.4172088,57.01866736,49.72081216,55.1870488,5301114,299371339.0
2020-01-23,54.09952528,55.330144,50.7510976,53.17417632,4195165,234816509.0
2020-02-03,42.92856,45.44703552,42.53743312,42.53743312,3477112,156961055.0
2020-02-04,42.86178224,47.6030032,42.86178224,46.84936848,4344731,207613873.0
2020-02-05,46.58225744,50.73201824,46.42008288,48.34709824,3986716,202406525.0
2020-02-06,47.7937968,51.87677984,47.7937968,50.77017696,3854867,201981574.0
2020-02-07,51.2280816,53.899192,50.10239936,53.41266832,4550497,246983268.0
2020-02-10,52.47777968,54.09952528,50.68431984,52.57317648,3688055,202805465.0
2020-02-11,54.07090624,58.3828416,52.6113352,52.6113352,5434816,314259307.0
2020-02-12,50.10239936,55.97884224,49.61587568,54.36663632,4847124,266191741.0
2020-02-13,53.7560968,56.83741344,53.53668416,54.7100648,4411858,253833189.0
2020-02-14,54.376176,56.1410168,51.86724016,53.09785888,3817988,216812845.0
2020-02-17,53.45082704,55.4255408,53.45082704,55.4255408,3118855,178241504.0
2020-02-18,55.15842976,56.81833408,54.7577632,55.97884224,3541488,206710804.0
2020-02-19,55.7594296,55.7594296,53.43174768,53.67023968,2940887,167830010.0
2020-02-20,53.41266832,54.24262048,51.66690688,53.2314144,2326415,129135801.0
2020-02-21,53.1360176,54.49065216,52.47777968,53.15509696,2082390,116924014.0
2020-02-24,53.3268112,53.7083984,52.06757344,53.50806512,2030713,112788142.0
2020-02-25,52.47777968,53.36496992,50.56984368,52.48731936,2532545,138355009.0
2020-02-26,51.52381168,52.63995424,47.221416,48.4615744,3128969,165136398.0
2020-02-27,49.129352,49.33922496,47.33589216,48.14676496,1781199,90368563.0
2020-02-28,45.790464,47.30727312,44.6457024,45.22762288,2367234,113878795.0
2020-03-02,46.1720512,47.9845904,45.8858608,47.40266992,1715377,84387009.0
2020-03-03,51.6573672,52.43962096,48.53789184,48.90993936,3458798,183684234.0
2020-03-04,47.9845904,49.58725664,47.61254288,48.90993936,1947615,98981411.0
2020-03-05,49.606336,50.07378032,48.20400304,48.71914576,1636103,83939490.0
2020-03-06,47.8891936,48.652368,47.35497152,48.16584432,1230509,61903627.0
2020-03-09,46.96384464,47.1737176,45.11314672,45.35163872,1444337,69631024.0
2020-03-10,44.87465472,47.0783208,44.84603568,47.0306224,1463366,70751768.0
2020-03-11,46.92568592,47.66978096,45.80000368,45.84770208,1130845,55585621.0
2020-03-12,45.1226864,45.57105136,44.1687184,44.6457024,1075331,50536469.0
2020-03-13,41.98413168,44.24503584,41.79333808,43.7394328,1664790,74769048.0
2020-03-16,43.95884544,44.6457024,40.3528464,40.38146544,1340901,59776955.0
2020-03-17,41.020624,41.53576672,39.21762448,41.020624,1205665,51327959.0
2020-03-18,41.2114176,42.15584592,40.066656,40.066656,1202767,52226442.0
2020-03-19,40.27652896,41.974592,39.4942752,41.70748096,1443437,61327460.0
2020-03-20,41.8314968,42.55651248,40.93476688,41.86011584,942165,41250060.0
2020-03-23,40.83937008,40.9252272,38.635704,39.03637056,936685,39301019.0
2020-03-24,39.9712592,40.3528464,38.26365648,39.80908464,749522,30992460.0
2020-03-25,40.58179872,41.03970336,40.22883056,40.46732256,855301,36464060.0
2020-03-26,40.51502096,40.51502096,39.27486256,39.4465768,637650,26651245.0
2020-03-27,39.95217984,40.05711632,39.112688,39.35118,680782,28357919.0
2020-03-30,38.97913248,38.97913248,36.61329184,37.11889488,869527,34185257.0
2020-03-31,37.67219632,37.8248312,36.8708632,36.94718064,412143,16140903.0
2020-04-01,36.4415776,37.67219632,36.4415776,36.95672032,489355,19123798.0
2020-04-02,37.0139584,38.37813264,36.67052992,38.37813264,689796,27215818.0
2020-04-03,38.50214848,38.62616432,37.26199008,37.4909424,490572,19456597.0
2020-04-07,38.3495136,38.88373568,38.2541168,38.55938656,569065,23014624.0
2020-04-08,38.35905328,39.0649896,38.2064184,38.55938656,470428,19027971.0
2020-04-09,38.8264976,38.8264976,38.37813264,38.57846592,465438,18804627.0
2020-04-10,38.76925952,38.874196,36.8231648,37.31922816,615227,24189201.0
2020-04-13,37.18567264,37.204752,36.35572048,36.70868864,303819,11695867.0
2020-04-14,36.88040288,37.4909424,36.88040288,37.4909424,424451,16592891.0
2020-04-15,37.66265664,37.94884704,37.17613296,37.47186304,426900,16798260.0
2020-04-16,37.1570536,37.7294344,37.02349808,37.60541856,381481,14997003.0
2020-04-17,37.91068832,38.4449104,37.6340376,37.76759312,727230,29033538.0
2020-04-20,37.79621216,38.31135488,37.50048208,38.29227552,471211,18741139.0
2020-04-21,38.16825968,38.72156112,37.50048208,38.6834024,604693,24165426.0
2020-04-22,38.16825968,39.28440224,37.99654544,39.19854512,798320,32469514.0
2020-04-23,39.33210064,39.37979904,38.75018016,38.8264976,700824,28638675.0
2020-04-24,39.09360864,39.65644976,38.4926088,39.2557832,878628,35943612.0
2020-04-27,39.112688,39.21762448,37.41462496,37.41462496,595676,23967441.0
2020-04-28,36.7754664,36.80408544,30.73684896,32.92143568,2392848,82963862.0
2020-04-29,32.98821344,32.98821344,31.49048368,31.85299152,1043077,35112450.0
2020-04-30,31.90068992,33.7704672,31.5286424,33.5796736,1319454,45648017.0
2020-05-06,33.13130864,39.5419736,32.94051504,37.9679264,2353536,88933367.0
2020-05-07,37.30968848,38.1110216,36.05045072,36.07906976,1552302,60411112.0
2020-05-08,36.1553872,38.79787856,36.1553872,36.83270448,1552704,60872869.0
2020-05-11,36.89948224,38.08240256,36.64191088,37.30968848,971891,38032586.0
2020-05-12,37.0139584,37.26199008,35.296816,37.04257744,921200,35195053.0
2020-05-13,37.04257744,37.74851376,36.250784,37.50048208,900677,35068720.0
2020-05-14,37.3955456,38.05378352,36.250784,38.05378352,1265648,49914110.0
2020-05-15,37.85345024,38.9218944,37.5386408,38.42583104,1431495,57533851.0
2020-05-18,38.52122784,38.55938656,36.8231648,37.1093552,987753,38881943.0
2020-05-19,37.65311696,38.05378352,37.23337104,38.05378352,966702,38215859.0
2020-05-20,38.09194224,39.09360864,37.66265664,37.97746608,1449745,58518677.0
2020-05-21,37.9679264,38.53076752,35.98367296,36.1553872,1322766,51245942.0
2020-05-22,35.9645936,36.30802208,34.1520544,34.93430816,905375,33468104.0
2020-05-25,34.56226064,35.08694304,33.87540368,34.19021312,478894,17286098.0
2020-05-26,33.97080048,35.8214984,33.97080048,35.78333968,713292,26460101.0
2020-05-27,35.66886352,36.14584752,35.41129216,35.61162544,608734,22791994.0
2020-05-28,35.50668896,35.83103808,34.22837184,35.5830064,541889,19980153.0
2020-05-29,35.296816,36.74684736,35.02016528,36.32710144,907694,34412199.0
2020-06-01,36.70868864,38.43537072,36.250784,37.8248312,1501296,59262460.0
2020-06-02,37.920228,38.397212,37.48140272,38.0633232,1202693,47934548.0
2020-06-03,38.0633232,39.09360864,37.79621216,38.15872,1241790,50038327.0
2020-06-04,38.15872,41.5930048,38.15872,40.80121136,2883108,120906770.0
2020-06-05,40.55317968,41.94597296,39.589672,41.27819536,2251064,96625646.0
2020-06-08,41.23049696,41.84103648,39.66598944,39.80908464,1554739,66231458.0
2020-06-09,39.77092592,40.32422736,38.64524368,39.1603864,937296,38607226.0
2020-06-10,39.112688,39.35118,38.66432304,39.00775152,680812,27765902.0
2020-06-11,39.05544992,40.03803696,38.45445008,38.8264976,1066601,43911289.0
2020-06-12,38.05378352,38.66432304,37.8725296,38.17779936,736136,29533863.0
2020-06-15,37.7294344,38.99821184,37.71035504,38.1110216,676527,27205211.0
2020-06-16,38.45445008,39.95217984,38.45445008,39.828164,1131402,46520037.0
2020-06-17,41.497608,43.76805184,40.54364,40.6867352,2738999,120799500.0
2020-06-18,39.589672,40.43870352,39.21762448,39.7804656,1569062,65313713.0
2020-06-19,39.53243392,39.65644976,38.78833888,39.19854512,1071486,43888757.0
2020-06-22,38.874196,40.39100512,38.874196,40.02849728,1161652,48475039.0
2020-06-23,40.0284805,40.15312008,39.0697145,39.23270472,792758,32461637.0
2020-06-24,39.23270472,39.309406,38.35064,38.86837364,928606,37463873.0
2020-06-29,38.85878598,39.55868516,38.5423932,39.10806514,828703,33821784.0
2020-06-30,39.10806514,39.70250006,38.36022766,39.5011592,1235764,50346548.0
2020-07-01,39.309406,39.87507794,38.4944549,39.08888982,944701,38669187.0
2020-07-02,39.2135294,39.6929124,38.7820847,39.4532209,809079,33114635.0
2020-07-03,39.48198388,40.00930518,39.2135294,39.96136688,1206189,49832023.0
2020-07-06,39.99012986,42.39663252,39.87507794,41.9939508,2095349,90310855.0
2020-07-07,42.62673636,43.9114828,41.52415546,42.78972658,2368289,105983310.0
2020-07-08,42.9527168,43.3362232,42.2815806,43.13488234,1537463,68853015.0
2020-07-09,43.27869724,47.01788464,43.2403466,45.6372616,2752479,129009732.0
2020-07-10,45.2058169,46.01118034,43.79643088,43.97859642,1965304,92063776.0
2020-07-13,44.57303134,45.86736544,43.49921342,45.8290148,1806337,84206855.0
2020-07-14,45.8290148,47.34386508,44.73602156,46.60561526,2681933,129676855.0
2020-07-15,46.5960276,46.7877808,42.57879806,42.9047785,2014479,93775540.0
2020-07-16,42.99106744,43.47045044,40.268172,40.39281158,1484144,64872038.0
2020-07-17,41.60085674,41.6104444,39.41487026,40.08600646,865145,36344629.0
2020-07-20,40.57497712,41.00642182,39.72167538,40.94889586,766420,32282764.0
2020-07-21,41.1310614,41.93642484,40.67085372,40.96807118,854160,36748105.0
2020-07-22,40.62291542,41.35157758,40.32569796,40.69002904,742898,31688699.0
2020-07-23,40.69002904,40.69002904,38.38899064,39.51074686,1062190,43617701.12
2020-07-24,39.2135294,39.55868516,36.433108,36.61527354,1158456,45882616.0
2020-07-27,36.7207378,37.08506888,35.5222803,36.78785142,642071,24455498.0
2020-07-28,36.78785142,37.37269868,36.64403652,36.912491,423438,16376157.0
2020-07-29,37.25764676,38.71497108,36.68238716,38.51363022,703336,27783964.0
2020-07-30,38.51363022,39.23270472,38.1588868,38.70538342,532721,21485974.66
2020-07-31,38.6382698,39.29981834,37.93837062,39.0217762,598602,24217273.0
2020-08-03,39.1176528,40.53662648,39.1176528,40.21064604,874806,36396551.0
2020-08-04,40.6037401,40.6037401,39.12724046,39.24229238,690797,28577931.0
2020-08-05,39.8846656,40.15312008,39.41487026,39.81755198,546806,22682769.63
2020-08-06,39.788789,41.0351848,38.830023,40.68044138,951436,39717746.63
2020-08-07,40.3640486,40.3640486,38.02465956,38.80126002,772279,31520736.0
2020-08-10,38.7820847,39.43404558,38.50404256,39.1176528,411141,16728859.0
2020-08-11,39.09847748,39.29023068,37.70826678,37.7753804,457142,18340600.0
2020-08-12,37.89043232,37.9191953,36.6248612,37.40146166,485749,18788758.0
2020-08-13,37.57403954,38.24517574,37.1521825,38.19723744,456345,18085864.0
2020-08-14,38.2068251,39.5970358,37.68909146,39.52992218,692785,28089979.0
2020-08-17,39.32858132,40.5558018,39.1655911,40.4599252,766436,32013632.0
2020-08-18,40.9393082,41.02559714,39.82713964,40.8434316,952731,40346230.0
2020-08-19,41.19817502,41.19817502,38.89713662,39.32858132,718036,29979828.0
2020-08-20,39.5011592,39.788789,37.38228634,39.38610728,574182,23304165.1
2020-08-21,39.788789,40.09559412,39.10806514,39.57786048,559990,23067401.98
2020-08-24,39.5970358,40.23940902,38.57115618,40.11476944,623653,25789901.87
2020-08-25,40.2202337,40.43116222,39.309406,39.44363324,710463,29494230.0
2020-08-26,39.44363324,39.9805422,37.9191953,38.24517574,601278,24449314.0
2020-08-27,38.1588868,39.18476642,37.9671336,38.83961066,346647,13914013.38
2020-08-28,38.45610426,39.09847748,38.35064,38.90672428,372538,15065791.0
2020-08-31,38.90672428,39.82713964,38.76290938,39.4532209,425461,17539268.0
2020-09-01,39.4532209,40.49827584,39.309406,40.34487328,701211,29216038.0
2020-09-02,40.1243571,40.35446094,39.52033452,39.8846656,503564,20921034.0
2020-09-03,39.8846656,40.2202337,39.1655911,39.1655911,406118,16818468.38
2020-09-04,39.1176528,39.67373708,37.27682208,39.66414942,439982,17831846.51
2020-09-07,39.22311706,39.8846656,38.35064,38.35064,591771,24101004.0
2020-09-08,38.79167236,38.79167236,37.391874,38.0630102,415074,16497801.0
2020-09-09,37.79455572,38.05342254,36.53857226,36.89331568,638769,24757843.0
2020-09-10,36.90290334,37.27682208,34.76485516,35.38805306,442506,16628729.0
2020-09-11,35.31135178,36.34681906,35.01413432,36.16465352,315622,11786038.0
2020-09-14,36.433108,37.22888378,36.26053012,36.94125398,361413,13899667.79
2020-09-15,36.8166144,37.50692592,36.6248612,37.2480591,265092,10258919.0
2020-09-16,37.2480591,37.38228634,36.44269566,36.55774758,259271,9939386.0
2020-09-17,36.8166144,38.7820847,36.50022162,38.23558808,631675,24909856.0
2020-09-18,38.2547634,38.71497108,37.391874,38.36981532,404091,16103683.0
2020-09-21,37.94795828,38.65744512,37.75620508,38.03424722,293697,11659991.39
2020-09-22,37.47816294,38.0630102,37.31517272,37.6315655,295176,11598030.63
2020-09-23,36.912491,38.51363022,36.912491,38.33146468,375501,14949010.0
2020-09-24,38.03424722,38.13971148,36.97960462,37.17135782,352322,13743198.0
2020-09-25,37.37269868,37.37269868,36.12630288,36.40434502,178077,6816186.45
2020-09-28,36.433108,36.70156248,35.11959858,35.4264037,234763,8755874.0
2020-09-29,35.56063094,36.39475736,35.41681604,36.0496016,164051,6157570.41
2020-09-30,36.15506586,36.30846842,35.69485818,35.78114712,185002,6948695.0
2020-10-09,36.1454782,36.8645527,36.1454782,36.68238716,185657,7096129.89
2020-10-12,37.19053314,37.70826678,36.80702674,37.68909146,276790,10814919.0
2020-10-13,37.84249402,37.84249402,37.2001208,37.56445188,234855,9155430.0
2020-10-14,37.56445188,37.7753804,36.77826376,36.8645527,305173,11826741.87
2020-10-15,36.82620206,37.0563059,36.5289846,36.79743908,218982,8396480.92
2020-10-16,36.66321184,36.79743908,36.31805608,36.68238716,185501,7066653.68
2020-10-19,36.78785142,36.78785142,36.47145864,36.6248612,127523,4874515.0
2020-10-20,36.39475736,36.912491,36.22217948,36.83578972,152590,5835863.0
2020-10-21,36.8166144,36.99877994,36.27970544,36.61527354,206111,7858339.0
2020-10-22,36.2413548,36.7207378,36.21259182,36.37558204,194710,7390095.99
2020-10-23,36.34681906,36.50022162,35.54145562,35.91537436,300726,11338373.7
2020-10-26,35.9057867,36.05918926,35.3305271,35.9057867,176788,6589191.0
2020-10-27,36.0975399,36.0975399,35.64691988,36.05918926,114187,4275193.22
2020-10-28,35.83867308,36.05918926,34.68815388,35.2346505,435411,15981039.33
2020-10-29,34.71691686,35.12918624,34.62104026,34.7073292,244013,8876819.0
2020-10-30,34.90867006,34.90867006,32.71309592,32.7897972,448454,15900572.0
2020-11-02,33.077427,33.077427,32.04195972,32.3104142,422300,14246047.04
2020-11-03,32.97196274,33.7965015,32.3583525,33.68144958,313424,10874686.31
2020-11-04,34.036193,34.036193,33.3650568,33.61433596,150316,5262294.99
2020-11-05,34.62104026,34.62104026,33.3650568,33.91155342,274485,9662886.3
2020-11-06,33.8923781,33.8923781,33.1733036,33.4609334,163875,5717412.59
2020-11-09,33.78691384,34.4196994,33.61433596,34.3238228,347338,12394762.53
2020-11-10,34.04578066,34.59227728,33.8923781,34.1320696,283243,10133262.01
2020-11-11,34.1320696,34.38134876,33.23082956,33.55681,186556,6554224.76
2020-11-12,33.34588148,33.7965015,33.25000488,33.49928404,199888,6969592.07
2020-11-13,33.77732618,33.77732618,33.23082956,33.47052106,179640,6266443.72
2020-11-16,33.77732618,33.77732618,33.29794318,33.49928404,168813,5898602.89
2020-11-17,33.3650568,33.64309894,32.6939206,33.52804702,264872,9183495.78
2020-11-18,33.55681,34.48681302,33.30753084,34.24712152,341364,12162813.05
2020-11-19,34.33341046,34.76485516,34.11289428,34.40052408,227366,8173221.44
2020-11-20,34.1320696,34.66897856,34.1320696,34.48681302,161376,5806222.77
2020-11-23,34.81279346,34.8990824,33.93072874,34.39093642,198566,7110439.81
2020-11-24,34.7073292,34.7073292,34.09371896,34.10330662,143458,5143960.39
2020-11-25,34.41011174,34.41011174,33.9882547,34.17042024,207272,7379160.64
2020-11-26,34.18959556,34.18959556,33.28835552,33.85402746,196429,6891324.93
2020-11-27,33.85402746,33.92114108,33.08701466,33.44175808,188010,6544342.22
2020-11-30,33.47052106,34.01701768,33.03907636,33.3650568,127049,4452149.47
2020-12-01,33.92114108,33.9882547,33.49928404,33.7965015,124751,4391741.94
2020-12-02,33.7485632,34.25670918,33.67186192,33.83485214,148616,5245735.49
2020-12-03,34.10330662,34.10330662,33.5088717,33.66227426,195902,6892761.99
2020-12-04,33.67186192,33.9882547,33.44175808,33.45134574,151807,5323350.2
2020-12-07,33.71980022,33.71980022,32.4062908,32.598044,411208,14085143.16
2020-12-08,32.598044,32.60763166,31.71597928,31.77350524,355486,11860351.19
2020-12-09,31.74474226,31.85979418,30.3449439,30.38329454,528284,17014993.46
2020-12-10,30.45040816,30.89144052,30.06690176,30.2490673,325024,10368188.11
2020-12-11,30.6325737,30.6325737,28.76298,29.28071364,403059,12386835.85
2020-12-14,29.28071364,29.5299928,29.02184682,29.3382396,204516,6243679.68
2020-12-15,29.3382396,29.47246684,28.54246382,28.70545404,280959,8454422.92
2020-12-16,28.58081446,28.58081446,27.5165842,27.55493484,362169,10533604.66
2020-12-17,27.58369782,28.16854508,26.97967524,27.93844124,429943,12386841.24
2020-12-18,28.0918438,28.0918438,27.2289544,27.33441866,221068,6361397.92
2020-12-21,27.33441866,27.77545102,27.15225312,27.45905824,251929,7243741.26
2020-12-22,26.85503566,27.48782122,26.85503566,27.05637652,323334,9152964.98
2020-12-23,26.90297396,27.8521523,26.90297396,27.52617186,249038,7123811.73
2020-12-24,27.7562757,27.7562757,26.26060074,26.42359096,378759,10556002.72
2020-12-25,26.42359096,26.62493182,25.96338328,26.33730202,218984,6019510.9
2020-12-28,26.43317862,26.43317862,25.2155458,25.34018538,389912,10422512.55
2020-12-29,25.84833136,26.29895138,25.04296792,25.25389644,427128,11454114.92
2020-12-30,24.70739982,26.7495714,24.45812066,25.70451646,879383,23141279.53
2020-12-31,25.54152624,26.6536948,25.53193858,26.34688968,449676,12294684.73
2021-01-04,26.44276628,27.7083374,26.09761052,27.2768927,640087,18039160.27
2021-01-05,27.6603991,27.78503868,26.4619416,26.85503566,522265,14661692.49
2021-01-06,26.7495714,26.90297396,25.97297094,26.06884754,315573,8682741.06
2021-01-07,26.42359096,26.42359096,24.56358492,24.7361628,507008,13284994.13
2021-01-08,24.7361628,25.24430878,23.97873766,24.56358492,391084,10099491.55
2021-01-11,24.53482194,24.81286408,23.84451042,23.91162404,466825,11769297.98
2021-01-12,23.91162404,24.41018236,23.6815202,23.75822148,300822,7521748.61
2021-01-13,23.9212117,23.9212117,22.531001,22.7227542,517595,12340847.65
2021-01-14,22.74192952,24.448533,22.36801078,24.08420192,464777,11434233.23
2021-01-15,23.96915,24.62111088,23.91162404,24.41018236,552381,13978891.31
2021-01-18,24.39100704,24.43894534,23.8732734,23.96915,543388,13639298.34
2021-01-19,23.9212117,24.2088415,23.8253351,24.08420192,650630,16328265.73
2021-01-20,24.14172788,24.15131554,23.37471508,23.52811764,620541,15254851.9
2021-01-21,23.489767,23.7294585,23.42265338,23.52811764,347230,8538732.65
2021-01-22,23.3459521,23.50894232,22.60770228,22.7227542,567097,13476116.8
2021-01-25,22.55976398,22.5789393,21.80233884,21.91739076,588825,13543806.55
2021-01-26,21.99409204,22.51182568,21.97491672,22.16666992,392908,9104624.2
2021-01-27,22.051618,22.16666992,21.67769926,22.04203034,377040,8642607.52
2021-01-28,22.02285502,22.56935164,21.72563756,22.02285502,415040,9651371.58
2021-01-29,22.04203034,22.27213418,21.32295584,21.572235,493871,11164484.22
2021-02-01,21.56264734,22.04203034,21.16955328,22.03244268,365377,8288228.14
2021-02-02,21.8598648,21.98450438,21.59141032,21.64893628,294144,6678726.82
2021-02-03,21.64893628,21.85027714,21.092852,21.10243966,393112,8773982.82
2021-02-04,21.10243966,21.22707924,20.2299626,21.0449137,563268,12126010.22
2021-02-05,21.08326434,21.19831626,20.39295282,20.40254048,313898,6810240.84
2021-02-08,20.24913792,20.69975794,19.97109578,20.2299626,288153,6086733.81
2021-02-09,20.9010988,21.5242967,20.71893326,21.3325435,535064,11774786.73
2021-02-10,21.1887286,21.40924478,20.82439752,21.20790392,338867,7495703.15
2021-02-18,21.092852,22.04203034,21.092852,21.82151416,389773,8848452.16
2021-02-19,21.82151416,22.76110484,21.59141032,22.75151718,458244,10698784.85
2021-02-22,22.82821846,23.84451042,22.64605292,23.17337422,929196,22731603.35
2021-02-23,23.010384,23.33636444,22.51182568,22.93368272,405967,9721955.42
2021-02-24,22.87615676,23.54729296,22.87615676,23.46100402,496275,12062510.12
2021-02-25,23.67193254,23.6815202,22.7706925,22.88574442,356348,8574403.15
2021-02-26,22.7706925,23.18296188,22.63646526,22.9624457,242362,5807968.26
2021-03-01,23.42265338,23.81574744,23.2021372,23.6335819,559412,13767322.84
2021-03-02,23.79657212,24.04585128,23.3938904,23.6335819,269467,6634888.81
2021-03-03,23.6335819,23.71987084,23.40347806,23.6815202,308072,7581671.44
2021-03-04,23.5856436,23.94038702,23.37471508,23.45141636,623703,15410713.22
2021-03-05,23.45141636,23.76780914,23.26925082,23.6335819,264373,6507663.19
2021-03-08,23.86368574,23.8732734,23.57605594,23.59523126,401435,9946175.52
2021-03-09,23.489767,23.5856436,22.531001,22.55976398,429663,10314979.46
2021-03-10,22.84739378,22.84739378,21.69687458,21.79275118,463156,10774249.88
2021-03-11,21.77357586,22.23378354,21.58182266,21.97491672,319285,7305265.04
2021-03-12,21.70646224,22.12831928,21.41883244,21.86945246,230900,5239002.79
2021-03-15,21.8598648,22.08038098,21.58182266,21.83110182,214342,4880636.53
2021-03-16,21.6681116,22.3392478,21.6681116,22.2913095,214836,4959553.83
2021-03-17,22.27213418,22.97203336,22.27213418,22.78986782,344872,8140576.01
2021-03-18,22.82821846,23.04873464,22.71316654,22.8665691,247798,5910393.03
2021-03-19,22.66522824,23.2980138,22.42553674,22.97203336,321959,7731149.5
2021-03-22,22.99120868,23.84451042,22.99120868,23.28842614,358789,8717920.36
2021-03-23,23.28842614,23.6335819,23.03914698,23.2021372,288839,7019697.72
2021-03-24,22.75151718,23.32677678,22.75151718,23.01997166,234731,5642079.73
2021-03-25,22.74192952,23.48017934,22.74192952,23.2500755,422385,10250091.63
2021-03-26,23.2980138,23.2980138,22.4351244,22.76110484,410434,9762732.1
2021-03-29,22.78986782,22.9145074,22.47347504,22.50223802,388871,9217318.41
2021-03-30,22.70357888,22.73234186,22.11873162,22.23378354,297300,6936814.5
2021-03-31,22.22419588,22.30089716,21.92697842,22.07079332,244178,5621463.09
2021-04-01,22.08038098,22.70357888,22.03244268,22.66522824,433981,10171384.27
2021-04-02,22.66522824,23.489767,22.36801078,23.23090018,686690,16514466.15
2021-04-06,23.1062606,23.66234488,23.010384,23.18296188,325709,7904442.62
2021-04-07,23.6335819,23.6335819,23.0583223,23.38430274,294880,7165522.06
2021-04-08,23.33636444,23.56646828,23.02955932,23.21172486,301230,7320895.23
2021-04-09,23.1062606,23.2021372,22.9145074,23.02955932,277951,6674068.71
2021-04-12,23.4418287,23.46100402,22.25295886,22.44471206,296155,6992060.75
2021-04-13,22.52141334,22.71316654,22.17625758,22.28172184,204557,4780744.47
2021-04-14,22.28172184,23.01997166,22.12831928,22.84739378,367762,8702109.92
2021-04-15,22.78986782,23.00079634,22.71316654,22.80904314,208060,4955235.93
2021-04-16,22.9145074,23.66234488,22.9145074,23.60481892,556437,13632980.14
2021-04-19,23.60481892,24.7841011,23.60481892,24.56358492,1033368,26134563.91
2021-04-20,24.4964713,25.00461728,23.96915,24.14172788,679491,17327923.6
2021-04-21,24.14172788,24.14172788,23.5856436,23.71028318,589851,14674674.85
2021-04-22,23.66234488,24.22801682,23.66234488,23.7773968,348916,8694443.92
2021-04-23,23.79657212,23.79657212,23.08708528,23.22131252,435093,10589783.73
2021-04-26,23.1062606,23.67193254,23.08708528,23.45141636,592411,14498161.06
2021-04-27,23.22131252,23.71028318,22.78028016,22.95285804,488771,11753286.58
2021-04-28,22.84739378,22.9624457,22.21460822,22.3871861,454910,10681256.25
2021-04-29,22.4351244,22.88574442,22.1954329,22.74192952,338589,7993363.43
2021-04-30,22.54058866,22.54058866,21.15996562,21.8598648,868506,19557501.91
2021-05-06,21.4284201,22.2913095,21.41883244,21.99409204,343487,7861441.35
2021-05-07,21.86945246,22.0995563,21.1887286,21.1887286,578309,13024167.86
2021-05-10,21.2846052,21.86945246,21.20790392,21.31336818,312432,6992917.68
2021-05-11,21.31336818,21.5242967,21.19831626,21.50512138,279303,6222716.4
2021-05-12,21.4763584,21.84068948,21.3804818,21.6681116,217826,4913666.45
2021-05-13,21.6681116,21.93656608,21.6681116,21.75440054,334791,7620863.92
2021-05-14,21.96739157,22.11261452,21.74471638,21.88993933,295805,6692571.97
2021-05-17,21.88993933,22.05452534,21.36713671,22.00611769,425371,9537863.4
2021-05-18,21.85121321,21.93834698,21.62853802,21.71567179,238446,5361883.03
2021-05-19,21.70599026,21.84153168,21.3961813,21.41554436,286928,6391093.86
2021-05-20,21.42522589,21.6866272,21.3961813,21.4929966,288048,6381468.53
2021-05-21,21.4929966,21.64790108,21.19286917,21.2025507,389531,8612383.64
2021-05-24,21.86089474,23.70038544,21.86089474,22.67414326,1495191,34850523.29
2021-05-25,22.71286938,27.2050993,22.71286938,27.2050993,3776170,98895417.58
2021-05-26,30.93248835,32.64611916,29.1414053,32.64611916,5253253,168870877.21
2021-05-27,34.26293467,38.72612,31.97809359,35.52153357,9528037,346313305.55
2021-05-28,35.29885838,35.29885838,32.90752047,33.44968615,5328510,185961819.46
2021-05-31,33.32382626,36.04433619,32.80102364,34.9503233,5544201,196745005.63
2021-06-01,34.1758009,38.64866776,33.885355,37.10930449,6564120,243672275.18
2021-06-02,35.821661,38.49376328,33.57554604,34.83414494,5885673,218819736.05
2021-06-03,35.3375845,36.93503695,33.99185183,33.99185183,3858421,141706568.0
2021-06-04,33.99185183,35.08586472,31.949049,33.14955872,3822033,130595289.61
2021-06-07,33.84662888,36.4025528,33.00433577,36.4025528,3948010,142400947.57
2021-06-08,36.789814,38.0484129,35.2407692,36.93503695,4126822,157043148.75
2021-06-09,37.53529181,37.5643364,35.821661,36.3057375,1949657,73507472.49
2021-06-10,36.92535542,43.566885,36.789814,43.566885,4860663,208989060.14
2021-06-11,47.3426817,52.23185435,45.51287253,47.49758618,8301180,411148133.53
2021-06-15,47.439497,47.44917853,40.662426,43.87669396,5823196,265859619.16
2021-06-16,44.55440106,46.0840828,42.00815867,42.2114708,3042463,137896206.81
2021-06-17,42.97631167,46.09376433,40.89478272,44.93198073,4444443,197113694.98
2021-06-18,43.80892325,49.375803,43.80892325,46.49070706,4028233,196769222.7
2021-06-21,46.88764979,52.0866314,46.88764979,49.54038901,3773722,194118510.85
2021-06-22,51.51542113,53.78089915,49.61784125,51.6993702,3464984,185738959.23
2021-06-23,51.68968867,53.7324915,48.40765,53.1515997,3285578,174339728.66
2021-06-24,52.0866314,53.1515997,47.68153525,49.06599404,3809280,197470831.01
2021-06-25,49.1821724,49.1821724,46.471344,46.99414662,2685249,131692208.89
2021-06-28,47.1490511,49.25962464,47.1490511,48.20433787,1991385,99417203.18
2021-06-29,46.9554205,49.0853571,44.87389155,45.49350947,2517853,121416010.63
2021-06-30,45.55159865,47.83643973,44.535038,44.80612084,2719774,128786506.65
2021-07-01,44.7286686,47.37172629,44.12841374,45.35796805,2435046,115789404.08
2021-07-02,45.503191,47.12968804,44.16713986,45.6968216,1816872,86426419.42
2021-07-05,46.67465613,46.67465613,43.00535626,45.17401898,2329788,108241428.66
2021-07-06,45.36764958,45.95822291,41.64026053,42.57936894,3178323,143173938.57
2021-07-07,42.44382752,45.24178969,39.694273,42.4051014,2410952,104340160.1
2021-07-08,41.630579,42.29860457,40.4687954,41.62089747,2196927,93418216.84
2021-07-09,41.71771277,42.4051014,38.85197989,40.1783495,2046596,84264100.29
2021-07-12,39.93631125,42.7923626,39.70395453,41.61121594,2237316,96677667.99
2021-07-13,42.65682118,43.3732544,40.86573813,42.93758555,1822717,79882014.84
2021-07-14,42.31796763,43.4700697,41.89198031,42.04688479,1332561,58726504.15
2021-07-15,41.57248982,42.3082861,40.24612021,41.97911408,907656,38831446.03
2021-07-16,42.05656632,43.31516522,41.1465025,41.1465025,1429714,61855296.27
2021-07-19,40.74955977,43.77019713,40.21707562,43.18930533,2328825,101704678.55
2021-07-20,42.86981484,43.90573855,41.99847714,42.17274468,1186644,52141312.8
2021-07-21,41.630579,42.66650271,41.1465025,41.95975102,1217057,52399539.78
2021-07-22,41.95006949,42.96663014,40.80764895,40.8560566,1432907,61540461.79
2021-07-23,40.68178906,41.44662993,38.55185246,38.67771235,1618372,65800357.32
2021-07-26,39.45223475,41.7273943,39.45223475,40.0815342,1961502,82176320.92
2021-07-27,39.80076983,43.51847735,39.80076983,41.70803124,2104987,91540497.65
2021-07-28,41.5337637,42.33733069,36.789814,37.0802599,2164597,85655058.82
2021-07-29,38.72612,41.00127955,38.19363585,40.57529223,1979425,81996046.03
2021-07-30,40.84637507,41.0496872,38.72612,39.52000546,1362844,55932323.89
2021-08-02,39.29733027,42.48255364,38.73580153,41.67898665,1948162,82467954.97
2021-08-03,42.48255364,45.0191145,41.7273943,43.2764391,2156345,96673493.02
2021-08-04,42.89885943,46.21962422,42.48255364,45.72586619,2277448,104007726.2
2021-08-05,45.87108914,45.8904522,43.3732544,44.07032456,1784848,81536031.49
2021-08-06,42.8891779,44.535038,42.598732,43.03440085,1486990,66582671.76
2021-08-09,43.03440085,43.87669396,42.1146555,42.6955473,1351725,59948422.65
2021-08-10,42.65682118,45.02879603,42.35669375,44.9222992,1912638,87201928.67
2021-08-11,45.3095604,46.14217198,43.91542008,45.72586619,1341652,62559495.42
2021-08-12,45.43542029,54.87491204,45.43542029,54.87491204,3044436,163463370.44
2021-08-13,52.80306462,59.82217387,52.80306462,56.30777848,5069719,293758062.64
2021-08-16,58.08918,58.08918,54.27465718,55.61070832,2090430,120152717.79
2021-08-17,54.66191838,56.81121804,53.48077172,55.02981652,1981569,113476250.12
2021-08-18,52.280262,53.4420456,45.53223559,52.6675232,3678546,191375417.82
2021-08-19,51.312109,53.97452975,50.343956,52.5707079,1479667,79761537.21
2021-08-20,51.67032561,52.6675232,48.99822333,50.67312802,1315085,68799828.27
2021-08-23,53.21937041,57.00484864,50.76994332,56.68535815,1610146,90815590.66
2021-08-24,56.52077214,57.69223727,54.3133833,56.38523072,1213130,70320027.15
2021-08-25,55.88179116,66.802557,55.3783516,62.0586073,2474167,153644663.73
2021-08-26,65.26319373,74.47032876,62.929945,71.3528761,3852170,280701458.99
2021-08-27,72.2242138,76.484087,70.76230277,72.96969161,3085849,233140462.75
2021-08-30,73.6764433,73.6764433,67.99338519,69.707016,1391577,101296798.74
2021-08-31,68.98090125,69.27134715,64.4789898,66.802557,1479904,101484672.74
2021-09-01,69.63924529,70.70421359,65.1566969,65.834404,956610,66321370.03
2021-09-02,64.65325734,72.3210291,64.26599614,68.19669732,984414,70045513.28
2021-09-03,68.91313054,72.60179347,67.66421317,71.48841752,833611,60568775.58
2021-09-06,67.81911765,73.70548789,67.77071,72.57274888,1031030,75087506.37
2021-09-07,73.56026494,76.26141181,70.32663392,73.17300374,1120402,84424256.17
2021-09-08,73.17300374,73.86039237,68.70013688,71.5465067,692548,50653776.75
2021-09-09,73.0955515,73.15364068,68.738863,70.69453206,537564,39387035.05
2021-09-10,68.17733426,77.12306798,68.17733426,76.81325902,1002161,77886675.34
2021-09-13,77.3554247,77.3554247,69.87160201,72.49529664,933009,69426908.28
2021-09-14,69.71669753,78.59466054,69.707016,77.50064765,979166,77422108.35
2021-09-15,81.19899211,81.19899211,72.611475,74.88663455,901290,70115086.32
2021-09-16,76.76485137,76.76485137,71.21733468,71.97249402,603476,45210709.42
2021-09-17,74.52841794,74.52841794,70.22013709,72.54370429,431462,32143982.27
2021-09-22,72.1273985,72.38879981,66.23134673,69.97809884,640819,45421445.25
2021-09-23,68.738863,69.68765294,65.21478608,65.97962695,571411,39590954.05
2021-09-24,66.3184805,67.2866335,63.50115527,64.99211089,523777,35438461.01
2021-09-27,66.06676072,67.08332137,61.90370282,62.88153735,526848,34955709.27
2021-09-28,62.92026347,63.898098,59.37682349,62.29096402,443656,28675420.5
2021-09-29,62.29096402,62.29096402,57.34370219,58.09886153,550554,33781645.32
2021-09-30,60.42242873,62.46523156,56.16255553,61.961792,565545,35463246.79
2021-10-08,59.48332032,62.88153735,59.48332032,61.6713461,305922,19386545.38
2021-10-11,62.49427615,63.19134631,57.66319268,59.23160054,511279,31168896.31
2021-10-12,59.37682349,60.59669627,57.61478503,58.62166415,327105,19898723.54
2021-10-13,59.62854327,62.23287484,58.5732565,58.92179158,307360,19116007.61
2021-10-14,58.88306546,61.4777155,57.59542197,60.26752425,297061,18308328.27
2021-10-15,60.46115485,64.33376685,60.03516753,61.16790654,596313,38168608.75
2021-10-18,61.16790654,62.92026347,59.1541483,60.03516753,425200,26457680.47
2021-10-19,60.03516753,63.28816161,58.84433934,62.35873473,404964,25748841.16
2021-10-20,63.78191964,64.22727002,59.37682349,62.92026347,789103,50459326.78
2021-10-21,62.7363144,62.7363144,59.37682349,60.00612294,343772,21488054.85
2021-10-22,60.025486,61.04204665,58.08918,59.5414095,354946,21815664.53
2021-10-25,61.7681614,66.802557,59.5414095,61.961792,937796,60680848.3
2021-10-26,60.025486,60.8000084,54.17784188,58.24408448,1242220,72711125.15
2021-10-27,58.08918,59.40586808,54.37147248,54.68128144,540984,31642228.32
2021-10-28,54.12943423,55.43644078,50.69249108,51.07007075,914655,49575517.87
2021-10-29,51.32179053,54.216568,51.07007075,51.16688605,911531,49426374.87
2021-11-01,51.7961855,53.43236407,50.1503254,52.04790528,838323,45083974.24
2021-11-02,52.07694987,53.8293068,51.8930008,52.42548495,732219,39945538.95
2021-11-03,52.42548495,55.09758723,52.42548495,53.32586724,511599,28156087.46
2021-11-04,53.38395642,57.58574044,53.18064429,56.40459378,591571,34385766.2
2021-11-05,57.121027,57.55669585,55.2815363,56.32714154,432192,25250248.25
2021-11-08,58.08918,67.59644246,56.152874,67.59644246,1915009,129431058.7
2021-11-09,67.44153798,74.1605198,64.866251,69.707016,2284920,163027306.22
2021-11-10,68.13860814,70.27822627,67.77071,68.91313054,1152744,82115435.4
2021-11-11,67.77071,70.1910925,66.93809842,69.11644267,797835,57045608.54
2021-11-12,69.45529622,70.99465949,66.802557,68.6420477,664762,46604019.27
2021-11-15,68.4484171,68.51618781,65.7375887,66.68637864,707558,48685796.61
2021-11-16,66.85096465,68.2547865,62.3490532,67.63516858,1201435,81073535.15
2021-11-17,65.02115548,68.738863,65.02115548,66.55083722,570066,39405013.58
2021-11-18,68.31287568,71.3528761,65.834404,66.4152958,892065,63321040.83
2021-11-19,66.26039132,67.76102847,64.02395789,67.76102847,458002,31290455.7
2021-11-22,66.50242957,71.04306714,65.07924466,68.5452324,673486,47508894.3
2021-11-23,72.16612462,72.5146597,65.06956313,65.36969056,660866,45826294.49
2021-11-24,64.59516816,69.5133854,64.53707898,68.42905404,845905,58592112.48
2021-11-25,68.29351262,68.738863,65.46650586,65.5439581,558322,38257374.6
2021-11-26,65.29223832,65.82472247,60.55797015,63.21070937,1084796,70302030.3
2021-11-29,63.4140215,65.41809821,60.993639,64.89529559,704886,46752648.69
2021-11-30,65.13733384,66.802557,63.8012827,64.2853592,536773,36099955.69
2021-12-01,65.26319373,65.57300269,63.28816161,64.5758051,497397,33046890.71
2021-12-02,64.84688794,64.84688794,60.993639,62.14574107,460439,29706237.82
2021-12-03,63.52051833,63.52051833,61.25504031,61.78752446,266489,17097625.88
2021-12-06,61.70039069,62.59109145,59.30905278,59.94803376,356641,22218836.86
2021-12-07,62.82344817,62.82344817,58.29249213,59.39618655,384749,23692384.88
2021-12-08,59.057333,60.58701474,58.44739661,59.31873431,553455,34091627.23
2021-12-09,58.59261956,60.29656884,58.59261956,59.4445942,246088,15089220.28
2021-12-10,59.90930764,61.89402129,58.5732565,60.36433955,437347,27284382.02
2021-12-13,62.78472205,63.40433997,59.8318554,62.43618697,454801,29082635.83
2021-12-14,61.51644162,65.3503275,61.10981736,64.08204707,808647,53334339.39
2021-12-15,66.01835307,66.32816203,63.5108368,64.14981778,243118,16137960.89
2021-12-16,64.866251,64.866251,61.961792,62.55236533,271926,17710103.14
2021-12-17,62.92026347,62.92026347,60.19975354,61.2840849,261141,16459002.09
2021-12-20,61.0904543,62.13605954,59.59949868,60.07389365,321044,20139488.39
2021-12-21,60.6063778,61.35185561,59.51236491,60.79032687,271040,16945770.77
2021-12-22,60.2191166,65.31160138,60.2191166,65.01147395,461662,30431249.41
2021-12-23,65.01147395,66.5121111,63.5108368,63.898098,343389,22819357.4
2021-12-24,64.5758051,64.5758051,61.06140971,63.57860751,231200,14782442.16
2021-12-27,62.96867112,62.96867112,59.057333,60.17070895,388816,24272496.61
2021-12-28,60.025486,62.10701495,60.00612294,60.77096381,274272,17417103.05
2021-12-29,62.19414872,62.43618697,59.07669606,59.13478524,278241,17251675.32
2021-12-30,58.36026284,60.78064534,58.35058131,59.59949868,387495,23924292.98
2021-12-31,59.93835223,59.93835223,56.32714154,56.3465046,963837,57227520.64
2022-01-04,57.06293782,57.36306525,53.45172713,54.7974598,817116,46044856.28
2022-01-05,54.7974598,55.88179116,53.7324915,54.69096297,485552,27534529.87
2022-01-06,54.69096297,60.3159319,54.69096297,55.75593127,771157,45715015.4
2022-01-07,56.03669564,56.84026263,54.0229374,54.69096297,400144,22735226.82
2022-01-10,54.85554898,56.60790591,51.10879687,56.39491225,796629,44104926.6
2022-01-11,56.39491225,59.78344775,53.57758702,56.62726897,1026448,60965735.51
2022-01-12,55.50421149,56.46268296,54.85554898,56.152874,354482,20471201.16
2022-01-13,57.55669585,57.80841563,54.37147248,54.69096297,242998,13968213.4
2022-01-14,54.69096297,55.85274657,53.7324915,54.88459357,193495,10950511.06
2022-01-17,54.9910904,56.32714154,53.68408385,55.38803313,407503,23430000.93
2022-01-18,56.00765105,57.53733279,55.38803313,55.7656128,375534,21796098.46
2022-01-19,56.64663203,57.121027,54.24561259,56.02701411,522364,30322555.5
2022-01-20,56.02701411,56.68535815,54.40051707,55.5719822,507069,29099069.03
2022-01-21,55.94956187,61.84561364,53.80994374,59.68663245,1393518,83930078.24
2022-01-24,59.68663245,60.37402108,56.78217345,59.46395726,732380,44285209.08
2022-01-25,58.16663224,60.01580447,57.00484864,59.52204644,531465,32355466.16
2022-01-26,57.77937104,59.43491267,55.6687975,57.16943465,329164,19398269.4
2022-01-27,57.17911618,57.17911618,52.280262,52.7643385,312278,17314380.0
2022-01-28,52.77402003,55.6687975,50.343956,54.39083554,372701,20784341.7
2022-02-07,54.8942751,54.8942751,51.13784146,51.53478419,297697,16167141.45
2022-02-08,51.54446572,52.35771424,49.25962464,49.67593043,228091,11822758.49
2022-02-09,49.67593043,50.85707709,48.94013415,50.68280955,222674,11515565.93
2022-02-10,50.5375866,51.98013457,47.50726771,48.6012806,385288,19373359.91
2022-02-11,48.6012806,49.36612147,47.32331864,48.40765,195633,9783178.63
2022-02-14,48.55287295,48.55287295,39.694273,47.01350968,261735,12611167.69
2022-02-15,46.53911471,47.39108935,44.91261767,47.01350968,157591,7576098.96
2022-02-16,47.439497,49.23058005,46.54879624,48.57223601,189535,9448645.69
2022-02-17,48.56255448,50.83771403,47.45886006,49.5694336,454464,23313632.81
2022-02-18,48.53350989,50.7312172,48.53350989,49.7630642,183593,9363367.0
2022-02-21,48.82395579,50.8280325,48.82395579,49.48229983,164178,8491185.09
2022-02-22,48.49478377,50.72153567,48.19465634,48.93045262,167678,8480002.42
2022-02-23,48.90140803,51.15720452,48.75618508,50.67312802,228452,11898621.44
2022-02-24,50.67312802,51.48637654,47.49758618,47.87516585,180163,9178081.33
2022-02-25,47.87516585,49.70497502,47.12968804,48.70777743,278901,13988781.78
2022-02-28,49.32739535,50.32459294,46.471344,47.439497,1033548,50697603.0
2022-03-01,47.54599383,49.04663098,45.64841395,48.40765,607649,30255592.0
2022-03-02,47.93325503,49.34675841,46.96510203,48.40765,300828,14933612.0
2022-03-03,48.13656716,48.45605765,47.32331864,47.71057984,177504,8757244.0
2022-03-04,48.39796847,48.39796847,46.471344,47.45886006,294497,14370802.0
2022-03-07,47.1490511,47.1490511,45.73554772,45.96790444,199725,9558642.0
2022-03-08,45.503191,47.04255427,44.30268128,45.49350947,246836,11539483.0
2022-03-09,44.54471953,45.7936369,40.68178906,43.65401877,305251,13598552.0
2022-03-10,44.0509615,45.7936369,42.70522883,44.38981505,266508,12352632.0
2022-03-11,42.70522883,46.00663056,40.89478272,45.8904522,393056,17812737.0
2022-03-14,45.38701264,45.38701264,43.11185309,43.65401877,228686,10414401.0
2022-03-15,43.0828085,44.35108893,40.11057879,40.11057879,239667,10608144.0
2022-03-16,40.96255343,43.09249003,40.33325398,41.91134337,488229,21101872.0
2022-03-17,42.4051014,45.25147122,41.1465025,44.67057942,546785,24803307.0
2022-03-18,44.52535647,45.49350947,42.73427342,44.06064303,293461,13300341.61
2022-03-21,43.8573309,44.31236281,42.1146555,43.06344544,213610,9481600.13
2022-03-22,42.9859932,42.9859932,40.01376349,41.04000567,504038,21389326.76
2022-03-23,40.76892283,42.76331801,39.83949595,41.11745791,536684,23095187.33
2022-03-24,40.54624764,41.50471911,39.3070118,39.56841311,655866,27139118.54
2022-03-25,39.56841311,40.3719801,38.73580153,38.8229353,299066,12187980.4
2022-03-28,39.38446404,40.83669354,38.39694798,39.57809464,363750,14887975.18
2022-03-29,39.70395453,40.38166163,37.77733006,38.44535563,702951,28101147.3
2022-03-30,39.2101965,40.8560566,39.2101965,40.1783495,442737,18346287.47
2022-03-31,40.11057879,41.7273943,38.94879519,40.96255343,366356,15492544.58
2022-04-01,40.86573813,41.97911408,40.73019671,41.9210249,388659,16665903.27
2022-04-06,41.9210249,45.18370051,41.79516501,44.08968762,949778,43353052.13
2022-04-07,44.08968762,45.2127451,43.11185309,43.74115254,1543283,70232365.02
2022-04-08,43.73147101,48.26242705,42.15338162,46.99414662,1642681,77587797.21
2022-04-11,46.17121657,48.2140194,45.12561133,47.06191733,1417666,68227414.11
2022-04-12,47.5363123,47.5363123,43.3732544,44.2445921,1413991,65352678.57
2022-04-13,43.2764391,44.04127997,38.72612,41.41758534,882400,37680612.16
2022-04-14,41.59185288,41.60153441,38.77452765,39.52968699,705244,29067629.62
2022-04-15,40.12026032,40.12026032,36.79949553,37.30293509,956096,37412291.83
2022-04-18,37.53529181,43.45070664,37.35134274,43.11185309,1152241,48881894.26
2022-04-19,43.10217156,43.10217156,39.84917748,40.9528719,732241,31137325.22
2022-04-20,41.19491015,42.17274468,39.82013289,40.1783495,313514,13228500.09
2022-04-21,39.63618382,42.81172566,39.63618382,40.662426,1071584,45944783.82
2022-04-22,41.09809485,44.71898707,39.36510098,43.2764391,1542338,68214563.01
2022-04-25,41.93070643,43.03440085,39.7910883,39.90726666,946495,39856603.26
2022-04-26,40.1783495,41.81452807,38.83261683,39.3070118,665842,27981987.33
2022-04-27,39.5006424,40.18803103,37.33197968,39.90726666,794083,31570789.54
2022-04-28,39.67490994,39.67490994,37.53529181,38.5324894,822874,32646069.02
2022-04-29,38.72612,40.25580174,37.0802599,39.89758513,658904,26447560.44
2022-05-05,40.12026032,47.42013394,39.89758513,45.97758597,1377359,63257997.8
2022-05-06,46.471344,49.90828715,43.57656653,46.13249045,1390086,66472871.05
2022-05-09,47.70089831,47.86548432,43.69274489,44.89325461,895302,41855889.4
2022-05-10,44.3414074,47.91389197,43.20866839,46.20026116,893078,42764555.47
2022-05-11,46.89733132,48.47542071,45.503191,45.95822291,788382,38081941.67
2022-05-12,45.60968783,47.42013394,45.0191145,45.9872675,451602,21558322.74
2022-05-13,45.8607048,47.13623608,45.26675512,45.89965232,248251,11774189.71
2022-05-16,46.737024,46.97070912,44.546226,44.789648,348508,16341672.47
2022-05-17,44.43912032,45.58807216,43.53359048,45.276492,474464,21713314.87
2022-05-18,45.9580736,47.10702544,44.6922792,46.1528112,458878,21646761.35
2022-05-19,44.86754304,45.84123104,44.86754304,45.11096504,267004,12420376.73
2022-05-20,45.06228064,46.737024,44.80912176,46.33781192,339259,16013757.26
2022-05-23,46.52281264,47.45755312,45.4712296,45.74386224,318181,14990058.37
2022-05-24,46.5422864,49.9501944,44.60464728,45.04280688,861898,42072818.09
2022-05-25,45.0817544,48.18781912,45.0817544,46.737024,627257,30201402.74
2022-05-26,46.80518216,48.54808368,44.42938344,47.81781768,847708,40400014.24
2022-05-27,47.8080808,48.66492624,46.1041268,47.52571128,474983,23064568.81
2022-05-30,47.35044744,51.25493632,46.82465592,49.93072064,584163,29742842.03
2022-05-31,48.96676952,50.90440864,48.28518792,49.14203336,663201,33574945.52
2022-06-01,48.8791376,53.1633648,48.8791376,51.39125264,874568,46266029.48
2022-06-02,51.17704128,54.9160032,50.90440864,54.55573864,812242,44501294.98
2022-06-06,55.16916208,59.394968,54.71152872,57.6423296,1509341,89699531.4
2022-06-07,57.29180192,58.80101832,56.45443024,58.77180768,770651,45437487.32
2022-06-08,58.77180768,58.77180768,55.013372,55.61705856,921382,52984129.43
2022-06-09,55.0620564,56.26942952,54.32205352,55.1107408,527933,30031397.07
2022-06-10,55.1107408,56.20127136,54.4291592,55.2081096,480100,27262689.6
2022-06-13,53.3581024,55.3054784,53.14389104,54.56547552,540072,30036688.32
2022-06-14,53.1633648,54.51679112,51.43993704,52.93941656,477256,25790355.84
2022-06-15,53.3581024,55.16916208,52.1896768,53.61126128,482972,26791827.0
2022-06-16,54.39994856,56.4252196,52.7252052,54.60442304,478477,27180307.43
2022-06-17,54.526528,56.94127424,53.7475776,55.52942664,346848,19762372.03
2022-06-20,55.58784792,57.84680408,54.526528,55.6949536,515253,29592853.31
2022-06-21,55.3054784,55.3054784,53.57231376,54.49731736,339903,18968240.85
2022-06-22,53.95205208,54.526528,50.2423008,50.27151144,805036,42842224.72
2022-06-23,50.05730008,51.15756752,49.69703552,50.2423008,603050,31234927.48
2022-06-24,50.42730152,52.33573,49.48282416,49.91124688,482205,25261799.45
2022-06-27,49.72624616,51.48862144,49.58992984,50.13519512,738190,38073186.83
2022-06-28,50.50519656,51.0212512,47.7593964,50.7778292,788023,40013329.24
2022-06-29,50.0475632,51.13809376,48.30466168,48.31439856,554037,27986861.31
2022-06-30,48.37281984,49.59966672,46.25018,48.16834536,1145662,55869680.12
2022-07-01,47.91518648,48.6844,47.11676232,48.197556,446559,21927401.15
2022-07-04,48.1488716,48.15860848,46.27939064,46.42544384,581376,27853649.99
2022-07-05,46.42544384,47.710712,44.99412248,45.276492,944202,44284048.57
2022-07-06,44.95517496,45.89965232,44.3514884,44.66306856,582734,26888913.52
2022-07-07,45.02333312,45.04280688,43.6212224,43.68938056,359975,16312981.86
2022-07-08,43.80622312,45.763336,43.49464296,44.302804,950992,43541868.2
2022-07-11,44.77991112,44.77991112,42.85200888,43.78674936,604510,27267032.52
2022-07-12,43.12464152,44.4975416,42.73516632,43.4264848,396131,17694200.01
2022-07-13,43.2317472,43.74780184,42.85200888,43.3778004,355183,15779021.9
2022-07-14,42.9396408,44.36122528,42.355428,43.2317472,527763,23501588.02
2022-07-15,43.27069472,43.51411672,41.27463432,42.3067436,536532,23405329.13
2022-07-18,42.21911168,43.50437984,42.21911168,43.2317472,395633,17435826.18
2022-07-19,43.2317472,44.80912176,42.81306136,44.302804,579946,26298255.86
2022-07-20,44.28333024,45.54912464,44.00096072,45.35438704,541488,25003904.32
2022-07-21,45.44201896,46.2988644,44.302804,44.5949104,506233,23453151.49
2022-07-22,44.14701392,44.73122672,42.0633216,42.57937624,592464,26144544.83
2022-07-25,42.57937624,43.46543232,41.93674216,42.76437696,329085,14452325.91
2022-07-26,42.77411384,43.329116,42.22884856,43.20253656,300647,13176078.12
2022-07-27,43.06622024,44.08859264,42.55990248,43.40701104,318013,14089902.21
2022-07-28,43.66016992,45.28622888,43.54332736,44.58517352,593595,27120947.75
2022-07-29,45.00385936,45.91912608,42.58911312,43.81596,1036430,47174201.38
2022-08-01,43.60174864,45.763336,42.59885,45.2278076,764911,34862588.68
2022-08-02,44.79938488,44.79938488,41.868584,42.08279536,634180,27902317.67
2022-08-03,42.08279536,46.36702256,42.08279536,44.6435948,1378992,63513824.76
2022-08-04,45.26675512,45.87044168,43.97175008,45.64649344,793483,36596003.0
2022-08-05,45.64649344,48.0515028,44.8870168,47.9054496,1101095,53195751.0
2022-08-08,47.710712,49.54124544,46.71755024,48.9765064,1157316,57556273.0
2022-08-09,49.06413832,49.1225596,47.30176304,47.59386944,832353,40847784.0
2022-08-10,47.6133432,48.5870312,47.25307864,47.78860704,666605,32797185.0
2022-08-11,47.954134,50.13519512,47.954134,49.8528256,915249,46265189.0
2022-08-12,49.82361496,51.10888312,46.99991976,47.3212368,747615,37144006.0
2022-08-15,47.03886728,48.03202904,45.9580736,47.70097512,573813,27929173.72
2022-08-16,46.25018,47.19465736,44.789648,44.80912176,955942,44906631.3
2022-08-17,45.12070192,45.16938632,42.355428,42.7449032,1079859,47872443.29
2022-08-18,42.7935876,42.96885144,40.894896,42.31648048,929580,39718048.86
2022-08-19,41.75174144,43.14411528,41.12858112,41.4791088,743394,32003085.71
2022-08-22,41.625162,41.625162,40.47621016,41.1870024,501501,21131858.1
2022-08-23,40.95331728,41.36226624,40.0185768,40.15489312,510741,21202353.32
2022-08-24,40.08673496,40.1159456,38.2659384,38.43146536,567641,22754580.78
2022-08-25,38.90857248,41.0896336,38.18804336,40.63200024,1056481,43625229.63
2022-08-26,40.63200024,41.36226624,39.64857536,40.59305272,823907,34195141.12
2022-08-29,39.921208,42.80332448,38.96699376,41.4304244,1030724,44047397.02
2022-08-30,41.71279392,42.1606904,40.08673496,40.47621016,537420,22453745.13
2022-08-31,40.47621016,40.69042152,38.3146228,38.56778168,815202,32634384.78
2022-09-01,38.93778312,39.3856796,37.000144,37.37988232,672631,26169745.92
2022-09-02,37.91541072,40.0185768,37.243566,39.190942,885540,35341671.28
2022-09-05,38.94752,39.99910304,37.10724968,37.74014688,740762,28848829.99
2022-09-06,37.973832,38.44120224,36.86382768,37.26303976,680513,26151125.84
2022-09-07,37.20461848,37.8277788,36.91251208,37.37988232,632573,24273024.63
2022-09-08,37.486988,37.486988,35.539612,35.79277088,697046,25950674.15
2022-09-09,36.1238248,36.14329856,35.4422432,35.94856096,212819,7823860.35
2022-09-13,36.38672056,38.94752,35.93882408,37.7790944,1442720,55505190.83
2022-09-14,37.000144,37.30198728,36.4159312,37.08777592,768163,29046991.07
2022-09-15,37.46751424,37.46751424,34.8580304,35.03329424,894490,32734411.65
2022-09-16,35.03329424,36.79566952,34.49776584,35.1988212,1098411,40045890.55
2022-09-19,34.9553992,35.2475056,33.105392,33.41697216,1007447,34853160.74
2022-09-20,33.30986648,34.21539632,32.5698636,32.9106544,1034695,35196517.93
2022-09-21,32.74512744,33.3974984,32.09275648,32.78407496,714921,23901757.08
2022-09-22,32.82302248,33.6896048,32.5211792,32.68670616,838096,28472808.08
2022-09-23,32.98854944,32.98854944,31.0606472,31.2067004,730978,23800571.77
2022-09-26,30.7685408,31.4988068,30.41801312,30.74906704,764435,24284976.12
2022-09-27,31.31380608,32.07328272,30.83669896,31.89801888,1008942,32710324.41
2022-09-28,31.4501224,32.28749408,30.05774856,30.1356436,550199,17462633.23
2022-09-29,30.4764344,31.34301672,30.24274928,30.30117056,892450,28265625.57
2022-09-30,30.671172,30.93406776,29.14248184,29.14248184,400881,12304249.15
2022-10-10,29.5027464,29.83380032,28.6264272,29.1132712,519016,15566782.52
2022-10-11,29.0159024,29.51248328,27.38984344,28.65563784,480424,14156637.5
2022-10-12,28.65563784,31.43064864,28.1395832,31.3527536,1155430,35660028.21
2022-10-13,31.07038408,32.33617848,30.73933016,32.07328272,1073784,35072591.42
2022-10-14,32.0343352,33.23197144,31.72275504,32.92039128,642126,21518920.56
2022-10-17,33.42670904,34.47829208,32.92039128,34.21539632,736527,25645178.5
2022-10-18,34.07908,34.48802896,32.74512744,33.0567076,852701,29234063.88
2022-10-19,33.0567076,33.66039416,32.43354728,32.8132856,610923,20665619.12
2022-10-20,32.8132856,35.52987512,32.131704,34.53671336,1315007,46005178.69
2022-10-21,34.565924,34.565924,32.9106544,33.835658,584097,20163972.15
2022-10-24,33.82592112,35.783034,33.42670904,35.72461272,1467254,52488494.35
2022-10-25,36.50356312,39.18120512,34.18618568,34.58539776,3453729,129050681.46
2022-10-26,36.62040568,41.10910736,35.74408648,39.921208,4063995,160280769.06
2022-10-27,40.29120944,42.0633216,38.94752,41.38174,3219719,135233356.57
2022-10-28,41.44016128,41.8198996,39.97962928,40.47621016,2202020,92922952.18
2022-10-31,40.6027896,42.842272,40.47621016,41.29410808,1663152,71078232.38
2022-11-01,40.5054208,41.1870024,39.41489024,40.2619988,2085834,85801978.92
2022-11-02,40.22305128,41.07015984,38.96699376,39.51225904,1790493,72815545.85
2022-11-03,40.77805344,44.99412248,39.37594272,43.99122384,3961521,173651053.57
2022-11-04,44.19569832,44.19569832,40.894896,42.29700672,2921028,125300073.3
2022-11-07,42.1606904,42.65727128,40.91436976,41.1870024,2159998,92232054.19
2022-11-08,41.5764776,41.5764776,39.84331296,40.98252792,1261496,52910819.18
2022-11-09,41.0409492,41.4791088,40.0672612,40.894896,1232506,51766380.02
2022-11-10,40.4567364,42.842272,40.4567364,40.894896,1478027,63215861.62
2022-11-11,41.4791088,42.67674504,39.90173424,39.90173424,1245378,52702203.71
2022-11-14,40.23278816,40.43726264,38.94752,39.70699664,912306,37162338.22
2022-11-15,40.5054208,42.13147976,39.06436256,40.41778888,1727178,72006141.79
2022-11-16,40.67094776,41.54726696,39.60962784,39.68752288,886667,36886274.77
2022-11-17,40.1159456,42.27753296,39.07409944,41.97568968,1495095,62730188.11
2022-11-18,41.1870024,42.61832376,40.5054208,40.5054208,953814,40864815.17
2022-11-21,40.87542224,41.2356868,39.73620728,40.7001584,910001,37783488.7
2022-11-22,40.32042008,41.65437264,39.921208,39.94068176,1040399,43372223.21
2022-11-23,39.76541792,40.48594704,37.51619864,38.1198852,1065647,42052324.5
2022-11-24,38.25620152,39.8725236,38.25620152,38.94752,890944,35820720.13
2022-11-25,38.1685696,39.1422576,37.000144,37.3896192,743050,28819422.83
2022-11-28,36.5133,38.45093912,36.32829928,37.07803904,1056738,40572223.85
2022-11-29,37.83751568,38.25620152,36.64961632,36.84435392,1096183,41645056.86
2022-11-30,36.77619576,36.78593264,34.45881832,34.94566232,1654455,59702657.87
2022-12-01,34.98460984,37.00988088,34.98460984,36.88330144,1332965,49791944.9
2022-12-02,36.99040712,37.76935752,36.16277232,37.02935464,799208,30457705.14
2022-12-05,36.83461704,38.15883272,36.7080376,37.39935608,926913,35741221.86
2022-12-06,36.88330144,37.78883128,36.71777448,37.0975128,588388,22531001.4
2022-12-07,37.1948816,37.36040856,36.24066736,36.6106688,476631,18031346.64
2022-12-08,36.24066736,36.60093192,35.539612,35.86092904,498141,18380722.28
2022-12-09,36.5133,36.5133,34.73145096,34.88724104,740321,26678249.62
2022-12-12,34.75092472,36.2211936,34.75092472,35.8804028,752674,27561737.95
2022-12-13,36.026456,36.09461416,34.25434384,34.2738176,634059,22584264.98
2022-12-14,34.93592544,34.93592544,33.7869736,34.07908,495333,17482894.24
2022-12-15,33.30986648,34.9067148,33.30986648,34.54645024,750054,26368811.78
2022-12-16,34.45881832,34.45881832,32.8132856,32.93012816,697912,23791580.26
2022-12-19,33.11512888,33.82592112,32.618548,32.63802176,776019,26436612.81
2022-12-20,32.93986504,33.7382892,32.28749408,32.4238104,469484,15826794.22
2022-12-21,32.97881256,32.97881256,31.4501224,31.81038696,422646,13872733.52
2022-12-22,31.81038696,32.28749408,31.19696352,31.36249048,310870,10146429.77
2022-12-23,31.36249048,31.60591248,30.50564504,30.83669896,499129,15948555.81
2022-12-26,30.6224876,32.70617992,30.6224876,32.36538912,736448,24239704.78
2022-12-27,32.50170544,32.59907424,31.04117344,31.92722952,759315,24658533.01
2022-12-28,31.81038696,31.99538768,30.72959328,31.0606472,671803,21479537.61
2022-12-29,31.23591104,32.94960192,31.07038408,32.10249336,1262334,41511471.49
2022-12-30,31.66433376,32.53091608,30.45696064,31.12880536,1970117,62830050.93
2023-01-03,30.914594,34.78013536,30.914594,34.6632928,1945651,66638035.06
2023-01-04,35.3448744,35.3448744,34.04013248,35.1014524,1534716,54548900.87
2023-01-05,36.10435104,36.60093192,34.6632928,35.36434816,1821001,66893547.01
2023-01-06,35.35461128,35.67592832,34.91645168,35.09171552,848727,30717076.2
2023-01-09,35.35461128,36.01671912,34.87750416,35.27671624,899511,32590375.05
2023-01-10,34.94566232,35.40329568,34.74118784,34.9067148,594675,21366097.09
2023-01-11,34.9067148,34.96513608,33.7869736,33.81618424,895394,31518717.56
2023-01-12,34.15697504,35.23776872,33.8843424,34.48802896,807964,28513459.01
2023-01-13,34.18618568,34.7119772,33.3001296,33.6896048,766073,26496864.82
2023-01-16,34.01092184,36.7080376,33.96223744,35.95829784,1874780,69159741.36
2023-01-17,35.9290872,35.99724536,34.9553992,35.65645456,1384612,50373635.55
2023-01-18,35.77329712,37.243566,35.56882264,37.0488284,1493959,56273775.42
2023-01-19,37.21435536,38.30488592,36.4159312,37.74988376,1580776,61011636.2
2023-01-20,37.70119936,39.08383632,37.20461848,38.2659384,1452150,56858627.66
2023-01-30,38.94752,39.13252072,36.82488016,37.243566,1646947,63358551.2
2023-01-31,37.973832,38.24646464,36.91251208,37.0488284,1021202,39040095.76
2023-02-01,37.17540784,37.85698944,37.01961776,37.8277788,1177863,45301838.57
2023-02-02,37.8764632,38.68462424,37.45777736,37.70119936,1765974,68888518.4
2023-02-03,39.80436544,42.355428,39.49278528,40.8462116,4808803,200662401.62
2023-02-06,40.95331728,40.9922648,38.8501512,39.71673352,3387854,138265948.06
2023-02-07,40.16463,40.16463,38.94752,39.30778456,1761914,71174489.71
2023-02-08,39.15199448,39.59989096,38.7527824,38.91830936,1295433,51980786.47
2023-02-09,38.94752,39.68752288,38.38278096,39.60962784,1610158,65059173.58
2023-02-10,39.51225904,40.15489312,38.90857248,39.00594128,1054664,42700586.49
2023-02-13,38.94752,39.91147112,38.92804624,39.79462856,1546738,62855101.32
2023-02-14,39.64857536,40.24252504,39.10331008,39.60962784,1304962,53124245.62
2023-02-15,39.63883848,41.38174,39.63883848,40.9922648,2051989,85421984.78
2023-02-16,40.72936904,42.90069328,40.51515768,41.40121376,2880754,124375719.74
2023-02-17,41.1870024,41.53753008,38.66515048,38.83067744,1543583,63061492.04
2023-02-20,38.8501512,39.20067888,38.0225164,38.7527824,1100092,43574356.71
2023-02-21,38.94752,41.2843712,38.84041432,39.73620728,1505172,61971739.3
2023-02-22,39.35646896,40.29120944,38.88909872,39.921208,1088318,44178923.5
2023-02-23,44.86754304,47.30176304,41.97568968,43.5238536,6434013,296594011.48
2023-02-24,42.58911312,43.15385216,40.53463144,40.7001584,3817900,162479776.4
2023-02-27,40.98252792,42.34569112,39.7264704,39.73620728,2361463,98842454.17
2023-02-28,39.91147112,41.0896336,39.71673352,40.43726264,2317752,95907934.44
2023-03-01,40.28147256,44.22490896,40.03805056,43.30964224,4099756,179869901.37
2023-03-02,43.30964224,44.03990824,42.49174432,43.58227488,2341080,104335018.23
2023-03-03,43.99122384,43.99122384,41.76147832,42.28726984,1468522,64145100.96
2023-03-06,42.4527968,42.82279824,41.89779464,42.15095352,1127599,48833949.02
2023-03-07,42.15095352,42.36516488,40.93384352,40.9435804,987196,42159077.11
2023-03-08,40.894896,42.46253368,40.894896,41.84911024,954365,40952940.49
2023-03-09,41.6738464,42.4527968,41.39147688,41.99516344,866158,37339463.4
2023-03-10,41.74200456,42.5501656,41.38174,41.58621448,956044,41319810.81
2023-03-13,41.58621448,43.60174864,41.16752864,43.41674792,2025563,88351517.06
2023-03-14,43.1343784,43.2317472,41.66410952,42.70595568,1216580,53053963.62
2023-03-15,42.83253512,43.15385216,41.868584,41.9659528,1027532,44713600.91
2023-03-16,42.1606904,42.51121808,41.25516056,41.5764776,872311,37445283.17
2023-03-17,41.66410952,43.09543088,41.66410952,42.355428,1042149,45535658.28
2023-03-20,42.6475344,43.1830628,41.87832088,42.81306136,1514522,66187418.57
2023-03-21,42.355428,44.14701392,41.99516344,43.48490608,1238556,55080101.85
2023-03-22,43.72832808,44.21517208,42.94937768,44.059382,1006351,45124681.65
2023-03-23,43.92306568,45.15964944,43.17332592,44.9843856,1188702,53861190.53
2023-03-24,45.5685984,45.5685984,43.83543376,44.6922792,1106894,50615168.87
2023-03-27,45.41280832,47.69123824,44.789648,46.2988644,3765450,178464893.0
2023-03-28,46.2988644,47.6620276,44.57543664,46.55202328,3042817,144507468.49
2023-03-29,45.78280976,46.25018,44.45859408,44.87727992,2310050,107199141.14
2023-03-30,45.64649344,45.64649344,43.45569544,43.64069616,2202297,99931224.7
2023-03-31,43.81596,44.45859408,42.94937768,44.1080664,1911276,85800806.86
2023-04-03,43.77701248,45.34465016,43.5238536,45.1791232,1608718,73735115.91
2023-04-04,44.92596432,45.72438848,43.82569688,44.56569976,1721074,79140229.54
2023-04-06,44.2054352,45.0817544,43.84517064,44.47806784,1631232,74600074.75
2023-04-07,44.5949104,45.96781048,43.83543376,45.763336,1500488,69786577.64
2023-04-10,46.3475488,48.18781912,44.4001728,44.4001728,2403437,114736726.13
2023-04-11,44.48780472,46.25018,44.26385648,45.3738608,1322865,61490853.59
2023-04-12,46.61044456,48.1001872,44.80912176,47.223868,2059561,98749131.66
2023-04-13,47.73018576,49.53150856,47.36018432,47.8567652,2101606,103958571.43
2023-04-14,48.49939928,51.2159888,47.223868,48.42150424,2233962,111836499.49
2023-04-17,48.42150424,48.43124112,45.8607048,46.99991976,2162487,104310281.12
2023-04-18,46.90255096,47.09728856,45.77307288,46.18202184,918046,43615386.65
2023-04-19,46.53254952,47.5646588,46.25018,46.47412824,1569019,75558596.81
2023-04-20,46.25018,47.31149992,45.48096648,47.10702544,1399803,66639524.54
2023-04-21,47.10702544,47.4186056,43.4264848,43.46543232,1908440,88123376.45
2023-04-24,43.34858976,43.88411816,41.93674216,42.63779752,1328616,58257563.5
2023-04-25,42.52095496,42.52095496,40.43726264,40.5054208,1560360,66155650.49
2023-04-26,41.5764776,43.73806496,40.93384352,41.17726552,2003871,86807231.74
2023-04-27,41.48884568,42.4527968,40.58331584,40.9922648,1296940,55290267.05
2023-04-28,41.30384496,43.09543088,41.1870024,42.83253512,1220708,53084532.63
2023-05-04,42.73516632,44.1567508,41.36226624,43.67964368,1913682,83715405.89
2023-05-05,43.6212224,44.46833096,42.9396408,43.98148696,1090825,49089488.72
2023-05-08,43.67964368,44.059382,42.17042728,43.21227344,1188724,52570485.0
2023-05-09,43.12464152,44.17622456,42.56963936,43.10516776,1025141,45633391.68
2023-05-10,42.5014812,43.9133288,42.2580592,42.76437696,682212,30189862.68
2023-05-11,42.842272,43.50437984,42.22884856,42.28726984,662464,29077919.56
2023-05-12,42.02437408,42.6475344,41.58621448,41.59595136,636176,27568025.0
2023-05-15,41.82963648,42.2580592,41.01173856,42.23858544,726323,31022170.81
2023-05-16,42.23858544,42.24832232,40.72936904,40.7975272,764456,32269478.0
2023-05-17,41.625162,43.2317472,40.52489456,40.80726408,1044453,44388312.46
2023-05-18,40.7488428,41.4791088,39.921208,41.36226624,678872,28663442.35
2023-05-19,42.0100832,42.06897584,41.224848,41.4211568,528244,22440721.02
2023-05-22,41.2739252,41.72543544,41.0285392,41.49968032,480752,20267853.11
2023-05-23,41.36226416,41.71562,40.81259952,41.23466344,386173,16244256.87
2023-05-24,40.49850544,42.451778,40.49850544,42.07879128,640286,27174333.26
2023-05-25,41.80395896,41.94137512,40.35127384,41.40152592,751804,31445396.76
2023-05-26,41.34263328,43.66889256,41.1266936,43.12904336,1095042,47551264.22
2023-05-29,43.46276832,45.1019468,43.31553672,44.94489976,1374397,62368028.23
2023-05-30,45.28844016,46.44666208,43.9731712,46.25035328,1592925,73991143.1
2023-05-31,46.58407824,48.11528688,45.32770192,47.72266928,1779530,86023375.84
2023-06-01,47.72266928,49.28332424,46.8196488,48.85144488,1476636,72823425.24
2023-06-02,48.75329048,51.22678136,48.36067288,49.53852568,1639499,83565272.04
2023-06-05,49.68575728,50.87342552,49.3716632,50.86361008,1184853,60522730.63
2023-06-06,50.9421336,51.040288,49.10664632,49.46000216,1155696,58936585.03
2023-06-07,49.2735088,52.17887904,49.2735088,51.45253648,1704357,89027691.62
2023-06-08,51.4819828,51.76663056,50.09800576,51.05991888,918299,47743097.83
2023-06-09,50.85379464,52.4144496,50.1568984,52.021832,1012208,53436090.78
2023-06-12,51.05991888,53.53340976,50.8439792,52.81688264,888246,47730387.07
2023-06-13,52.7089128,54.94683312,52.08072464,54.68181624,1549130,85571512.01
2023-06-14,54.75052432,54.78978608,53.33710096,53.98492,946723,52059228.34
2023-06-15,53.98492,54.5738464,52.3162952,52.7089128,1107282,59716792.18
2023-06-16,52.63038928,54.19104424,51.68810704,53.98492,1043164,56752784.05
2023-06-19,54.21067512,55.42778968,53.89658104,54.1812288,876719,48763142.37
2023-06-20,54.19104424,54.8683096,53.42543992,54.7701552,906433,50281227.38
2023-06-21,54.77997064,54.966464,53.42543992,53.98492,556041,30644448.94
2023-06-26,53.494148,53.66101048,50.058744,50.058744,1550060,80597030.57
2023-06-27,50.17652928,50.48080792,49.2735088,50.21579104,1104288,56159234.15
2023-06-28,50.21579104,50.21579104,47.88953176,48.49808904,979647,48383875.02
2023-06-29,47.87971632,50.8439792,47.87971632,50.08819032,908660,46000304.61
2023-06-30,50.7458248,51.32493576,49.19498528,50.5985932,698566,35905014.27
2023-07-03,50.9912108,51.70773792,49.78391168,50.27468368,529970,27170678.66
2023-07-04,50.57896232,50.9421336,49.63668008,49.92132784,518846,26466665.85
2023-07-05,50.3532072,50.8439792,49.4698176,49.63668008,678884,34694530.66
2023-07-06,50.36302264,51.1875196,49.09683088,49.34221688,677989,34492222.21
2023-07-07,49.35203232,49.567972,48.20362584,48.65513608,416534,20643387.26
2023-07-10,48.31159568,49.6661264,48.05639424,48.66495152,527013,26300898.12
2023-07-11,48.37048832,50.058744,48.37048832,49.0772,393781,19657963.76
2023-07-12,49.0772,49.0772,47.4085752,47.9484244,537319,26326761.0
2023-07-13,48.36067288,48.86126032,47.46746784,48.31159568,335651,16503098.01
2023-07-14,48.59624344,49.57778744,48.16436408,49.0772,493099,24690782.65
2023-07-17,49.35203232,50.52006968,48.10547144,49.4207404,709559,35949921.88
2023-07-18,49.03793824,49.25387792,48.57661256,48.65513608,370331,18422182.36
2023-07-19,48.831814,49.73483448,48.70421328,49.08701544,496841,24902615.58
2023-07-20,49.13609264,49.74464992,47.72266928,47.9484244,578280,28511628.89
2023-07-21,48.17417952,48.8808912,46.5251856,46.868726,572419,27500399.93
2023-07-24,47.0159576,48.98886104,46.50555472,47.7521156,583655,28337260.73
2023-07-25,48.38030376,49.05756912,47.57543768,47.86990088,420089,20563913.98
2023-07-26,47.86990088,47.95823984,46.40740032,46.60370912,466471,22299828.65
2023-07-27,46.89817232,47.08466568,45.28844016,45.41604088,544698,25517184.65
2023-07-28,45.151024,47.72266928,45.151024,47.09448112,967293,46026903.63
2023-07-31,47.09448112,47.29078992,44.96453064,45.01360784,802631,37231835.42
2023-08-01,45.60253424,46.51537016,44.8565608,45.04305416,683531,31827452.0
2023-08-02,45.6908732,46.2307224,44.69951376,45.91662832,604501,28202308.48
2023-08-03,45.5927188,46.09330624,44.8565608,45.2491784,389763,17990039.22
2023-08-04,45.151024,46.75094072,45.13139312,46.31906136,423891,19910254.19
2023-08-07,46.3288768,46.97669584,45.74976584,46.46629296,490958,23193277.52
2023-08-08,46.46629296,46.98651128,45.151024,45.56327248,388043,18121565.91
2023-08-09,45.9853364,46.132568,44.9547152,45.19028576,396641,18311210.25
2023-08-10,45.01360784,45.6908732,44.8565608,45.37677912,281420,12973015.64
2023-08-11,45.37677912,46.49573928,44.660252,44.72896008,631909,29262423.77
2023-08-14,44.16948,46.01478272,44.16948,45.75958128,677598,31138460.65
2023-08-15,46.05404448,46.05404448,42.21620744,44.34615792,1157537,52372386.06
2023-08-16,44.25781896,44.43449688,42.5990096,42.87384192,1217190,53790925.41
2023-08-17,43.03088896,43.03088896,42.1082376,42.62845592,1089897,47128065.98
2023-08-18,42.62845592,43.54129184,41.6665428,42.23583832,825165,35944335.54
2023-08-21,41.961006,43.63944624,41.34263328,42.46159344,925031,40187891.5
2023-08-22,42.76587208,44.37560424,42.28491552,44.24800352,1217739,53647701.06
2023-08-23,44.16948,44.5620976,42.5990096,42.76587208,1046713,46056918.17
2023-08-24,42.76587208,43.42350656,41.92174424,42.5499324,793452,34543022.48
2023-08-25,42.27510008,42.98181176,40.96964656,41.31318696,754772,32105771.67
2023-08-28,43.61981536,44.18911088,40.05681064,40.243304,1174680,49849266.41
2023-08-29,41.18558624,43.46276832,40.3905356,43.06033528,1168835,50370235.01
2023-08-30,43.27627496,44.73877552,42.70697944,44.47375864,826878,37069640.44
2023-08-31,44.06151016,44.905638,43.75723152,44.62099024,646418,29193235.12
2023-09-01,44.99397696,44.99397696,43.37442936,43.5314764,563354,25080974.05
2023-09-04,43.5314764,44.3657888,42.5499324,43.678708,721798,31691293.7
2023-09-05,43.80630872,44.48357408,43.39406024,43.75723152,492427,22019055.08
2023-09-06,43.75723152,44.33634248,43.14867424,44.16948,385044,17196973.73
2023-09-07,46.79020248,46.97669584,43.90446312,43.90446312,1005081,45734334.78
2023-09-08,44.29708072,45.33751736,43.21738232,45.0528696,924769,41806758.57
2023-09-11,45.0528696,45.12157768,44.05169472,44.71914464,570437,25871403.85
2023-09-12,44.8565608,45.91662832,44.29708072,44.97434608,771780,35561622.8
2023-09-13,45.19028576,45.19028576,43.11922792,43.3351676,550384,24506459.54
2023-09-14,43.16830512,44.16948,42.697164,43.187936,588274,26033778.02
2023-09-15,43.21738232,43.924094,42.72661032,43.51184552,484414,21406272.16
2023-09-18,43.85538592,44.15966456,43.0407044,43.37442936,549623,24446001.19
2023-09-19,43.44313744,43.678708,42.1082376,42.52048608,457786,19831318.62
2023-09-20,42.206392,42.90328824,41.48004944,41.48004944,374786,15995380.71
2023-09-21,41.67635824,42.49103976,41.23466344,41.3720796,312883,13298540.2
2023-09-22,41.28374064,43.14867424,41.00890832,43.07996616,416340,17992948.31
2023-09-25,43.1388588,43.93390944,42.31436184,43.52166096,553418,24389722.16
2023-09-26,43.4823992,45.03323872,42.70697944,44.49338952,707192,31967274.39
2023-09-27,44.20874176,45.151024,43.96335576,45.11176224,613084,27993458.47
2023-09-28,45.17065488,46.11293712,44.57191304,45.95589008,747989,34685174.15
2023-10-09,45.95589008,45.95589008,43.86520136,44.24800352,573563,26028974.87
2023-10-10,44.91545344,44.91545344,43.7277852,43.93390944,436183,19628955.14
2023-10-11,44.0222484,45.0037924,43.68852344,44.2676344,434239,19606255.54
2023-10-12,44.54246672,44.65043656,43.5805536,43.73760064,350619,15710096.29
2023-10-13,43.8259396,43.83575504,42.39288536,42.83458016,480850,20990775.66
2023-10-16,42.83458016,42.9916272,41.70580456,42.4027008,290128,12487811.89
2023-10-17,42.5990096,42.71679488,41.80395896,42.66771768,325018,14031383.59
2023-10-18,42.24565376,42.56956328,41.224848,42.04934496,394883,16810074.84
2023-10-19,41.75488176,42.87384192,40.98927744,41.06780096,457016,19446468.85
2023-10-20,41.06780096,41.69598912,39.51696144,39.64456216,565612,23142463.5
2023-10-23,39.25194456,39.51696144,36.3662052,37.62258152,1244877,48168446.39
2023-10-24,37.62258152,38.80043432,36.1698964,36.59196032,1677382,63021024.04
2023-10-25,37.298672,38.6728336,36.6115912,37.13180952,1676376,64127435.0
2023-10-26,37.13180952,38.09372264,37.0042088,37.81889032,1307033,49982871.06
2023-10-27,38.09372264,38.39800128,35.94414128,37.16125584,1773960,66397490.41
2023-10-30,36.8079,38.5746792,36.45454416,38.5746792,1612393,61853346.59
2023-10-31,38.20169248,39.26176,37.99556824,38.95748136,1181087,46516313.47
2023-11-01,38.48634024,39.73290112,37.85815208,39.10471296,1171663,46555649.51
2023-11-02,39.33046808,39.33046808,38.45689392,38.55504832,748949,29595014.93
2023-11-03,38.55504832,40.0469952,38.55504832,39.51696144,840631,33799700.82
2023-11-06,40.08625696,41.10706272,39.59548496,40.76352232,820823,33739460.22
2023-11-07,40.734076,42.67753312,40.26293488,42.21620744,1096416,46507824.56
2023-11-08,42.5008552,43.3842448,41.75488176,41.92174424,1856582,80449415.55
2023-11-09,41.68617368,42.48122432,40.70462968,41.03835464,1108825,46701746.31
2023-11-10,41.00890832,41.21503256,40.4396128,40.71444512,635624,26480883.78
2023-11-13,41.09724728,42.0591604,40.69481424,41.40152592,786503,33247651.63
2023-11-14,41.74506632,43.47258376,40.60647528,42.51067064,1237626,53549393.29
2023-11-15,42.80513384,42.9916272,41.50949576,41.74506632,839598,35967117.08
2023-11-16,41.73525088,42.70697944,41.48004944,41.77451264,812854,34971498.93
2023-11-17,41.77451264,43.678708,40.75370688,42.34380816,1116750,48212127.02
2023-11-20,41.8137744,42.77568752,41.71562,42.65790224,745012,32076059.7
2023-11-21,42.66771768,43.17812056,41.8137744,42.02971408,807634,34903243.12
2023-11-22,41.64691192,42.7953184,41.5193112,41.54875752,568359,24399298.0
2023-11-23,41.59783472,42.1082376,41.16595536,41.90211336,529085,22467633.55
2023-11-24,41.72543544,41.92174424,40.51813632,40.8322304,591152,24721279.17
2023-11-27,40.72426056,42.0100832,40.38072016,40.87149216,829404,34682602.32
2023-11-28,41.0285392,42.14749936,41.0285392,41.77451264,755095,32054922.36
2023-11-29,42.07879128,42.38306992,41.34263328,41.49968032,560267,23923208.28
2023-11-30,41.59783472,41.77451264,40.1451496,40.8813076,644815,26814833.57
2023-12-01,40.6359216,41.88248248,40.26293488,41.63709648,777403,32470530.57
2023-12-04,41.9119288,41.9119288,40.49850544,40.9303848,793928,33131531.45
2023-12-05,40.67518336,40.95983112,39.26176,39.26176,867499,35265403.17
2023-12-06,39.4580688,40.0469952,38.7219108,39.23231368,1071559,42949758.87
2023-12-07,39.30102176,41.09724728,39.30102176,40.41998192,875960,35889041.25
2023-12-08,40.51813632,41.20521712,40.03717976,40.22367312,833281,34433061.46
2023-12-11,40.3905356,41.0776164,39.62493128,40.979462,961698,39758080.35
2023-12-12,40.6849988,41.31318696,40.45924368,40.80278408,647707,27009862.65
2023-12-13,40.51813632,41.0776164,39.9488408,40.37090472,585993,24259849.47
2023-12-14,40.60647528,40.92056936,39.63474672,39.72308568,778648,31873625.29
2023-12-15,39.72308568,40.52795176,39.14397472,39.29120632,748662,30094126.56
2023-12-18,39.22249824,39.88013272,38.770988,38.770988,765989,30710657.14
2023-12-19,38.99674312,39.46788424,38.7219108,39.28139088,661642,26336254.75
2023-12-20,39.46788424,39.57585408,38.3292932,38.56486376,725343,28746336.44
2023-12-21,38.27040056,38.98692768,37.60295064,38.43726304,826085,32228819.52
2023-12-22,38.20169248,38.770988,37.544058,37.63239696,849352,32861274.42
2023-12-25,37.6912896,38.48634024,37.1023632,37.71092048,693661,26744718.49
2023-12-26,37.86796752,37.86796752,36.68029928,37.1514404,549131,20706954.87
2023-12-27,37.08273232,37.47534992,36.7588228,37.07291688,590486,22324718.37
2023-12-28,36.98457792,38.45689392,36.33675888,37.9857528,802201,30779279.85
2023-12-29,37.9857528,39.72308568,37.92686016,39.57585408,980902,38930239.63
2024-01-02,39.57585408,39.57585408,38.46670936,38.87895784,763907,30308690.33
2024-01-03,39.23231368,39.23231368,37.71092048,38.07409176,966405,37672797.03
2024-01-04,37.50479624,38.24095424,37.22014848,37.32811832,890309,34150436.87
2024-01-05,37.3477492,37.9857528,36.2680508,36.6115912,1193448,44986006.31
2024-01-08,36.64103752,37.4459036,35.9245104,36.9060544,2292892,85406033.29
2024-01-09,36.50362136,36.99439336,34.844812,34.9429664,2552124,92957082.4
2024-01-10,34.83499656,35.29632224,33.95160696,33.95160696,1794353,62955292.33
2024-01-11,34.33440912,36.48399048,34.21662384,36.4152824,1673422,60673027.61
2024-01-12,36.2680508,36.2680508,35.21779872,35.26687592,1056026,38277619.7
2024-01-15,35.31595312,35.44355384,34.4521944,34.5012716,1036218,36761828.88
2024-01-16,34.6485032,35.08038256,34.0104996,35.07056712,1009569,35550919.48
2024-01-17,35.07056712,35.21779872,33.9614224,34.0104996,733646,25756556.31
2024-01-18,33.5688048,33.97123784,32.49892184,33.70622096,996264,33807298.94
2024-01-19,33.92216064,34.00068416,32.96024752,32.9798784,827046,28027094.35
2024-01-22,33.05840192,33.1761872,30.33952504,30.60454192,1415507,45626859.16
2024-01-23,30.5750956,30.99715952,29.6426288,30.34934048,1352807,41651014.85
2024-01-24,30.46712576,30.918636,28.84757816,30.2315552,1345357,40626485.2
2024-01-25,30.3297096,31.69405576,29.8389376,31.49774696,1247449,39274923.88
2024-01-26,31.2130992,31.54682416,30.60454192,30.68306544,853394,26980823.86
2024-01-29,31.38977712,31.38977712,29.57392072,29.87819936,901836,27741956.66
2024-01-30,29.57392072,30.31007872,29.1518568,29.24019576,1221390,36989197.76
2024-01-31,29.21074944,29.33835016,26.99246,27.1887688,1436818,40870901.59
2024-02-01,26.85504384,27.47341656,26.0599932,26.92375192,1261916,34373537.94
2024-02-02,26.92375192,27.3850776,23.78281112,24.96066392,2035393,52736660.06
2024-02-05,25.13734184,25.13734184,20.5142696,21.26024304,2976455,66441648.19
2024-02-06,21.103196,22.20252528,19.34623224,20.73020928,3580879,75080420.75
2024-02-07,20.89707176,21.0050416,19.24807784,19.76829616,3234335,66384218.66
2024-02-08,20.03331304,23.72391848,19.56217192,23.72391848,3404653,74732498.82
2024-02-19,23.82207288,27.22803056,23.74354936,26.1090704,4225663,111544916.58
2024-02-20,26.13851672,26.4035336,25.34346608,25.8636844,2354384,61929275.79
2024-02-21,25.69682192,27.6795408,25.4219896,26.256302,1926562,52153794.35
2024-02-22,26.19740936,27.5813864,26.19740936,27.2869232,1679678,46256238.42
2024-02-23,27.49304744,30.2315552,27.19858424,29.5444744,3272282,96408294.05
2024-02-26,29.8880148,32.03759616,29.4953972,30.15303168,2772211,85874042.1
2024-02-27,29.8880148,31.2130992,29.3972428,31.2130992,2426907,74967759.35
2024-02-28,30.95789776,31.79221016,27.3850776,27.483232,3189925,96588002.09
2024-02-29,27.2869232,28.96536344,27.237846,28.9064708,2194516,63190599.21
2024-03-01,29.0046252,29.4953972,28.22920544,28.955548,2096715,61681816.19
2024-03-04,28.97517888,29.41687368,28.15068192,28.70034656,2183874,63830416.31
2024-03-05,28.464776,29.200934,27.88566504,28.37643704,1680818,49207967.6
2024-03-06,28.30772896,29.0537024,27.66972536,28.37643704,1495554,43098549.12
2024-03-07,28.45496056,29.27945752,28.2684672,28.44514512,1740348,51144195.65
2024-03-08,28.52366864,28.93591712,27.65990992,28.64145392,1361768,39157675.38
2024-03-11,28.6610848,29.1027796,28.0721584,29.04388696,1181485,34437115.5
2024-03-12,29.0537024,29.62299792,28.54329952,29.30890384,1400499,41473473.57
2024-03-13,29.30890384,30.0843236,29.11259504,29.5935516,1373649,41384881.58
2024-03-14,29.71133688,29.73096776,28.2684672,28.8573936,1461140,43065842.65
2024-03-15,28.8573936,29.13222592,28.3175444,29.08314872,1205216,35268704.24
2024-03-18,29.3481656,30.04506184,28.955548,30.0352464,1646005,49502562.98
2024-03-19,30.01561552,30.76158896,29.937092,30.15303168,1547903,47821511.81
2024-03-20,30.05487728,30.89900512,30.0352464,30.63398824,1165167,36143722.16
2024-03-21,30.9677132,31.3603308,29.75059864,30.35915592,1441456,44826446.81
2024-03-22,30.80085072,30.84011248,28.955548,29.6426288,1419755,42883182.48
2024-03-25,29.61318248,29.7407832,28.1703128,28.2684672,1461204,43074253.61
2024-03-26,28.464776,28.64145392,27.14950704,27.60101728,1503965,42449519.79
2024-03-27,27.49304744,27.78751064,26.54094976,26.63910416,1222006,33497671.91
2024-03-28,26.501688,27.26729232,25.8636844,26.78633576,1814384,49107312.94
2024-03-29,26.47224168,27.14950704,25.95202336,26.96301368,1596370,42903375.48
2024-04-01,27.90529592,28.9064708,27.68935624,28.35680616,2092351,60147677.98
2024-04-02,28.4156988,28.4156988,27.26729232,27.46360112,1393372,39150490.01
2024-04-03,27.39489304,27.483232,26.61947328,26.99246,982299,27056358.68
2024-04-08,26.90412104,27.8758496,25.9127616,26.0599932,1254935,33829075.06
2024-04-09,26.08943952,26.75688944,26.07962408,26.5507652,862471,23267352.3
2024-04-10,27.14950704,27.14950704,25.59866752,25.85386896,986295,26282103.32
2024-04-11,25.78516088,26.3544564,25.4710668,25.8636844,936536,24746282.74
2024-04-12,25.90294616,26.47224168,25.7164528,25.9127616,747808,19844393.01
2024-04-15,25.65756016,25.89313072,23.83188832,24.25395224,1462552,37012810.54
2024-04-16,24.32266032,24.3422912,22.30067968,22.4773576,1376813,32075798.52
2024-04-17,22.65403552,24.59749264,22.65403552,24.15579784,1453073,35548821.39
2024-04-18,24.2441368,24.6367544,23.39019352,24.16561328,1143306,28007744.32
2024-04-19,24.16561328,24.42081472,23.59631776,23.81225744,576531,14007191.23
2024-04-22,23.48834792,24.46989192,22.93868328,23.9005964,720893,17456501.39
2024-04-23,24.12635152,24.80361688,23.91041184,24.28339856,856244,21321760.85
2024-04-24,24.32266032,25.18641904,24.32266032,25.16678816,974876,24760620.2
2024-04-25,25.01955656,25.18641904,24.84287864,24.97047936,899217,22907239.85
2024-04-26,25.21586536,26.06980864,24.92140216,25.8146072,1225159,31985936.21
2024-04-29,26.22685568,26.48205712,25.8636844,26.34464096,887361,23708558.55
2024-04-30,26.28574832,26.46242624,25.73608368,26.00110056,682574,18117767.79
2024-05-06,26.5998424,26.62928872,26.2072248,26.44279536,674593,18154677.76
2024-05-07,26.47224168,26.72744312,26.256302,26.70781224,588611,15926292.61
2024-05-08,26.6979968,26.6979968,25.79497632,25.89313072,692755,18414902.77
2024-05-09,26.0599932,26.38390272,26.04036232,26.11888584,542484,14472191.38
2024-05-10,26.23667112,26.46242624,25.3238352,25.40235872,560541,14674057.51
2024-05-13,25.2729521,25.7407854,24.387055,24.486594,576230,14319749.9
2024-05-14,24.685672,25.2729521,24.5264096,25.083828,556137,13937664.71
2024-05-15,24.88475,25.1236436,24.5065018,24.7055798,361344,9019145.82
2024-05-16,24.486594,25.183367,24.4567323,24.8648422,715780,17924160.06
2024-05-17,24.984289,25.5914769,24.6060408,25.481984,568755,14420858.3
2024-05-20,25.481984,25.88014,25.2629982,25.6312925,586313,15105692.57
2024-05-21,25.183367,25.6611542,24.9942429,25.2331365,360050,9128201.64
2024-05-22,25.282906,25.5417074,24.9345195,25.3923989,417059,10620969.35
2024-05-23,25.4421684,25.5616152,24.6259486,24.7055798,644932,16188374.86
2024-05-24,24.8150727,25.183367,23.88936,24.1581153,623844,15470175.34
2024-05-27,23.9092678,24.4268706,23.4016189,24.2178387,810112,19492453.97
2024-05-28,24.4368245,24.5662252,23.7699132,23.789821,571565,13839671.95
2024-05-29,23.789821,24.4368245,23.789821,24.0685302,619677,15069526.88
2024-05-30,24.088438,24.6956259,23.789821,24.486594,531748,13036491.82
2024-05-31,24.4567323,25.0639202,24.2576543,24.8747961,621377,15484348.29
2024-06-03,25.2430904,25.2530443,24.1680692,24.387055,1040721,25924963.36
2024-06-04,24.3472394,24.3472394,23.0731402,23.3817111,1109789,26121345.23
2024-06-05,23.2821721,23.3717572,22.8840161,22.9536934,554582,12884211.97
2024-06-06,22.7745232,23.1627253,21.5800552,21.9383956,945908,21142357.3
2024-06-07,22.197197,22.7645693,22.0180268,22.4161828,645480,14528739.1
2024-06-11,22.3564594,22.9138778,21.8289027,22.8541544,581206,13133008.04
2024-06-12,22.7347076,23.6703742,22.6749842,23.4115728,639399,15056792.52
2024-06-13,23.3618033,24.3273316,22.9039239,23.8395905,909785,21713981.76
2024-06-14,23.9391295,23.988899,23.3319416,23.6305586,604827,14376978.05
2024-06-17,23.6305586,23.8794061,23.4016189,23.5111118,514679,12214505.62
2024-06-18,23.6405125,24.1282536,23.4513884,23.9789451,580952,13987837.76
2024-06-19,24.0983919,24.4069628,23.8395905,24.088438,627554,15200171.69
2024-06-20,24.088438,24.9544273,23.7002359,24.4268706,958943,23668142.71
2024-06-21,24.387055,24.387055,23.4414345,23.9988529,587625,14112102.25
2024-06-24,23.9988529,24.088438,22.197197,22.2867821,1119855,25697742.27
2024-06-25,22.2370126,23.1229097,22.0478885,22.3863211,632382,14205120.79
2024-06-26,22.2768282,23.7400515,22.1275197,23.7101898,855676,19828800.38
2024-06-27,23.8694522,23.988899,23.0333246,23.0532324,574877,13505254.96
2024-06-28,23.2423565,23.4812501,22.7546154,22.9238317,727430,16951569.1
2024-07-01,23.1527714,23.1527714,22.2569204,22.8541544,660354,15027260.12
2024-07-02,22.8442005,23.4513884,22.7446615,23.1527714,701905,16383970.33
2024-07-03,23.3817111,23.3817111,22.595353,22.694892,579408,13253890.47
2024-07-04,22.5157218,22.9238317,21.6596864,21.7293637,603648,13394900.86
2024-07-05,21.6795942,22.1474275,21.0226368,21.8488105,585554,12705614.82
2024-07-08,21.7393176,21.7393176,20.9828212,21.2117609,536199,11483794.26
2024-07-09,21.0126829,21.4506545,20.4552645,21.3710233,1186265,24983347.23
2024-07-10,21.0126829,21.7691793,21.0126829,21.3610694,543453,11713803.2
2024-07-11,21.7194098,22.6252147,21.6497325,22.296736,694625,15471677.69
2024-07-12,22.6351686,22.6351686,21.8189488,22.0777502,424888,9447289.63
2024-07-15,22.0877041,22.0877041,21.0126829,21.1221758,520248,11134718.7
2024-07-16,21.2515765,21.8488105,20.9629134,21.4606084,677951,14599874.91
2024-07-17,21.3212538,21.5900091,20.6941581,20.7439276,673279,14206679.07
2024-07-18,20.5249418,20.7240198,19.7783993,20.3955411,801993,16257573.65
2024-07-19,20.0172929,21.102268,19.9774773,20.8136049,576186,12009013.35
2024-07-22,21.0524985,21.4805162,20.7837432,21.2615304,590058,12599770.78
2024-07-23,21.2615304,21.400885,20.5249418,20.7240198,377279,7967135.1
2024-07-24,20.7439276,20.9529595,20.0770163,20.1466936,483901,9890739.11
2024-07-25,20.3557255,20.7538815,19.8480766,20.2462326,468799,9542820.76
2024-07-26,20.1765553,20.7439276,20.1765553,20.6742503,369802,7630791.12
2024-07-29,20.6941581,21.0524985,20.4950801,20.803651,559953,11721153.93
2024-07-30,20.7339737,21.1719453,20.4154489,20.9230978,397259,8315130.43
2024-07-31,21.0724063,21.8488105,20.8335127,21.7691793,592155,12756992.78
2024-08-01,21.7293637,22.0180268,21.6298247,21.799041,521762,11438188.22
2024-08-02,21.5800552,22.0777502,21.2316687,21.2714843,586794,12765151.22
2024-08-05,21.4606084,21.500424,20.1666014,20.2960021,789811,16437690.31
2024-08-06,20.4552645,20.9927751,20.4552645,20.9430056,443360,9239473.36
2024-08-07,20.8932361,21.4307467,20.7837432,21.1520375,564740,12007280.26
2024-08-08,21.2615304,21.3511155,20.4353567,20.8733283,491830,10280096.3
2024-08-09,20.803651,21.2515765,20.505034,20.505034,277760,5801724.09
2024-08-12,20.3159099,20.7538815,20.206417,20.4950801,293794,6030083.63
2024-08-13,20.4254028,20.90319,20.2561865,20.7936971,283887,5868842.09
2024-08-14,20.7439276,21.1122219,20.6344347,20.90319,289807,6086207.98
2024-08-15,20.7737893,21.4108389,20.5249418,21.2416226,540287,11445350.78
2024-08-16,21.4805162,22.1872431,21.4805162,21.8089949,1559983,34197942.96
2024-08-19,21.7492715,22.3365516,21.699502,21.89858,825856,18229977.02
2024-08-20,21.7890871,22.0379346,21.2515765,21.3411616,665201,14386417.58
2024-08-21,21.400885,21.7393176,21.1818992,21.4506545,453328,9796582.82
2024-08-22,21.2316687,21.9483495,21.2316687,21.3511155,562623,12174004.46
2024-08-23,21.4506545,21.8089949,20.90319,21.1818992,762915,16460084.74
2024-08-26,21.1520375,21.4805162,20.7737893,21.102268,711340,15082769.07
2024-08-27,20.9131439,21.2913921,20.5348957,20.5946191,575467,12007355.02
2024-08-28,20.5548035,21.0524985,20.305956,20.6443886,492755,10204738.78
2024-08-29,20.5647574,21.5601474,20.5348957,21.3710233,758794,16120440.99
2024-08-30,21.8786722,22.197197,21.3212538,21.8587644,758172,16702018.16
2024-09-02,21.8587644,21.9881651,21.2316687,21.2814382,969520,21088776.93
2024-09-03,21.2913921,21.7194098,21.1221758,21.4705623,444070,9553685.4
2024-09-04,21.301346,21.699502,20.9230978,21.5701013,550530,11889189.27
2024-09-05,21.6596864,22.1076119,21.6497325,22.0379346,684405,15079770.45
2024-09-06,21.9284417,22.0777502,21.2117609,21.301346,620364,13421541.08
2024-09-09,21.7492715,21.7492715,20.8235588,21.0624524,564170,11996778.25
2024-09-10,21.0624524,21.6397786,20.8633744,21.4506545,526022,11192599.72
2024-09-11,21.3610694,21.799041,21.3610694,21.7194098,488115,10578687.31
2024-09-12,21.6795942,22.0478885,21.5900091,21.7492715,410218,9013425.84
2024-09-13,21.7293637,21.7691793,21.102268,21.3312077,561794,12050194.4
2024-09-18,21.4108389,21.4705623,20.4652184,20.8932361,589677,12339254.21
2024-09-19,21.0226368,21.6497325,20.8235588,21.2316687,859899,18411902.31
2024-09-20,21.3710233,21.6596864,21.1321297,21.4805162,665333,14304558.92
2024-09-23,21.400885,21.7791332,21.201807,21.4705623,621831,13467898.83
2024-09-24,21.3610694,22.2569204,20.9828212,22.1872431,1156931,25297626.78
2024-09-25,22.4460445,22.9636473,22.3066899,22.5157218,1255974,28612954.58
2024-09-26,22.4360906,23.2523104,22.296736,23.2224487,1074289,24518062.76
2024-09-27,23.4314806,24.7752571,23.3518494,24.7354415,974643,23500993.49
2024-09-30,25.6910159,29.065388,25.6910159,28.0301824,3158381,86004149.48
2024-10-08,33.1763487,33.1763487,29.364005,32.84787,4499882,142131419.2
2024-10-09,31.2353382,31.2353382,27.9007817,28.2392143,3527186,104957504.7
2024-10-10,28.2392143,29.3241894,27.2637321,27.7315654,1816904,51407940.31
2024-10-11,27.6519342,27.6618881,25.780601,26.079218,1916796,50977011.21
2024-10-14,26.1588492,26.975069,25.3227216,26.87553,1646829,43341630.15
2024-10-15,26.8655761,27.572303,26.178757,26.1887109,1597340,43210200.57
2024-10-16,25.7009698,26.6565442,25.581523,26.1986648,1089840,28747188.03
2024-10-17,26.5669591,27.273686,26.377835,26.377835,1146931,30954922.4
2024-10-18,25.979679,28.3387533,25.979679,27.4827179,1795053,49114690.82
2024-10-21,27.9505512,29.5829908,27.9107356,29.0156185,2565369,74065737.99
2024-10-22,28.8264944,29.164927,28.0003207,28.2292604,1637818,46810140.84
2024-10-23,28.3586611,28.86631,28.0202285,28.2392143,1444961,41349055.22
2024-10-24,27.9206895,28.1396753,27.3831789,27.970459,1071467,29983635.26
2024-10-25,27.970459,28.7468632,27.8808739,28.5876008,1072134,30537076.56
2024-10-28,28.5179235,29.7721149,28.4183845,29.7422532,1762555,51697996.73
2024-10-29,28.7468632,29.1549731,28.269076,28.2889838,2250958,64691771.35
2024-10-30,27.87092,28.3586611,27.0049307,27.6021647,1823715,50737190.01
2024-10-31,27.4628101,28.5975547,27.2338704,28.2093526,1536814,43200397.15
2024-11-01,28.0102746,28.3487072,26.4375584,26.5370974,1538094,41860658.44
2024-11-04,26.5470513,27.5026257,26.5470513,27.3234555,755729,20598515.41
2024-11-05,27.3533172,28.8165405,27.273686,28.7269554,1419245,40415664.1
2024-11-06,29.1848348,29.4336823,28.5278774,28.8165405,1640427,47803670.7
2024-11-07,28.8464022,30.0309163,28.3785689,29.9512851,1762110,52155543.12
2024-11-08,30.1404092,30.85709,29.961239,30.2399482,2178417,66396429.88
2024-11-11,30.1503631,31.8425261,29.9015156,31.7031715,2007070,62864990.9
2024-11-12,31.5240013,31.6832637,30.0707319,30.5385652,2037208,63183670.85
2024-11-13,30.359395,30.9964446,29.9214234,30.9367212,1212926,37185191.74
2024-11-14,30.6779198,30.9466751,29.5133135,29.6526681,974136,29617933.23
2024-11-15,29.4934057,30.4091645,28.6871398,28.7966327,1131986,33467818.36
2024-11-18,28.965849,29.0255724,26.775991,27.2537782,1387928,38525929.2
2024-11-19,27.5026257,28.1794909,26.975069,28.069998,1190598,32891449.91
2024-11-20,28.069998,29.1251114,27.9804129,28.8165405,1292656,37022450.14
2024-11-21,28.6970937,29.1052036,28.2491682,28.7369093,947225,27348670.74
2024-11-22,28.8563561,29.8218844,27.5623491,27.7216115,1403133,40859821.48
2024-11-25,28.3586611,28.3586611,27.1243775,28.0003207,1131176,31376088.71
2024-11-26,27.9007817,28.4980157,27.4030867,27.4528562,1049786,29471000.98
2024-11-27,27.2935938,28.2989377,26.5570052,28.269076,1156622,31680821.45
2024-11-28,28.2889838,28.9558951,28.1794909,28.4482462,1001015,28737311.89
2024-11-29,28.4781079,29.4535901,28.0202285,29.164927,1444565,41906257.27
2024-12-02,29.264466,29.8318383,28.6771859,29.662622,1342640,39458930.82
2024-12-03,29.6427142,29.9214234,29.065388,29.662622,1180385,35055428.61
2024-12-04,29.662622,29.8119305,28.5975547,28.8065866,1281992,37575122.3
2024-12-05,29.065388,29.563083,28.6970937,29.5133135,1232296,36401954.05
2024-12-06,29.8417922,30.1901787,29.1947887,29.463544,1307564,38964097.47
2024-12-09,29.5133135,29.8119305,29.1450192,29.4934057,972400,28797389.56
2024-12-10,30.3693489,30.8371822,29.8119305,30.1404092,1710964,52189317.89
2024-12-11,30.060778,30.458934,29.7223454,30.4091645,1080346,32699642.96
2024-12-12,30.458934,30.6181964,29.7322993,30.1503631,1091498,33068113.3
2024-12-13,29.8318383,30.160317,29.2146965,29.3241894,906280,27084883.52
2024-12-16,29.4038206,30.0110085,29.1251114,29.4237284,948305,28148558.8
2024-12-17,29.4834518,29.4834518,27.7813349,27.87092,1024084,29245148.47
2024-12-18,27.9306434,28.4382923,27.4030867,28.0301824,829167,23368867.62
2024-12-19,27.7514732,28.4183845,27.5324874,28.3088916,778400,21918819.95
2024-12-20,28.3088916,29.7123915,28.2392143,29.3440972,1057531,30998436.73
2024-12-23,29.3440972,29.5133135,27.6419803,27.6519342,1132585,32231088.06
2024-12-24,27.8609661,28.069998,27.2239165,27.8211505,752851,20917164.56
2024-12-25,27.5822569,27.8211505,26.5271435,26.8954378,892220,24196915.54
2024-12-26,26.8954378,27.7017037,26.8456683,27.4926718,777095,21387089.22
2024-12-27,27.4229945,27.9903668,27.373225,27.6320264,613737,17075426.6
2024-12-30,27.373225,27.5523952,26.6963598,27.0447463,620502,16906548.37
2024-12-31,27.1841009,27.1841009,26.0095407,26.0891719,949042,25240733.81
2025-01-02,25.88014,26.1688031,24.287516,24.8648422,1380629,35092911.61
2025-01-03,24.8947039,25.1535053,23.9092678,23.9789451,1054638,25870811.29
2025-01-06,23.9789451,24.1581153,23.292126,23.6803281,697772,16629961.86
2025-01-07,24.0585763,24.5164557,23.6206047,24.4368245,883997,21400251.69
2025-01-08,24.3571933,24.6060408,23.2423565,24.1680692,821924,19791296.97
2025-01-09,23.9590373,24.6159947,23.8993139,24.3173777,491594,12021192.2
2025-01-10,24.4467784,24.4467784,23.5807891,23.5807891,519659,12537556.71
2025-01-13,23.391665,24.2377465,22.9536934,23.8097288,397970,9455599.19
2025-01-14,24.187977,25.0738741,23.988899,25.0041968,728702,17990282.81
2025-01-15,25.0041968,25.3127677,24.4965479,24.7951649,648156,16309430.82
2025-01-16,24.8150727,25.3525833,24.6558103,24.9444734,497825,12473011.31
2025-01-17,25.0639202,25.2032748,24.685672,24.9942429,499614,12542824.54
2025-01-20,25.2331365,25.5417074,24.9743351,25.1037358,761458,19319415.72
2025-01-21,25.183367,25.4421684,24.5761791,25.0141507,695588,17352035.68
2025-01-22,24.88475,25.0340585,24.5065018,24.7254876,516300,12846617.17
2025-01-23,25.0241046,25.681062,24.8947039,24.9245656,668874,17002917.44
2025-01-24,24.9245656,26.3181116,24.8947039,26.1688031,1240709,32023230.5
2025-01-27,26.3877889,26.6266825,25.7706471,25.7905549,663003,17366361.29
2025-02-05,26.0394024,27.1243775,26.0394024,26.87553,1096873,29451160.99
2025-02-06,26.87553,27.3334094,26.4276045,27.2438243,1163387,31556573.08
2025-02-07,27.5424413,29.164927,27.5424413,28.8464022,2933910,83804825.93
2025-02-10,31.8325722,34.6196642,30.8172744,34.6196642,6278706,207530860.32
2025-02-11,35.8937634,41.5475786,35.8937634,41.5475786,8040033,315606948.57
2025-02-12,39.8156,48.6546632,38.8401178,45.2205677,13386739,597225269.36
2025-02-13,43.598082,45.7680322,40.4227879,42.5330147,10448463,444421407.82
2025-02-14,41.010068,42.80177,39.4672135,40.9005751,8364243,343621760.22
2025-02-17,40.7214049,40.8906212,39.4672135,40.2635255,5715167,230215339.47
2025-02-18,39.8156,40.0744014,37.3868484,37.7650966,5270384,204094402.76
2025-02-19,37.725281,38.7505327,37.6058342,38.7505327,4461723,171689084.6
2025-02-20,38.6709015,38.6709015,37.5461108,38.5813164,3406665,130287953.23
2025-02-21,39.0391958,39.5567986,37.5958803,39.317905,5218805,202434877.48
2025-02-24,38.82021,38.82021,37.1778165,37.7451888,3670848,139128372.48
2025-02-25,36.729891,37.7053732,36.7099832,37.0484158,2166855,81066264.97
2025-02-26,37.5062952,37.7053732,36.928969,37.5162491,2669007,100164252.23
2025-02-27,37.426664,37.9442668,35.9933024,36.928969,2859762,105948372.78
2025-02-28,36.3615967,36.5805825,33.6541359,33.7934905,3783024,132906777.35
2025-03-03,34.1120153,35.037728,33.5944125,34.2911855,2425195,84006934.59
2025-03-04,33.9726607,35.4259301,33.8532139,35.2766216,2118585,74460941.43
2025-03-05,34.9182812,35.5951464,34.83865,35.4856535,1595118,56479656.61
2025-03-06,35.634962,37.9641746,35.634962,37.3569867,4728864,176250429.3
2025-03-07,37.0086002,38.82021,36.6502598,37.6755115,4314876,162628161.84
2025-03-10,37.6854654,37.6854654,36.0430719,36.2720116,2373508,87124699.65
2025-03-11,35.83404,36.5706286,35.634962,36.4710896,1405043,51038497.22
2025-03-12,36.729891,37.028508,36.3416889,36.3416889,1506075,55465439.63
2025-03-13,36.2819655,36.3815045,34.5898025,35.3263911,2074383,73382030.01
2025-03-14,35.634962,36.0231641,34.8585578,35.9236251,1385286,49586076.83
2025-03-17,36.132657,36.2122882,35.3064833,35.5652847,1175419,42195922.03
2025-03-18,35.9833485,36.331735,35.4756996,35.634962,1013570,36417306.14
2025-03-19,35.6548698,35.7544088,34.8784656,34.9680507,1112798,39283272.44
2025-03-20,35.3164372,35.435884,34.7490649,34.8983734,1026839,36269858.47
2025-03-21,34.7590188,34.8187422,33.5545969,33.6143203,1256088,42988461.22
2025-03-24,33.5048274,33.8333061,31.8823417,32.9673168,1303551,42918376.76
2025-03-25,32.84787,33.2360721,32.2406821,32.6288842,1071735,35180349.69
2025-03-26,32.4397601,33.2957955,32.4397601,33.0071324,724633,24036782.64
2025-03-27,33.146487,33.4152423,32.2705438,32.8976395,795014,26332183.14
2025-03-28,32.8976395,33.2957955,32.4795757,32.4994835,747635,24589994.43
2025-03-31,32.6089764,32.8578239,31.8027105,32.7881466,899521,29171754.73
2025-04-01,32.9573629,33.445104,32.7881466,32.9971785,706626,23511837.47
2025-04-02,33.046948,33.445104,32.9275012,32.9673168,611333,20385960.32
2025-04-03,32.6686998,33.8333061,32.2804977,32.648792,774053,25584713.67
2025-04-07,30.1503631,30.5783808,26.1190336,26.7461293,1774505,50042656.7
2025-04-08,26.87553,29.065388,26.87553,28.4183845,1515784,42850450.85
2025-04-09,28.069998,30.5485191,26.2982038,29.9114695,2480669,71908056.96
2025-04-10,30.3394872,30.9367212,29.9413312,29.961239,1850524,56521807.1
2025-04-11,29.364005,30.757551,29.364005,30.2100865,1536804,46680889.5
2025-04-14,30.7077815,31.255246,30.359395,30.4788418,1250916,38639423.07
2025-04-15,30.8272283,30.8272283,30.160317,30.6381042,819214,25056217.94
2025-04-16,30.757551,30.7874127,29.2843738,29.8915617,964273,29049732.34
2025-04-17,29.8617,30.359395,29.7721149,30.0707319,673267,20424096.27
2025-04-18,30.0707319,30.2996716,29.5730369,29.9015156,778583,23412523.88
2025-04-21,29.8716539,30.9068595,29.5829908,30.8172744,1116665,34178896.45
2025-04-22,30.7475971,30.9864907,30.4091645,30.4688879,715816,22003925.57
2025-04-23,30.8471361,31.0263063,30.4091645,30.757551,757078,23379644.37
2025-04-24,30.6082425,30.7874127,29.7322993,29.961239,752944,22816463.72
2025-04-25,30.2399482,30.359395,29.6526681,30.0508241,667521,20136994.94
2025-04-28,30.0508241,30.2897177,29.463544,29.7123915,605399,18100437.98
2025-04-29,29.4734979,30.2797638,29.463544,30.1901787,596900,18050887.61
2025-04-30,30.1404092,31.155707,30.1404092,31.0362602,698971,21767380.03
2025-05-06,31.5140474,32.051558,31.1158914,31.85248,924142,29445726.92
2025-05-07,32.449714,32.5592069,31.3946006,31.8126644,977444,31469983.92
2025-05-08,31.7131254,32.3999445,31.5737708,32.3004055,867685,27971269.27
2025-05-09,32.3899906,32.4994835,31.6036325,31.6932176,901484,28911195.07
2025-05-12,31.9619729,32.3004055,31.8325722,31.9818807,862130,27728431.61
2025-05-13,32.449714,32.4994835,31.6334942,31.6733098,939572,30173851.53
2025-05-14,31.7927566,32.0316502,31.2851077,31.653402,1098086,34918318.74
2025-05-15,31.7031715,31.7031715,30.7973666,30.9665829,648001,20266050.66
2025-05-16,30.9267673,31.454324,30.9168134,30.9168134,517925,16197276.03
2025-05-19,31.155707,31.5240013,30.6082425,31.2154304,779580,24362521.8
2025-05-20,31.3846467,31.6434481,30.9466751,31.5040935,724915,22822598.35
2025-05-21,31.5439091,31.6434481,30.85709,31.0860297,781372,24426673.31
2025-05-22,31.2452921,31.3746928,30.2200404,30.3295333,827711,25527753.72
2025-05-23,30.3494411,30.5186574,29.2346043,29.364005,991838,29862249.38
2025-05-26,29.364005,30.0209624,29.264466,29.8816078,455588,13623358.01
2025-05-27,30.0309163,30.1105475,29.5033596,29.563083,530834,15808412.98
2025-05-28,29.6825298,30.060778,29.0753419,29.1549731,537900,15851048.74
2025-05-29,29.1549731,30.1702709,29.1549731,30.1404092,806734,24254820.09
2025-05-30,30.2100865,30.2100865,29.3938667,29.5133135,656584,19510078.09
2025-06-03,29.463544,30.060778,29.4535901,29.6128525,622444,18640107.52
2025-06-04,29.8119305,30.0110085,29.463544,29.7322993,529516,15850389.15
2025-06-05,29.7920227,30.5485191,29.5829908,30.4091645,727155,21974674.12
2025-06-06,30.5982886,30.5982886,30.0906397,30.4390262,590986,17997274.44
2025-06-09,30.4788418,30.9267673,30.4788418,30.7276893,578698,17847019.32
2025-06-10,30.8371822,30.8371822,29.8716539,30.2698099,696629,21211468.41
2025-06-11,30.2698099,30.6181964,30.160317,30.458934,447332,13682994.06
2025-06-12,30.4688879,30.658012,30.0906397,30.2996716,529159,16141007.79
2025-06-13,30.5186574,30.85709,29.6526681,29.7024376,887512,26782501.74
2025-06-16,30.060778,30.6381042,29.7223454,30.2299943,845342,25655555.49
2025-06-17,30.39,30.46,30.0,30.16,574158,17318165.13
2025-06-18,29.88,30.28,29.75,30.2,392881,11811638.54
2025-06-19,30.24,30.43,29.36,29.49,643360,19195358.68
2025-06-20,29.64,29.7,28.85,28.89,540860,15766933.73
2025-06-23,28.94,29.5,28.56,29.42,608419,17747359.49
2025-06-24,29.73,30.57,29.6,30.54,713101,21578408.92
2025-06-25,30.7,31.01,30.21,30.96,1030462,31644571.82
2025-06-26,30.98,31.35,30.7,31.03,918705,28562094.24
2025-06-27,31.33,31.49,30.9,31.28,853910,26693224.23
2025-06-30,31.3,31.76,31.2,31.7,707932,22349629.11
2025-07-01,31.86,31.86,31.09,31.33,795215,24973370.53
2025-07-02,31.33,31.48,30.75,30.9,868555,26885910.67
2025-07-03,31.14,31.3,30.83,31.05,505353,15696291.82
2025-07-04,31.24,31.35,30.55,30.8,704673,21758046.2
2025-07-07,30.96,31.3,30.66,31.22,573733,17813036.96
2025-07-08,31.3,31.43,31.02,31.32,605526,18942280.75
2025-07-09,31.38,31.69,31.12,31.4,721325,22693357.34
2025-07-10,31.4,31.64,31.06,31.41,562116,17621157.01
2025-07-11,31.41,32.76,31.23,32.54,1604712,51542145.65
2025-07-14,32.44,32.88,32.03,32.28,968524,31307587.27
2025-07-15,32.24,32.34,31.52,32.3,1162398,37235561.63
2025-07-16,32.35,32.78,32.25,32.57,966843,31429913.1
2025-07-17,32.5,32.97,32.31,32.8,1039736,33986594.4
2025-07-18,32.98,33.1,32.52,32.89,1041331,34158382.35
2025-07-21,32.95,33.2,32.76,32.95,744001,24527534.77
2025-07-22,33.11,33.11,32.64,32.84,877784,28856515.85
2025-07-23,33.0,33.0,32.44,32.52,873739,28534056.42
2025-07-24,32.68,32.98,32.52,32.76,718110,23514144.62
2025-07-25,32.99,33.56,32.71,33.42,1385669,45991126.12
2025-07-28,33.92,33.92,33.01,33.28,1241193,41246790.31
2025-07-29,33.44,33.44,32.8,33.37,943901,31259914.37
2025-07-30,33.46,33.46,32.51,32.75,982368,32319460.95
2025-07-31,32.84,33.38,32.6,32.81,1198674,39571752.15
2025-08-01,32.65,34.15,32.58,34.0,1937220,65041169.27
2025-08-04,34.11,34.28,33.51,34.24,1439106,48890399.14
2025-08-05,34.33,34.5,33.9,34.25,1071609,36559734.34
2025-08-06,34.24,35.4,33.95,35.1,1991752,69329656.02
2025-08-07,35.45,35.45,34.43,34.83,1633413,56912820.78
2025-08-08,34.88,34.89,33.85,34.13,1459448,49845960.09
2025-08-11,34.3,36.25,34.23,35.82,2714975,96256322.32
2025-08-12,35.8,35.8,34.94,35.33,1313443,46387790.56
2025-08-13,35.66,36.03,35.12,35.49,1270979,45128497.06
2025-08-14,35.65,35.66,34.1,34.65,1568184,54606870.67
2025-08-15,34.31,34.97,34.31,34.5,1442362,49952250.52
2025-08-18,34.6,35.4,34.6,35.2,1521733,53426984.59
2025-08-19,34.71,34.99,33.87,33.87,2075324,71075149.15
2025-08-20,33.95,34.0,33.2,33.94,1457345,48910418.41
2025-08-21,34.0,34.65,33.71,33.9,1287183,43937271.86
2025-08-22,33.85,34.89,33.85,34.69,1861693,64061355.14
2025-08-25,34.99,35.3,34.03,34.25,2240819,77434720.6
2025-08-26,34.88,35.1,33.76,34.61,2155903,74697762.76
2025-08-27,34.61,35.15,33.05,33.05,2640253,90621952.47
2025-08-28,33.37,33.99,32.0,33.62,2534541,83933625.19
2025-08-29,33.56,33.57,32.75,32.9,1331703,43974447.49
2025-09-01,32.49,33.44,32.46,32.74,1262631,41515979.4
2025-09-02,32.64,33.1,30.5,30.97,2494922,77861515.03
2025-09-03,31.18,32.39,30.1,30.27,1871513,58392001.15
2025-09-04,30.26,30.97,29.7,30.31,1504332,45850460.85
2025-09-05,30.41,30.95,30.03,30.95,1192067,36480150.04
2025-09-08,30.96,31.6,30.79,31.45,1318733,41031928.35
2025-09-09,31.39,31.77,30.88,31.0,1072594,33545469.82
2025-09-10,30.78,31.51,30.78,31.08,655789,20455968.27
2025-09-11,31.08,31.78,30.81,31.75,1128866,35524889.13
2025-09-12,31.9,32.13,31.51,31.65,975858,31056281.75
2025-09-15,31.48,31.95,31.01,31.1,880927,27531237.26
2025-09-16,31.34,31.89,31.1,31.72,925914,29247786.42
2025-09-17,31.82,31.99,31.59,31.69,750698,23837601.98
2025-09-18,31.63,32.08,30.7,31.06,1544784,48708546.56
2025-09-19,31.11,31.39,30.35,30.44,1208121,37126538.29
2025-09-22,30.85,30.85,30.11,30.5,756976,23061856.45
2025-09-23,30.54,30.64,28.9,29.89,1375941,40623325.49
2025-09-24,29.99,30.88,29.62,30.82,1299001,39598096.21
2025-09-25,30.9,31.75,30.61,30.86,1262172,39451437.66
2025-09-26,30.71,31.01,30.3,30.81,842359,25895904.1
2025-09-29,30.45,31.25,29.78,31.05,891541,27482353.41
2025-09-30,31.11,31.73,31.11,31.36,942768,29633529.56
2025-10-09,31.25,32.37,31.03,31.2,1530020,48366315.65
2025-10-10,31.24,31.24,30.0,30.25,1401492,42785779.12
2025-10-13,29.54,31.06,28.98,30.5,1403034,42463442.0
2025-10-14,30.86,30.98,29.88,30.04,1202574,36556431.61
2025-10-15,30.04,30.78,29.68,30.29,1291740,39222617.96
2025-10-16,30.45,30.45,29.54,29.7,948877,28397114.39
2025-10-17,29.65,30.13,29.0,29.07,946371,27825124.26
2025-10-20,29.5,29.74,29.12,29.5,631423,18596905.77
2025-10-21,30.12,31.29,30.1,31.16,2482049,76536027.42
2025-10-22,30.95,32.28,30.71,31.68,2070039,65116545.27
2025-10-23,31.34,32.11,31.11,31.65,1652041,51969556.99
2025-10-24,31.9,32.39,31.65,31.88,1918531,61337083.4
2025-10-27,32.06,33.0,31.77,32.86,2534378,82081316.51
2025-10-28,32.52,32.68,30.19,30.28,3674866,114048451.83
2025-10-29,30.28,30.4,29.08,29.36,2301352,67845395.04
2025-10-30,29.36,29.78,29.12,29.22,1399047,41175569.98
2025-10-31,29.12,30.38,29.12,30.07,1693688,50856382.68
2025-11-03,30.5,30.98,29.7,30.69,1462808,44476703.71
2025-11-04,30.64,30.86,30.1,30.49,758506,23061955.52
2025-11-05,30.26,30.98,30.12,30.46,1328738,40643185.46
2025-11-06,30.38,30.83,30.16,30.61,958612,29195207.28
2025-11-07,30.61,30.75,30.21,30.48,574026,17475469.75
2025-11-10,30.46,31.16,30.46,30.96,1023145,31612252.17
2025-11-11,30.96,31.18,30.81,30.89,880706,27273746.94
2025-11-12,30.8,31.09,30.33,30.33,749580,22921804.67
2025-11-13,30.6,30.6,30.07,30.36,688461,20872233.74
2025-11-14,30.19,30.53,30.19,30.27,949853,28881530.3
2025-11-17,30.11,30.71,29.98,30.52,834408,25449320.03
2025-11-18,30.82,32.3,30.41,31.79,2699776,85913737.96
2025-11-19,32.01,32.01,30.16,30.29,1462330,44917028.68
2025-11-20,30.5,30.87,29.8,30.1,1003472,30363777.52
2025-11-21,29.81,30.58,28.63,29.16,1123745,32941946.65
2025-11-24,29.27,30.15,28.4,29.72,1406803,41061867.61
2025-11-25,29.81,30.56,29.81,30.13,942289,28528076.91
2025-11-26,30.25,30.79,29.38,29.44,941079,28234012.34
2025-11-27,29.79,29.8,29.24,29.71,720039,21321809.24
2025-11-28,29.66,30.05,29.39,29.98,688455,20483629.95
2025-12-01,30.12,30.18,29.54,29.69,787264,23475597.16
2025-12-02,29.68,29.68,28.78,29.07,1034589,30067595.98
2025-12-03,29.07,29.21,28.07,28.35,960914,27257689.56
2025-12-04,28.44,28.66,27.69,27.8,806577,22589509.98
2025-12-05,27.69,28.55,27.53,28.38,681499,19128686.08
2025-12-08,28.44,28.9,28.44,28.6,629400,18069799.92
2025-12-09,28.98,28.99,28.16,28.16,453286,12895238.28
2025-12-10,28.06,28.5,27.58,27.76,522213,14538566.86
2025-12-11,27.76,27.96,27.05,27.07,825924,22611263.99
2025-12-12,27.2,27.44,26.8,26.83,629687,17046819.7
2025-12-15,26.76,27.26,26.23,26.57,832102,22121008.2
2025-12-16,26.51,26.7,26.06,26.4,464800,12237124.56
2025-12-17,26.34,26.55,25.75,26.35,736896,19211741.85
2025-12-18,26.35,27.28,26.0,26.87,761933,20477745.72
2025-12-19,27.03,27.28,26.81,27.25,686705,18552185.14
2025-12-22,27.4,27.53,26.97,27.13,661851,18057213.09
2025-12-23,27.19,27.19,26.41,26.75,782376,20859576.75
2025-12-24,26.84,27.39,26.46,27.1,585858,15831459.52
2025-12-25,27.34,27.34,26.96,27.21,581359,15773962.93
2025-12-26,27.33,27.46,26.9,27.05,683494,18584143.88
2025-12-29,27.12,27.25,26.88,27.15,566445,15344432.81
2025-12-30,27.15,27.59,26.9,27.5,1168630,31925029.9
2025-12-31,27.39,27.66,27.07,27.5,861769,23565916.84
