date,open,high,low,close,volume,amount
2020-01-02,22.09005216,22.71761046,21.97151337,22.64788176,19463280,626519422.96
2020-01-03,22.72458333,22.92679656,22.25740104,22.42474992,17163867,554458047.25
2020-01-06,22.26437391,22.64788176,22.02729633,22.18069947,15346221,491597797.32
2020-01-07,22.20161808,22.52934297,22.07610642,22.45961427,12446851,399026361.41
2020-01-08,22.25042817,22.40383131,22.0342692,22.23648243,11744240,373635988.7
2020-01-09,22.4526414,22.77339342,22.35502122,22.52934297,13408692,433995974.78
2020-01-10,22.51539723,22.83614925,22.2434553,22.50842436,10131267,327356247.9
2020-01-13,22.12491651,23.78445957,22.12491651,23.65197504,29176755,976867377.66
2020-01-14,23.707758,23.96575419,23.4985719,23.82629679,17288502,588508964.16
2020-01-15,23.68683939,23.74959522,23.0801997,23.4985719,12027351,403778280.15
2020-01-16,23.52646338,23.95878132,23.40792459,23.54040912,12856944,435737018.38
2020-01-17,23.54040912,24.25164186,23.54040912,24.03548289,18479153,636070196.05
2020-01-20,24.03548289,24.5445024,23.5683006,24.30045195,15984663,552540298.26
2020-01-21,24.0564015,24.23072325,23.62408356,23.707758,12008140,410992618.95
2020-01-22,23.63105643,24.405045,23.25452145,24.16796742,15812956,540940673.45
2020-01-23,23.85418827,24.09126585,22.313184,23.05230822,17484580,585560246.2
2020-02-03,20.74428825,21.06504027,20.74428825,20.74428825,15006655,447038278.76
2020-02-04,20.04002838,21.79021875,20.04002838,21.48341247,19982829,606663335.64
2020-02-05,21.46946673,22.313184,21.46946673,21.85994745,18299541,575186960.02
2020-02-06,22.02729633,24.04942863,21.8250831,23.74959522,27268390,906927551.32
2020-02-07,24.09126585,26.0088051,24.0564015,25.5904329,36153551,1295896447.0
2020-02-10,25.5904329,27.07565421,25.27665375,26.30166564,32883831,1231044066.34
2020-02-11,26.03669658,26.09247954,25.07444052,25.79264613,26721619,981600059.74
2020-02-12,25.55556855,27.90542574,25.26270801,27.81477843,39112951,1505162378.61
2020-02-13,27.81477843,29.983341,27.42429771,28.46325534,41345683,1691586968.38
2020-02-14,28.3795809,30.59695356,28.2401235,29.286054,33781010,1430537914.76
2020-02-17,30.680628,30.680628,29.64864324,29.92755804,29351715,1270039425.1
2020-02-18,29.6346975,31.45461657,29.5649688,30.45749616,28208603,1236040461.27
2020-02-19,30.15068988,30.84100401,29.73231768,29.983341,24307248,1058250570.89
2020-02-20,29.983341,30.52025199,28.7282244,29.9136123,33991882,1445549513.58
2020-02-21,29.9136123,31.04321724,29.74626342,30.48538764,29386680,1290279048.58
2020-02-24,30.45052329,32.22163227,30.2622558,32.17979505,31951860,1447830548.16
2020-02-25,31.377915,35.0038074,30.24831006,34.52267937,40697874,1911043277.62
2020-02-26,34.9340787,36.18222243,33.30939999,34.50176076,48309381,2399092301.48
2020-02-27,35.16418341,36.3983814,32.64697734,35.19207489,43815166,2167842419.92
2020-02-28,32.78643474,34.06944282,31.67077554,31.67077554,38905251,1811165995.7
2020-03-02,31.94271747,33.69988071,30.71549235,32.71670604,31934325,1480603223.68
2020-03-03,33.469776,35.24785785,32.4935742,32.4935742,31441274,1526605697.47
2020-03-04,32.1449307,32.68881456,31.00835289,31.74747711,26354259,1199302057.68
2020-03-05,33.26756277,34.06944282,31.98455469,32.66092308,31056034,1470654849.7
2020-03-06,32.25649662,33.469776,31.99850043,32.2146594,21279437,992292127.55
2020-03-09,31.5871011,32.27741523,30.52025199,30.52025199,22324977,1002688619.29
2020-03-10,30.45749616,32.24952375,29.64167037,32.19374079,30372280,1354145975.93
2020-03-11,32.2146594,32.70973317,30.680628,30.680628,24996066,1128882113.91
2020-03-12,29.85085647,30.53419773,29.19540669,29.69745333,21545295,921101044.56
2020-03-13,28.50509256,30.45749616,28.3795809,29.99728674,31934249,1355643746.12
2020-03-16,29.99031387,30.36684885,27.5428365,27.7520226,26226312,1086824981.77
2020-03-17,28.2401235,28.70730579,26.7060921,27.88450713,30186224,1201379472.96
2020-03-18,28.60271274,28.77006162,27.04776273,27.30575892,38947375,1574331721.74
2020-03-19,27.194193,27.61953807,25.95999501,27.08959995,37022113,1425421653.59
2020-03-20,27.43824345,27.77991408,26.40625869,26.67820062,33761191,1302200841.88
2020-03-23,25.5904329,26.0785338,24.58633962,24.6839598,34469471,1249671467.51
2020-03-24,25.24876227,25.75080891,24.14704881,25.12325061,31355133,1127375345.7
2020-03-25,25.8693477,26.48296026,25.3812468,25.68108021,43561563,1616745646.39
2020-03-26,25.58346003,26.35047573,25.38821967,25.72291743,30334206,1129119350.18
2020-03-27,26.1482625,26.34350286,25.48583985,25.58346003,26345112,977134759.68
2020-03-30,25.10930487,25.5207042,24.07034724,25.13022348,26865397,956342688.46
2020-03-31,25.5207042,25.63924299,24.60028536,24.62817684,16106247,578169070.64
2020-04-01,24.405045,25.37427393,24.405045,24.73974276,22398657,801614743.14
2020-04-02,24.87920016,26.32955712,24.84433581,26.23890981,31044898,1144495727.87
2020-04-03,26.30863851,26.43415017,25.3812468,25.51373133,27813081,1029868625.32
2020-04-07,26.25285555,26.62241766,25.95302214,26.27377416,28709350,1083464757.09
2020-04-08,26.0785338,26.40625869,25.28362662,25.77870039,34420723,1277973416.79
2020-04-09,25.8693477,26.0088051,24.73276989,25.3115181,40315924,1451991920.16
2020-04-10,25.102332,25.102332,24.28650621,24.48174657,21324236,752102112.11
2020-04-13,24.69093267,24.70487841,23.76354096,24.00759141,19214092,665813291.74
2020-04-14,24.34926204,25.27665375,24.07034724,25.15811496,29218991,1032108584.51
2020-04-15,25.15811496,25.8693477,24.9628746,25.36730106,26602582,968474851.82
2020-04-16,25.0326033,25.70199882,24.70487841,25.49281272,18200776,659262547.86
2020-04-17,25.77172752,26.39231295,25.59740577,26.2179912,38555874,1437264299.24
2020-04-20,26.35047573,27.11051856,25.7298903,27.04776273,26487384,1003046384.91
2020-04-21,26.62241766,27.50099928,26.44112304,26.88738672,24379271,941043236.01
2020-04-22,26.5666347,26.81765802,26.3574486,26.75490219,13739753,523955407.83
2020-04-23,26.79673941,26.86646811,26.44112304,26.53177035,11441344,437367395.66
2020-04-24,26.55268896,26.90133246,25.58346003,25.94604927,18939017,707874121.26
2020-04-27,26.2877199,27.37548762,26.08550667,26.87344098,24298226,935756113.6
2020-04-28,26.88041385,29.20935243,26.2179912,28.35866229,37286278,1491670921.58
2020-04-29,28.06580175,28.3098522,27.66834816,28.1006661,19457410,781546157.74
2020-04-30,27.4033791,29.19540669,27.36851475,29.04897642,37175859,1524781969.18
2020-05-06,28.7282244,29.4952401,28.62363135,29.46037575,27962379,1167561508.08
2020-05-07,29.6346975,30.1227984,29.02805781,29.11173225,20852101,881062908.39
2020-05-08,29.286054,29.983341,29.08384077,29.13962373,20491873,865040040.95
2020-05-11,29.38367418,29.7741549,28.94438337,29.34880983,17898269,754584832.85
2020-05-12,29.34183696,30.5411706,29.0768679,30.5411706,30260614,1306051089.55
2020-05-13,30.19949997,30.3319845,29.87177508,30.10885266,17132241,739104091.23
2020-05-14,29.983341,30.43657755,29.80204638,30.03912396,14938914,645114303.1
2020-05-15,30.1227984,30.27620154,29.78112777,29.8438836,18408180,792772398.03
2020-05-18,30.13674414,30.44355042,28.64454996,28.90951902,24935784,1057752815.64
2020-05-19,29.23724391,30.09490692,28.97227485,29.87874795,21351390,910605035.5
2020-05-20,29.87874795,30.1227984,28.8676818,29.09778651,16942323,715630271.85
2020-05-21,29.286054,29.4952401,28.07974749,28.2401235,18058489,743872412.49
2020-05-22,28.19828628,28.50509256,27.1244643,27.4033791,21379801,847175269.03
2020-05-25,27.3336504,27.53586363,26.67820062,26.82463089,12224589,472825374.67
2020-05-26,26.83160376,27.31970466,26.7060921,27.06868134,16502889,640535054.64
2020-05-27,27.21511161,27.30575892,26.20404546,26.57360757,14862998,567143534.37
2020-05-28,26.69911923,26.81068515,26.08550667,26.53177035,11082303,419369052.9
2020-05-29,26.5666347,26.83857663,26.2877199,26.68517349,12429835,473601797.06
2020-06-01,26.9152782,27.99607305,26.9152782,27.65440242,22633924,895835721.5
2020-06-02,27.8217513,28.07277462,27.38943336,28.0309374,16635283,660730063.33
2020-06-03,27.95423583,28.28893359,27.60559233,27.87753426,14772131,592025789.1
2020-06-04,28.24709637,28.34471655,27.44521632,27.91239861,11535021,460627409.06
2020-06-05,27.77991408,27.80083269,27.48008067,27.66834816,10946142,433887840.47
2020-06-08,27.66834816,28.06580175,27.48008067,27.64742955,13557633,539283822.4
2020-06-09,27.6822939,27.74504973,26.37139434,26.69214636,21169382,812882550.05
2020-06-10,26.6363634,26.92225107,26.37139434,26.89435959,10958631,419466119.61
2020-06-11,26.85252237,27.58467372,26.71306497,27.13143717,13884520,541833714.01
2020-06-12,26.55268896,27.3336504,26.39928582,26.92225107,14030912,543642023.62
2020-06-15,27.16630152,27.52889076,26.24588268,26.24588268,18422223,710502538.05
2020-06-16,26.72003784,26.80371228,26.31561138,26.67820062,15412175,587099650.15
2020-06-17,28.03791027,29.04897642,27.6822939,27.98910018,46655811,1895324126.76
2020-06-18,27.89148,30.3319845,27.11051856,29.2163253,59772190,2429183580.18
2020-06-19,29.27210826,29.62772463,28.94438337,29.36275557,24618157,1035527873.59
2020-06-22,29.7044262,30.79916679,29.7044262,29.83691073,30260900,1310149710.52
2020-06-23,29.80901925,30.15766275,29.73929055,30.08793405,18618610,800124791.95
2020-06-24,30.1227984,30.23436432,29.39064705,29.69048046,21946361,934359166.05
2020-06-29,29.51615871,29.89269369,28.99319346,29.32091835,16180698,683203406.4
2020-06-30,29.62075176,30.7503567,29.57891454,29.96939526,21675828,934820810.21
2020-07-01,30.11582553,31.16175603,29.85085647,30.45052329,28355140,1238868386.0
2020-07-02,30.81311253,31.81023294,30.52025199,31.48250805,33449718,1501294472.9
2020-07-03,31.4476437,31.4476437,30.5411706,31.2384576,26697192,1185842986.55
2020-07-06,31.5871011,33.15599685,31.377915,32.50751994,39540945,1824514496.81
2020-07-07,33.39307443,35.75687736,33.33729147,34.3065204,52306230,2627045117.91
2020-07-08,34.36230336,35.0735361,33.469776,34.63424529,39666995,1944277387.5
2020-07-09,34.5157065,37.0259397,34.3065204,36.09157512,45529685,2336006660.6
2020-07-10,35.561637,36.48902871,34.86435,35.04564462,39772074,2023633824.87
2020-07-13,35.04564462,35.51979978,34.7946213,35.2827222,38752893,1953425621.54
2020-07-14,35.47796256,35.47796256,33.18388833,33.88117533,48702790,2380742788.44
2020-07-15,33.99274125,34.34835762,32.6330316,32.8422177,39311658,1886588333.26
2020-07-16,32.98864797,33.38610156,30.1227984,30.20647284,47087318,2143743182.71
2020-07-17,30.47841477,30.93165132,29.54405019,30.16463562,38446311,1665072878.05
2020-07-20,30.69457374,31.377915,29.80901925,31.35699639,32561008,1430449556.68
2020-07-21,31.21753899,31.48948092,30.66668226,31.19662038,25069096,1117018333.91
2020-07-22,31.1687289,32.04033765,30.89678697,31.44067083,26765217,1215031745.68
2020-07-23,31.09202733,31.28726769,29.87177508,30.84100401,27137376,1190075219.42
2020-07-24,30.84100401,31.60801971,29.53707732,29.7044262,30960318,1354916492.44
2020-07-27,29.90663943,30.56906208,29.6346975,30.12977127,18605849,804141798.71
2020-07-28,30.4714419,30.50630625,29.13265086,29.45340288,25788135,1098539380.12
2020-07-29,29.55102306,30.49933338,29.34183696,30.46446903,23601025,1018184241.82
2020-07-30,30.44355042,30.7503567,30.08096118,30.13674414,15798657,685996614.9
2020-07-31,30.13674414,30.93862419,30.09490692,30.5411706,21033685,919248877.59
2020-08-03,30.70154661,31.9357446,30.55511634,31.92877173,31473223,1419806907.11
2020-08-04,32.30530671,32.30530671,31.48948092,31.67774841,22594539,1031035052.36
2020-08-05,32.4238455,32.62605873,31.22451186,31.50342666,28177257,1282725785.71
2020-08-06,31.36396926,31.50342666,30.54814347,31.1687289,25372307,1126572072.79
2020-08-07,31.14083742,31.14083742,29.50221297,30.03912396,28146672,1219878781.69
2020-08-10,29.983341,30.47841477,29.82296499,30.19949997,17348955,749657841.26
2020-08-11,30.17160849,30.32501163,29.29999974,29.39064705,17392494,744610427.85
2020-08-12,29.3557827,29.57194167,28.28196072,28.7979531,21655400,892091485.02
2020-08-13,29.0071392,29.25816252,28.61665848,28.63060422,13294205,549926151.67
2020-08-14,28.58179413,30.08096118,28.53995691,29.94847665,23408819,993389692.08
2020-08-17,29.7741549,30.35290311,29.4952401,30.15068988,21089564,906876674.02
2020-08-18,30.36684885,31.0990002,30.03215109,30.1925271,24058567,1054286805.26
2020-08-19,30.4714419,31.47553518,30.25528293,30.78522105,33826129,1500038382.57
2020-08-20,30.45749616,31.00835289,29.67653472,29.71139907,22355426,971587615.65
2020-08-21,29.99031387,32.08914774,29.73929055,31.78234146,39075767,1744120566.64
2020-08-24,31.83115155,31.84509729,31.1687289,31.68472128,22760890,1029321455.3
2020-08-25,31.88060925,32.21361715,30.60734375,30.6367268,41138130,1314582612.14
2020-08-26,30.66610985,31.537807,30.3428963,30.68569855,33663444,1062178150.58
2020-08-27,30.8522025,31.03829515,30.41145675,30.84240815,21949560,689617257.35
2020-08-28,30.72487595,30.9109686,30.0882432,30.76405335,26135280,812012811.52
2020-08-31,31.0480895,32.2234115,31.0480895,32.125468,45859870,1489423005.57
2020-09-01,32.1842341,34.1626928,31.6161618,34.05495495,63978287,2158743343.03
2020-09-02,33.7905075,33.9668058,33.1832578,33.31058435,36509350,1247548745.79
2020-09-03,32.125468,32.29197195,30.92076295,31.3810974,69974855,2243796310.35
2020-09-04,30.4408398,31.8120488,30.41145675,31.4006861,37788374,1204155746.61
2020-09-07,31.29294825,31.537807,29.80420705,30.03927145,40876733,1275042474.67
2020-09-08,30.1274206,30.3037189,29.0892195,29.578937,27325443,824819820.54
2020-09-09,29.5593483,30.166598,29.07942515,29.13819125,28322856,857095335.33
2020-09-10,28.62888505,29.00107035,26.444745,26.6798094,58211898,1634851855.23
2020-09-11,26.51330545,27.228293,25.7983179,27.1891156,35214032,952421495.34
2020-09-14,27.1891156,27.3458252,26.31741845,26.61124895,33253455,908334540.33
2020-09-15,26.72878115,27.37520825,26.5426885,27.02261165,27837120,764056120.87
2020-09-16,27.00302295,27.6592444,26.70919245,27.3458252,28209957,786355250.53
2020-09-17,27.3262365,27.5221235,26.8756964,27.21849865,21178818,586967640.26
2020-09-18,27.19890995,28.0510184,27.14014385,27.8943088,33152344,938716308.87
2020-09-21,27.84533705,28.37423195,27.61027265,27.7180105,23283760,664954630.6
2020-09-22,27.37520825,27.6592444,27.0911721,27.17932125,16471257,459721659.04
2020-09-23,27.228293,27.47315175,26.640632,27.032406,19267148,531789023.43
2020-09-24,26.88549075,26.9344625,25.3281891,25.3477778,57717279,1527273509.03
2020-09-25,25.67099135,25.84728965,24.9755925,25.29880605,36682215,950461778.68
2020-09-28,25.41633825,25.59263655,25.12250775,25.18127385,19385751,501245908.28
2020-09-29,25.29880605,25.57304785,25.1714795,25.2302456,22382703,579338024.7
2020-09-30,25.269423,25.3673665,24.73073375,24.90703205,20233436,517577713.04
2020-10-09,25.45551565,25.71016875,25.1323021,25.35757215,33863394,879552670.86
2020-10-12,25.5240761,26.3663902,25.46531,26.3663902,42261183,1122322256.25
2020-10-13,26.33700715,26.45453935,25.86687835,26.3859789,34684424,925215709.5
2020-10-14,26.3859789,26.39577325,25.59263655,25.7003744,32619536,861108223.64
2020-10-15,25.7199631,25.9550275,25.1910682,25.27921735,29687468,774807864.98
2020-10-16,25.2890117,25.43592695,24.90703205,25.0539473,20571108,527399227.32
2020-10-19,25.31839475,25.5436648,24.3291654,24.4075202,42165376,1066992226.24
2020-10-20,24.3291654,24.84826595,24.06471795,24.7601168,37730336,945287933.05
2020-10-21,24.90703205,24.94620945,23.8002705,23.9373914,36716089,906213527.67
2020-10-22,23.65335525,23.8002705,23.310553,23.4672626,38767432,930124749.3
2020-10-23,23.49664565,23.67294395,23.0167225,23.0950773,23762001,566619036.58
2020-10-26,23.0950773,23.4868513,22.73268635,23.2909643,17841348,422314094.69
2020-10-27,23.0167225,23.45746825,23.0167225,23.4084965,15990632,380429672.38
2020-10-28,23.4084965,23.69253265,22.8600129,23.50644,29598152,703918356.24
2020-10-29,23.20281515,23.20281515,22.722892,22.73268635,29691463,695625504.82
2020-10-30,22.3898841,22.67392025,21.4104491,21.54757,70385527,1573672573.69
2020-11-02,21.69448525,21.7630457,20.764022,21.4104491,47919042,1035096328.28
2020-11-03,21.55736435,22.2919406,21.55736435,21.87078355,52929642,1184884979.83
2020-11-04,22.0568762,22.0960536,21.65530785,21.77284005,23515705,524229724.05
2020-11-05,22.08625925,23.16363775,21.8805779,22.86980725,58144868,1338839064.39
2020-11-06,22.918779,23.4476739,22.6053598,23.18322645,50559319,1190790598.4
2020-11-09,23.4672626,24.4662863,23.4672626,23.98636315,60144656,1472666969.3
2020-11-10,23.94718575,23.94718575,23.00692815,23.1342547,48729849,1163843023.69
2020-11-11,22.8208355,22.8404242,22.18420275,22.1939971,38862342,888381091.22
2020-11-12,22.4290615,22.5857711,22.08625925,22.38008975,25670574,585597601.95
2020-11-13,21.90996095,22.2723519,20.4701915,21.9981101,62137703,1360235673.81
2020-11-16,21.87078355,22.8404242,21.4496265,22.3898841,39205691,886289726.18
2020-11-17,22.24296885,22.331118,21.77284005,22.0960536,22467451,505341208.56
2020-11-18,22.0960536,22.24296885,21.7630457,21.77284005,21348525,479315652.59
2020-11-19,21.5083926,21.96872705,21.351683,21.8218118,23274358,517077680.14
2020-11-20,21.9001666,22.36050105,21.75325135,21.87078355,25030456,562037820.09
2020-11-23,21.939344,22.28214625,21.55736435,22.0960536,26179716,587852834.74
2020-11-24,22.0176988,22.4290615,21.939344,22.1156423,25368943,574529261.7
2020-11-25,22.16461405,22.3115293,21.71407395,21.7630457,26494842,595806439.67
2020-11-26,21.7630457,21.89037225,21.40065475,21.47900955,20340733,448417024.91
2020-11-27,21.5083926,21.69448525,21.22435645,21.4496265,16454556,359641278.27
2020-11-30,21.5671587,21.90996095,21.4104491,21.9001666,23949934,531710753.23
2020-12-01,21.79242875,22.3115293,21.73366265,22.2135858,31932906,722015761.12
2020-12-02,22.24296885,22.86980725,22.1156423,22.7033033,38285381,880970521.96
2020-12-03,22.71309765,22.81104115,22.3507067,22.4878276,23949165,551019071.26
2020-12-04,22.4290615,22.6053598,22.2723519,22.59556545,18021866,413297932.14
2020-12-07,22.65433155,22.71309765,22.0568762,22.06667055,23361732,532230579.85
2020-12-08,21.9785214,21.9785214,21.54757,21.5867474,25773215,570800647.45
2020-12-09,21.57695305,21.79242875,21.0578525,21.0578525,27583296,602517111.87
2020-12-10,20.9207316,21.1753847,20.81299375,20.959909,19161309,410750468.39
2020-12-11,20.8815542,20.9207316,19.99026835,20.18615535,41536285,862333672.02
2020-12-14,19.93150225,20.16656665,19.7649983,19.9608853,28120458,571407914.65
2020-12-15,19.93150225,20.6269011,19.81397005,20.57792935,24922178,518440806.95
2020-12-16,20.69546155,20.8031994,20.30368755,20.4114254,17324092,363616448.09
2020-12-17,20.3134819,20.61710675,20.0196514,20.5485463,18059692,374964033.53
2020-12-18,20.6464898,20.764022,20.1959497,20.30368755,17286187,360942300.41
2020-12-21,20.2743045,20.7444333,20.08821185,20.51916325,19326429,404536962.96
2020-12-22,20.4310141,20.51916325,19.8433531,19.89232485,23213453,477558061.77
2020-12-23,19.89232485,20.0588288,19.4907565,19.980474,26026744,525650229.19
2020-12-24,19.95109095,20.02944575,19.4907565,19.5103452,19288988,387345768.65
2020-12-25,19.57890565,19.57890565,19.1577486,19.196926,20373575,401728029.82
2020-12-28,19.06959945,19.06959945,18.5309102,18.75618025,24379819,466992207.33
2020-12-29,18.7072085,20.1175949,18.7072085,19.87273615,44000757,880581331.64
2020-12-30,19.5887,19.95109095,19.52013955,19.69643785,24161313,486026508.43
2020-12-31,19.6670548,20.1371836,19.61808305,20.02944575,27277999,554830229.5
2021-01-04,20.04903445,20.4310141,19.8825305,20.22533275,29033884,597433221.81
2021-01-05,20.04903445,20.77381635,19.980474,20.71505025,35607304,746903217.42
2021-01-06,20.8619655,20.9011429,20.2351271,20.3134819,26811722,560139505.04
2021-01-07,20.176361,20.2743045,19.44178475,19.8041757,30834066,622612541.95
2021-01-08,19.7649983,21.7826344,19.6866435,21.7826344,84149564,1824724735.17
2021-01-11,22.20379145,23.33993605,21.8609892,22.92857335,108323382,2519736986.47
2021-01-12,22.6053598,23.35952475,22.36050105,23.06569425,73308823,1717119279.05
2021-01-13,22.9579564,23.88841965,22.722892,23.8786253,81220939,1942260480.9
2021-01-14,23.82965355,24.4466976,23.1342547,23.5260287,85766658,2089361298.78
2021-01-15,23.310553,23.37911345,22.331118,22.53679935,60209417,1396793027.07
2021-01-18,22.47803325,24.5838185,22.34091235,24.16266145,76715403,1859870724.27
2021-01-19,24.18225015,24.55443545,23.81006485,24.24101625,52241595,1288814651.99
2021-01-20,24.18225015,24.18225015,23.4280852,23.71212135,37043093,896030931.05
2021-01-21,23.7219157,24.43690325,23.2126095,24.43690325,52199760,1269731001.43
2021-01-22,24.14307275,24.26060495,22.8991903,23.18322645,52813557,1268917588.21
2021-01-25,22.8012468,23.2713756,22.38008975,22.722892,37891834,883019952.41
2021-01-26,22.722892,23.2909643,22.20379145,22.34091235,33548504,772694048.71
2021-01-27,22.36050105,22.6249485,21.7238683,21.8218118,33336651,753790121.24
2021-01-28,21.45942085,21.69448525,20.5289576,20.568135,47091374,1007991402.48
2021-01-29,20.71505025,20.8423768,19.75520395,20.1567723,36536338,755964886.78
2021-02-01,20.4506028,21.1362073,20.36245365,20.8031994,31723143,671113937.92
2021-02-02,20.79340505,21.2929169,20.4701915,21.0186751,33033623,706831122.02
2021-02-03,20.9990864,20.9990864,19.89232485,19.95109095,39546754,820024516.02
2021-02-04,19.97067965,20.59751805,19.2752808,20.5485463,46669387,946257669.61
2021-02-05,20.30368755,20.5877237,19.50055085,19.55931695,31289969,638895500.49
2021-02-08,19.5887,20.2938932,19.3536356,19.95109095,24231788,493009876.74
2021-02-09,20.00985705,20.3330706,19.75520395,20.22533275,23553344,482667960.37
2021-02-10,20.1959497,20.6464898,20.0784175,20.49957455,26069330,543046240.56
2021-02-18,20.8031994,21.4104491,20.6660785,20.9990864,35275799,757183132.32
2021-02-19,20.959909,21.5279813,20.65628415,21.4692152,32136826,694992642.01
2021-02-22,21.54757,21.98831575,21.155796,21.1753847,37029341,815016659.35
2021-02-23,20.959909,21.57695305,20.6856672,21.10682425,28975580,624957260.44
2021-02-24,21.12641295,21.6063361,20.87175985,21.45942085,31109757,676195236.0
2021-02-25,21.5279813,21.5867474,20.959909,21.00888075,24082353,522354760.27
2021-02-26,20.7444333,21.2733282,20.6856672,21.04805815,23385976,501353749.71
2021-03-01,21.06764685,21.89037225,21.00888075,21.87078355,33776885,742380237.38
2021-03-02,21.83160615,21.96872705,21.2537395,21.45942085,28895183,634643208.13
2021-03-03,21.30271125,21.4888039,21.06764685,21.4496265,19771821,430116583.74
2021-03-04,21.24394515,21.3908604,20.8619655,20.9403203,22157094,476567631.95
2021-03-05,20.79340505,21.1166186,20.49957455,20.57792935,32982671,700064660.45
2021-03-08,20.71505025,20.91093725,20.0980062,20.0980062,26123560,546930298.23
2021-03-09,19.93150225,20.2938932,19.44178475,19.784587,24981882,508204057.35
2021-03-10,19.9608853,20.0392401,19.4907565,19.5495226,21386805,429285224.29
2021-03-11,19.6278774,20.1959497,19.53972825,20.0588288,20698373,419607044.66
2021-03-12,19.89232485,20.0588288,19.67684915,19.784587,14642648,295838818.01
2021-03-15,19.7454096,19.7454096,19.30466385,19.4319904,18289795,364574205.05
2021-03-16,19.50055085,19.75520395,19.50055085,19.71602655,13977196,280200852.32
2021-03-17,19.6474661,19.79438135,19.5103452,19.69643785,13575743,272588598.82
2021-03-18,19.67684915,19.73561525,19.16754295,19.2165147,28596987,567068373.45
2021-03-19,18.9030955,19.1773373,18.805152,19.001039,16738765,324652006.11
2021-03-22,19.0206277,19.38301865,19.001039,19.2752808,12558115,246361867.02
2021-03-23,19.34384125,19.42219605,19.10877685,19.2165147,10334121,202880009.8
2021-03-24,19.22630905,19.28507515,19.0206277,19.10877685,11690982,228258694.11
2021-03-25,19.196926,19.5299339,19.1773373,19.3340469,14984428,295981339.87
2021-03-26,19.3732243,19.53972825,19.26548645,19.48096215,12619690,250411561.51
2021-03-29,19.42219605,19.63767175,19.36342995,19.44178475,13021338,258863941.55
2021-03-30,19.4907565,19.4907565,19.32425255,19.40260735,8840086,175089398.72
2021-03-31,19.3732243,19.5299339,19.28507515,19.4319904,8593648,170361154.99
2021-04-01,19.44178475,19.65726045,19.3536356,19.50055085,10775665,214752227.91
2021-04-02,19.4907565,19.8041757,19.3732243,19.79438135,16846144,336933479.6
2021-04-06,19.8041757,19.87273615,19.61808305,19.7062322,11229809,225878059.42
2021-04-07,19.7062322,19.7062322,19.3732243,19.4124017,14241686,282870923.45
2021-04-08,19.30466385,19.4711678,19.2948695,19.30466385,9535166,188431259.75
2021-04-09,19.2948695,19.3536356,19.0402164,19.08918815,12067280,235939394.21
2021-04-12,19.05001075,19.5299339,19.01083335,19.26548645,16319184,321693782.24
2021-04-13,19.2948695,19.3144582,19.0206277,19.06959945,9242426,180222959.37
2021-04-14,19.05001075,19.18713165,18.95206725,19.12836555,8599625,167540649.87
2021-04-15,19.05001075,19.0989825,18.57988195,18.7463859,16200160,310055440.66
2021-04-16,18.75618025,19.001039,18.69741415,18.95206725,9768582,188110158.34
2021-04-19,18.9814503,19.4515791,18.9226842,19.42219605,17927254,352448405.55
2021-04-20,19.2948695,19.38301865,19.0793938,19.08918815,14891530,292374660.61
2021-04-21,19.06959945,19.06959945,18.77576895,18.79535765,15033384,289712421.38
2021-04-22,18.609265,18.609265,17.69839045,17.7865396,55395533,1014618284.01
2021-04-23,17.7865396,17.93345485,17.62983,17.9236605,15429154,280754314.13
2021-04-26,17.9236605,17.9432492,17.67880175,17.7277735,18754120,340627899.19
2021-04-27,17.63962435,17.71797915,17.1597012,17.2576447,22972602,406376233.75
2021-04-28,17.238056,17.38497125,17.0225803,17.3751769,13071605,229983766.17
2021-04-29,17.3555882,18.5113215,17.30661645,18.26646275,32204348,592005456.43
2021-04-30,18.0020153,18.0803701,17.7865396,17.89427745,16949944,310175807.08
2021-05-06,17.81592265,18.0411927,17.7081848,17.73756785,11761954,214180799.41
2021-05-07,17.73756785,17.89427745,17.44373735,17.46332605,12646289,227722168.55
2021-05-10,17.46332605,17.81592265,17.24785035,17.79633395,11714553,210327317.7
2021-05-11,17.62983,17.97263225,17.62983,17.7277735,11680222,212470090.42
2021-05-12,17.6690074,17.85510005,17.63962435,17.8453057,11069588,200765724.42
2021-05-13,17.77674525,17.97263225,17.6885961,17.87468875,12662664,230962036.62
2021-05-14,17.89427745,18.1391362,17.825717,18.10975315,15989436,294045523.57
2021-05-17,18.2370797,18.5700876,18.14893055,18.1979023,19768378,370677016.47
2021-05-18,18.14893055,18.3937893,18.03139835,18.24687405,12291684,228699770.88
2021-05-19,18.12934185,18.4329667,18.07057575,18.3154345,11207518,208925982.4
2021-05-20,18.22728535,18.30564015,17.91386615,17.97263225,15303728,282298806.35
2021-05-21,17.97263225,18.1195475,17.62983,17.62983,14397287,261332716.6
2021-05-24,17.62983,18.2958458,17.5122978,18.2370797,27245300,500160412.7
2021-05-25,18.1195475,18.3937893,18.0803701,18.2958458,26337689,490322455.91
2021-05-26,18.36440625,18.7463859,18.24687405,18.2958458,26268014,495204827.75
2021-05-27,18.24687405,18.75618025,18.22728535,18.75618025,28028787,532162747.65
2021-05-28,18.6876198,18.69741415,18.3154345,18.46234975,20667825,390710692.75
2021-05-31,18.48193845,19.83355875,18.48193845,19.7454096,62518853,1238271019.4
2021-06-01,19.784587,21.67489655,19.71602655,21.42024345,91544766,1955832755.43
2021-06-02,21.351683,21.67489655,20.89134855,21.0774412,48846466,1056827711.98
2021-06-03,21.04805815,22.6053598,20.959909,22.14502535,83312672,1872574991.5
2021-06-04,21.9384278,23.0697817,21.85972492,22.29259076,53269957,1216573681.12
2021-06-07,22.135185,22.73529446,21.95810352,22.01713068,36561366,826116557.81
2021-06-08,22.22372574,23.0205924,22.14502286,22.54837512,50919933,1173819145.21
2021-06-09,22.4795101,22.96156524,21.70231916,21.86956278,45951695,1032591050.9
2021-06-10,22.06631998,22.15486072,21.5941027,21.99745496,37417419,833172973.2
2021-06-11,22.00729282,22.11550928,21.26945332,21.30880476,41062354,900598347.47
2021-06-15,21.73183274,22.00729282,21.2497776,21.60394056,34362101,754209124.43
2021-06-16,21.65312986,21.83021134,20.93496608,21.23993974,27258444,589476108.91
2021-06-17,21.38750764,22.50902368,21.16123686,22.1843743,42625998,951669470.58
2021-06-18,22.32210434,22.35161792,21.42685908,21.6924813,29439645,652060359.63
2021-06-21,21.6924813,21.7416706,21.28912904,21.58426484,30433259,664658512.77
2021-06-22,21.643292,21.80069776,21.28912904,21.50556196,24119720,527256729.3
2021-06-23,21.40718336,22.05648212,21.2005883,21.9384278,31783663,701407189.75
2021-06-24,21.92858994,21.92858994,20.5611274,20.66934386,43466535,933701852.6
2021-06-25,20.7086953,21.4465348,20.68901958,21.02350682,26166408,561124711.62
2021-06-28,21.04318254,21.6924813,20.87593892,21.56458912,30640952,667519857.59
2021-06-29,21.56458912,21.56458912,20.25615374,20.40372164,52896276,1109161543.71
2021-06-30,20.4135595,21.57442698,20.3643702,21.52523768,52189971,1123180832.64
2021-07-01,21.63345414,22.627078,21.55475126,21.81053562,56175385,1267448338.59
2021-07-02,21.8400492,21.89907636,20.99399324,21.3973455,28290779,614228649.79
2021-07-05,21.40718336,22.53853726,21.40718336,22.44015866,49949554,1124919852.28
2021-07-06,22.61724014,22.8730245,22.14502286,22.627078,42859154,978839718.39
2021-07-07,22.3319422,22.94188952,21.9876171,22.78448376,42193210,968343779.43
2021-07-08,22.85334878,23.19767388,22.4303208,23.0205924,45564678,1058354831.5
2021-07-09,22.93205166,22.99107882,22.30242862,22.63691586,44091955,1014477481.41
2021-07-12,21.5449134,24.89962366,21.18091258,24.89962366,124311368,2990422040.3
2021-07-13,25.086543,25.2833002,24.0535677,24.91929938,94070951,2348381732.72
2021-07-14,25.54892242,26.50319484,23.97486482,24.102757,106774192,2718682878.85
2021-07-15,23.52232326,24.40773066,23.13864672,24.09291914,52748597,1278811608.81
2021-07-16,23.9059998,26.4146541,23.9059998,25.3816788,76482243,1960070990.7
2021-07-19,25.9719504,27.91984668,25.75551748,27.22135862,118829220,3288799060.53
2021-07-20,27.11314216,27.80179236,26.4146541,27.29022364,82239325,2265887068.47
2021-07-21,27.07379072,28.05757672,26.49335698,27.58535944,76724226,2123518627.49
2021-07-22,27.58535944,28.7757405,27.054115,27.62471088,71618379,2029289636.34
2021-07-23,27.41811582,27.67390018,26.58189772,26.64092488,59690947,1633808807.85
2021-07-26,26.69995204,27.53617014,26.1687076,26.87703352,50374521,1374391545.14
2021-07-27,26.69995204,28.5789833,26.6606006,27.546008,84566953,2399339728.47
2021-07-28,27.11314216,27.94936026,25.04719156,26.18838332,74406126,2021071291.53
2021-07-29,26.8081685,27.41811582,26.05065328,26.2670862,60589402,1643744830.42
2021-07-30,26.27692406,26.69995204,25.64730102,25.93259896,49173945,1304892224.51
2021-08-02,26.1687076,28.0870903,26.1687076,27.82146808,82308399,2307989835.95
2021-08-03,28.01822528,28.50028042,27.2508722,27.6935759,56996258,1611239231.47
2021-08-04,27.4476294,27.9887117,27.43779154,27.72308948,42192393,1187290354.48
2021-08-05,27.85098166,27.85098166,26.562222,26.68027632,44580653,1220572197.53
2021-08-06,26.9065471,29.34633638,26.9065471,29.34633638,103141215,2989953931.64
2021-08-09,29.89725654,30.6449339,29.10038988,29.8087158,90335832,2733810220.0
2021-08-10,29.40536354,29.8087158,29.10038988,29.51358,44930652,1345271326.41
2021-08-11,29.51358,29.51358,28.16579318,28.41173968,56145615,1632552396.81
2021-08-12,28.2838475,28.81509194,27.76244092,27.9395224,41471672,1184382724.21
2021-08-13,27.8411438,27.97887384,25.14557016,25.14557016,127292850,3344322600.27
2021-08-16,25.07670514,25.95227468,24.2011356,25.5292467,56804734,1466270542.35
2021-08-17,25.59811172,25.7260039,24.8405965,24.91929938,33694528,864691790.09
2021-08-18,25.17508374,25.2833002,23.89616194,24.47659568,43068115,1074201238.03
2021-08-19,24.66351502,24.95865082,24.2995142,24.61432572,28664774,719698646.76
2021-08-20,24.61432572,25.64730102,24.22081132,25.19475946,31611188,808133989.72
2021-08-23,25.21443518,25.79486892,24.85043436,25.53908456,30110438,777376840.25
2021-08-24,25.31281378,25.5292467,24.63400144,25.29313806,36137127,921941909.63
2021-08-25,25.29313806,25.51940884,24.51594712,24.71270432,29065794,733176198.21
2021-08-26,24.4962714,24.67335288,23.57151256,23.63053972,44440206,1082666981.4
2021-08-27,23.5616747,23.97486482,23.33540392,23.8076212,26195542,629876867.85
2021-08-30,24.59465,24.97832654,23.7092426,23.91583766,49164369,1214692888.17
2021-08-31,24.17162202,24.17162202,22.8238352,23.3649175,37657883,891135418.49
2021-09-01,23.42394466,23.59118828,22.627078,23.34524178,27507893,649067252.01
2021-09-02,23.2173496,23.55183684,22.79432162,23.1681603,25990479,611023099.54
2021-09-03,23.39443108,24.102757,23.27637676,23.49280968,31977960,767642647.32
2021-09-06,23.39443108,23.81745906,22.84351092,23.74859404,22400372,534724431.2
2021-09-07,23.91583766,24.42740638,23.7584319,23.99454054,23023556,564509910.3
2021-09-08,23.91583766,25.1357323,23.8076212,25.04719156,35565419,890441868.99
2021-09-09,25.086543,25.2833002,24.83075864,24.99800226,28022892,711899271.31
2021-09-10,24.99800226,25.34232736,24.8897858,25.24394876,21674877,553820850.64
2021-09-13,25.27346234,25.27346234,23.4141068,24.37821708,42594954,1053781851.73
2021-09-14,24.2503249,24.61432572,23.66989116,23.74859404,27008075,662762837.34
2021-09-15,23.6600533,23.83713478,23.3649175,23.62070186,26901564,643532098.33
2021-09-16,23.610864,24.55529856,23.49280968,24.27000062,34312588,842590349.77
2021-09-17,23.9551891,24.48643354,23.5124854,24.38805494,19756242,482848401.34
2021-09-22,24.06340556,24.82092078,24.02405412,24.38805494,15567724,387173885.1
2021-09-23,24.4962714,25.15540802,24.22081132,25.04719156,35824270,902957941.44
2021-09-24,25.0373537,25.21443518,24.7914072,24.9881644,18810207,477837962.7
2021-09-27,25.07670514,25.4800574,23.78794548,24.61432572,29601257,737369810.55
2021-09-28,24.41756852,24.8405965,24.102757,24.14210844,15052515,372827632.7
2021-09-29,23.9059998,24.0535677,23.12880886,23.15832244,20714725,493932948.1
2021-09-30,23.2665389,24.97832654,23.2665389,24.53562284,34650569,860559934.72
2021-10-08,25.07670514,25.21443518,24.21097346,24.45691996,16885539,422194963.47
2021-10-11,24.45691996,24.67335288,24.22081132,24.40773066,14686399,364709730.76
2021-10-12,24.31918992,24.31918992,23.6600533,23.9059998,13196684,321416736.5
2021-10-13,23.9551891,24.86027222,23.88632408,24.71270432,20299097,507933655.0
2021-10-14,24.60448786,26.54254628,24.5454607,26.37530266,49724354,1303555127.44
2021-10-15,26.37530266,26.55238414,25.8243825,26.17854546,26228525,697525334.37
2021-10-18,26.03097756,26.5130327,25.65713888,26.50319484,25059179,666524229.31
2021-10-19,26.5130327,26.6606006,26.0211397,26.34578908,23718977,634888843.3
2021-10-20,26.34578908,27.52633228,26.12935616,26.64092488,30753007,840305923.3
2021-10-21,26.38514052,27.33941294,26.35562694,27.16233146,27883631,768168351.73
2021-10-22,27.16233146,27.45746726,26.76881706,27.22135862,21833047,602913262.1
2021-10-25,27.19184504,27.48698084,26.47368126,27.18200718,22655029,622643553.21
2021-10-26,27.3000615,27.35908866,26.6606006,26.7589792,23608021,648029998.52
2021-10-27,26.7589792,26.97541212,25.95227468,26.23757262,26610742,712795807.46
2021-10-28,26.34578908,26.69995204,25.65713888,25.85389608,17997629,477501665.68
2021-10-29,26.1687076,28.02806314,26.1687076,27.27054792,43266215,1197993501.15
2021-11-01,27.41811582,29.43487712,27.41811582,27.7919545,61372992,1770728175.8
2021-11-02,27.6443866,28.10676602,26.97541212,27.3000615,32960437,921372722.89
2021-11-03,27.546008,27.91000882,26.7589792,27.054115,21097315,583931159.9
2021-11-04,27.054115,27.38860224,26.93606068,27.2508722,19300491,532615261.26
2021-11-05,27.18200718,28.35271252,26.99508784,27.53617014,33139957,932886905.94
2021-11-08,27.66406232,27.66406232,26.7589792,26.92622282,21009973,577279277.98
2021-11-09,26.93606068,27.22135862,26.3654648,26.92622282,23596838,644470967.77
2021-11-10,26.92622282,27.07379072,26.2178969,26.34578908,24758789,667471364.05
2021-11-11,26.20805904,26.7097899,25.94243682,26.45400554,22385208,601038824.3
2021-11-12,26.4146541,26.65076274,25.7751932,26.00146398,24233625,643323746.29
2021-11-15,26.14903188,27.32957508,25.89324752,26.14903188,30198266,817465462.9
2021-11-16,26.1195183,27.11314216,25.59811172,25.70632818,34524655,916445774.76
2021-11-17,25.578436,27.65422446,25.42103024,27.08362858,51954433,1409650302.33
2021-11-18,26.7589792,27.71325162,26.48351912,26.74914134,41850393,1144475525.41
2021-11-19,26.6606006,26.69011418,25.83422036,26.52287056,40649917,1082325426.43
2021-11-22,26.38514052,26.93606068,26.19822118,26.78849278,30498592,828055666.49
2021-11-23,26.74914134,27.21152076,26.48351912,26.92622282,26143044,712488855.67
2021-11-24,26.76881706,27.6443866,26.6606006,27.17216932,30288747,836703757.92
2021-11-25,26.070329,26.070329,24.45691996,24.72254218,101009754,2548251723.48
2021-11-26,24.6438393,25.2341109,24.60448786,24.97832654,41965150,1066529867.87
2021-11-29,24.96848868,25.86373394,24.72254218,25.06686728,35238404,904253877.72
2021-11-30,25.06686728,25.86373394,24.90946152,25.44070596,30850189,795692413.71
2021-12-01,25.2833002,25.98178826,25.2341109,25.68665246,27262049,712225539.99
2021-12-02,25.81454464,26.12935616,25.4800574,25.5292467,17644062,460879771.56
2021-12-03,25.4308681,25.75551748,25.1357323,25.25378662,19577334,504964806.3
2021-12-06,25.30297592,25.50957098,25.086543,25.20459732,19387764,498711436.39
2021-12-07,25.2341109,26.00146398,24.8405965,25.24394876,27816077,715962187.15
2021-12-08,25.16524588,25.40135452,25.05702942,25.36200308,17530379,450305031.94
2021-12-09,25.22427304,25.75551748,25.15540802,25.5292467,26742380,692101827.62
2021-12-10,25.4800574,25.578436,24.90946152,25.1357323,25443820,650885797.04
2021-12-13,25.49973312,25.71616604,23.610864,24.01421626,79056166,1950945649.86
2021-12-14,23.94535124,24.2011356,23.25670104,23.4632961,51211130,1226699068.75
2021-12-15,23.43378252,23.73875618,23.33540392,23.44362038,25774726,616594471.84
2021-12-16,22.627078,22.627078,21.151399,21.84988706,119448563,2620781375.1
2021-12-17,21.63345414,21.85972492,21.21042616,21.32848048,47372669,1032263417.18
2021-12-20,21.3481562,21.3973455,20.32501876,20.4627488,44814605,944396350.26
2021-12-21,20.39388378,21.2005883,20.3643702,21.04318254,32700684,696319084.22
2021-12-22,21.08253398,21.42685908,20.98415538,21.23010188,31088916,672187064.37
2021-12-23,21.27929118,21.35799406,21.0038311,21.151399,20953710,449997402.43
2021-12-24,21.151399,21.40718336,21.08253398,21.2497776,22425920,484501936.56
2021-12-27,21.22026402,21.66296772,21.151399,21.53507554,28011504,612333894.73
2021-12-28,21.58426484,21.7908599,21.48588624,21.60394056,22316707,490738186.69
2021-12-29,21.67280558,22.0368064,21.35799406,21.91875208,28412796,628370947.56
2021-12-30,22.0368064,23.2665389,21.82037348,22.5778887,62850183,1455245866.92
2021-12-31,22.4303208,22.88286236,22.27291504,22.4795101,29809655,683797869.17
2022-01-04,22.4795101,22.60740228,22.1843743,22.46967224,29576508,673173646.52
2022-01-05,22.41064508,22.65659158,22.0368064,22.44015866,23109206,525478749.32
2022-01-06,22.3319422,22.5286994,21.9384278,22.0859957,30275826,680474407.9
2022-01-07,22.11550928,22.44999652,21.7416706,21.86956278,18772378,421153813.89
2022-01-10,21.75150846,22.627078,21.50556196,22.4795101,36180774,815321907.94
2022-01-11,22.36145578,22.96156524,22.29259076,22.71561874,34486500,797417622.9
2022-01-12,22.4303208,22.80415948,22.3811315,22.59756442,24040340,552543984.43
2022-01-13,22.7254566,22.9222138,22.31226648,22.32210434,16469972,378263273.34
2022-01-14,22.2335636,22.48934796,22.0368064,22.19421216,16761378,379197699.74
2022-01-17,22.58772656,24.08308128,22.45983438,23.97486482,65371411,1566884459.77
2022-01-18,24.57497428,25.90308538,24.102757,24.2995142,78451185,1992743855.98
2022-01-19,24.1519463,24.9389751,23.92567552,24.16178416,38121628,944308182.52
2022-01-20,24.09291914,24.5454607,23.86664836,24.2995142,35235125,868610245.75
2022-01-21,24.2503249,24.3978928,23.5616747,23.66989116,28767024,697393351.28
2022-01-24,23.66989116,23.94535124,23.2665389,23.49280968,21985919,525458614.81
2022-01-25,23.4632961,23.53216112,22.12534714,22.15486072,30841973,710577087.21
2022-01-26,22.135185,22.69594302,21.57442698,22.02696854,25149009,563923604.77
2022-01-27,22.05648212,22.14502286,20.83658748,20.92512822,27309214,589593218.74
2022-01-28,21.151399,21.42685908,20.62015456,20.72837102,23449044,501772501.95
2022-02-07,21.32848048,21.40718336,20.39388378,20.50210024,27115529,569709196.8
2022-02-08,20.4627488,20.97431752,20.14793728,20.9546418,20580781,430471239.49
2022-02-09,20.9546418,21.75150846,20.83658748,21.67280558,23889734,517880434.86
2022-02-10,21.57442698,21.643292,21.2497776,21.38750764,17630047,383686374.5
2022-02-11,21.2497776,21.51539982,20.62015456,20.73820888,24022078,512753225.97
2022-02-14,20.5611274,20.59064098,19.7740986,20.07907226,21510062,441837604.88
2022-02-15,20.07907226,20.49226238,20.02988296,20.3151809,22829665,469949650.82
2022-02-16,20.659506,20.73820888,20.28566732,20.38404592,20319704,422234680.71
2022-02-17,20.24631588,20.34469448,19.93150436,20.0200451,17499008,358040261.77
2022-02-18,20.67918172,21.37766978,20.5611274,21.18091258,57115804,1216251775.03
2022-02-21,22.04664426,22.60740228,21.87940064,22.135185,74856961,1687987756.49
2022-02-22,21.84988706,22.135185,21.42685908,21.4957241,40388056,890650029.11
2022-02-23,21.67280558,21.8892385,21.36783192,21.86956278,31883708,702521155.03
2022-02-24,21.643292,21.83021134,20.66934386,21.01366896,40977581,884435513.53
2022-02-25,21.151399,21.33831834,20.93496608,21.0038311,20808917,447107599.97
2022-02-28,20.82674962,21.68264344,20.59064098,21.63345414,30780524,665632384.0
2022-03-01,21.643292,21.82037348,21.36783192,21.67280558,23937467,526813792.0
2022-03-02,21.47604838,22.135185,21.41702122,21.85972492,23157107,513028320.0
2022-03-03,21.85972492,21.91875208,21.42685908,21.53507554,18880485,414632624.0
2022-03-04,21.38750764,21.77118418,21.22026402,21.32848048,18445664,403062320.0
2022-03-07,21.2005883,21.2005883,20.3643702,20.60047884,26690563,561789600.0
2022-03-08,20.63983028,20.77756032,19.86263934,20.17745086,22450780,464667648.0
2022-03-09,20.30534304,20.42339736,18.691934,19.73474716,29797181,594830608.0
2022-03-10,20.24631588,20.3151809,19.86263934,19.8724772,15118806,308320496.0
2022-03-11,19.5773414,20.1184237,19.27236774,20.04955868,15998544,319677104.0
2022-03-14,19.79377432,20.2659916,19.5773414,19.58717926,16308752,330317664.0
2022-03-15,19.48880066,19.56750354,18.3476089,18.36728462,27029709,521621264.0
2022-03-16,18.8395019,19.37074634,18.25906816,19.26252988,25610414,488635712.0
2022-03-17,19.5773414,20.0200451,19.43961136,19.5281521,23418694,468772032.0
2022-03-18,19.51831424,19.61669284,19.3805842,19.53798996,15220514,301988995.76
2022-03-21,19.49863852,19.63636856,19.1346377,19.35107062,17155696,337911381.19
2022-03-22,19.34123276,19.7740986,19.0854484,19.45928708,16310514,321327121.62
2022-03-23,19.4789628,20.22664016,19.2822056,19.8232879,24099818,486016067.67
2022-03-24,19.69539572,19.8232879,19.31171918,19.41993564,16241382,321576860.96
2022-03-25,19.45928708,19.60685498,19.12479984,19.14447556,11069887,217271331.18
2022-03-28,18.9870698,19.00674552,18.3476089,18.5935554,22147384,417953611.96
2022-03-29,18.66242042,18.9378805,18.3476089,18.40663606,16382705,309246900.74
2022-03-30,18.52469038,18.82966404,18.45582536,18.80015046,14380967,272650333.3
2022-03-31,18.7411233,19.27236774,18.52469038,19.2330163,16925060,323952974.66
2022-04-01,18.85917762,19.26252988,18.62306898,19.0854484,18794129,362345222.03
2022-04-06,19.0854484,19.10512412,18.75096116,18.80998832,16250423,312129081.83
2022-04-07,18.7411233,18.7411233,18.200041,18.20987886,19023944,356567703.01
2022-04-08,18.200041,18.26890602,17.68847228,18.1508517,16184551,295095792.1
2022-04-11,18.07214882,18.08198668,17.13755212,17.37366076,21958302,390156191.52
2022-04-12,17.14738998,17.74749944,17.14738998,17.68847228,12128766,215234063.83
2022-04-13,17.59993154,17.68847228,17.30479574,17.42285006,9063642,160949967.45
2022-04-14,17.53106652,17.68847228,17.19657928,17.40317434,17310318,306447493.32
2022-04-15,17.216255,17.37366076,16.88176776,17.216255,15891589,276280655.32
2022-04-18,17.1178764,17.24576858,16.7735513,17.216255,10388491,179795915.06
2022-04-19,17.30479574,17.708148,17.22609286,17.32447146,13325218,236503290.98
2022-04-20,16.9211192,17.43268792,16.80306488,17.1178764,13597068,237202031.64
2022-04-21,16.88176776,17.14738998,16.29149616,16.5276048,16427042,278872524.05
2022-04-22,16.3308476,16.79322702,16.01603608,16.61614554,13335229,222336462.26
2022-04-25,16.3308476,16.36036118,15.0519258,15.08143938,25113654,400036706.3
2022-04-26,15.11095296,15.27819658,14.1665184,14.264897,29634811,443849923.89
2022-04-27,14.15668054,15.51430522,13.98943692,15.33722374,29462035,442311494.11
2022-04-28,15.1994937,15.70122456,15.14046654,15.50446736,19574478,306375506.18
2022-04-29,16.3308476,16.9211192,15.8389546,16.724362,37024844,616732056.26
2022-05-05,16.6259834,17.83604018,16.50792908,17.48187722,29382167,520527921.78
2022-05-06,17.0194978,18.1016624,16.7735513,17.216255,23329051,411182456.84
2022-05-09,17.0686871,17.76717516,17.02933566,17.53106652,15071566,268487635.02
2022-05-10,17.22609286,17.82620232,17.12771426,17.79668874,17973374,322191896.3
2022-05-11,17.77701302,18.31809532,17.71798586,17.89506734,23699533,436065005.04
2022-05-12,17.64912084,18.16068956,17.63928298,17.83604018,16594730,302330415.47
2022-05-13,17.84587804,18.14101384,17.52122866,17.63928298,16028792,288133660.33
2022-05-16,17.98360808,17.98360808,17.35398504,17.40317434,14286609,254282767.48
2022-05-17,17.4130122,17.59009368,17.28512002,17.5605801,11294118,200661228.6
2022-05-18,17.81636446,18.1508517,17.4130122,17.47203936,20531681,370206043.96
2022-05-19,17.1178764,17.40317434,17.03917352,17.37366076,13445102,235382350.15
2022-05-20,17.38349862,17.63928298,17.34414718,17.48187722,11670967,207357210.02
2022-05-23,17.59009368,17.59993154,17.2654443,17.43268792,11878527,209874633.78
2022-05-24,17.43268792,17.49171508,16.46857764,16.4784155,19593023,338165370.8
2022-05-25,16.68501056,16.81290274,16.54728052,16.70468628,12430958,210941189.87
2022-05-26,16.74403772,17.216255,16.41938834,16.99982208,16578206,284503394.21
2022-05-27,17.19657928,17.39333648,16.96047064,17.09820068,14134095,247014078.46
2022-05-30,17.09820068,17.1670657,16.8227406,16.95063278,11803198,203276650.63
2022-05-31,16.9703085,17.61960726,16.66533484,17.5113908,23731425,415309411.96
2022-06-01,17.44252578,17.63928298,17.10803854,17.216255,18160360,319455178.26
2022-06-02,17.05884924,17.57041796,17.0194978,17.52122866,18181357,320852257.64
2022-06-06,17.52122866,17.94425664,17.49171508,17.91474306,19669580,356034723.36
2022-06-07,17.81636446,17.91474306,17.5113908,17.8065266,15684590,282233813.92
2022-06-08,17.7573373,18.13117598,17.57041796,17.89506734,24141536,439096980.84
2022-06-09,17.8065266,17.81636446,17.28512002,17.40317434,15885422,282821064.41
2022-06-10,17.3638229,17.68847228,17.23593072,17.63928298,16033741,285423430.56
2022-06-13,17.59993154,17.69831014,17.43268792,17.6589587,14642981,261787906.95
2022-06-14,17.4622015,17.48187722,16.76371344,17.39333648,22119734,385148848.03
2022-06-15,17.5113908,19.1346377,17.49171508,19.1346377,66400566,1252263729.58
2022-06-16,19.67572,19.67572,18.6427447,18.7411233,69419233,1337906440.57
2022-06-17,18.4459875,18.80015046,18.19020314,18.6427447,35016394,658021349.89
2022-06-20,18.68209614,18.9870698,18.57387968,18.85917762,31669955,604104370.11
2022-06-21,18.8395019,18.8395019,18.22955458,18.43614964,25111803,471997490.46
2022-06-22,18.50501466,18.56404182,17.9540945,18.22955458,23348747,432051383.11
2022-06-23,18.200041,18.71160972,18.0524731,18.63290684,27347726,511774652.05
2022-06-24,18.691934,18.90836692,18.40663606,18.5443661,25297384,478736748.31
2022-06-27,18.51485252,18.7411233,18.40663606,18.5935554,22426442,423346312.4
2022-06-28,18.57387968,18.95755622,18.4459875,18.92804264,30184822,575744760.11
2022-06-29,18.8395019,20.167613,18.7903126,19.81345004,60561487,1204963345.37
2022-06-30,18.48533894,19.34123276,18.48533894,19.0854484,52263005,1008924871.23
2022-07-01,19.06577268,20.49226238,18.9870698,19.81345004,54016498,1089615198.34
2022-07-04,19.90199078,20.17745086,19.5773414,19.79377432,31587228,634774438.7
2022-07-05,19.79377432,19.8724772,19.07561054,19.3805842,28113812,552726435.19
2022-07-06,19.21334058,19.6265307,19.09528626,19.3805842,22427015,440830253.24
2022-07-07,19.3805842,19.54782782,19.26252988,19.34123276,17578700,345751823.89
2022-07-08,19.35107062,19.58717926,19.06577268,19.20350272,19180097,376752263.56
2022-07-11,19.09528626,19.16415128,18.50501466,18.5935554,19799191,376310576.84
2022-07-12,18.76079902,19.54782782,18.58371754,19.36090848,32099677,624662569.47
2022-07-13,19.25269202,19.34123276,19.01658338,19.3313949,17122839,333274806.13
2022-07-14,19.5281521,19.9708558,19.39042206,19.60685498,28274389,566883669.96
2022-07-15,19.59701712,19.76426074,19.20350272,19.29204346,18182914,359435447.46
2022-07-18,19.20350272,19.63636856,19.0854484,19.61669284,14460451,284501171.59
2022-07-19,19.67572,20.10858584,19.5281521,19.8724772,21974340,442182014.76
2022-07-20,19.9708558,20.07907226,19.70523358,19.83312576,12922724,260843438.99
2022-07-21,19.67572,20.0200451,19.56750354,19.56750354,15881436,319569905.0
2022-07-22,19.5773414,19.7249093,19.16415128,19.2822056,15002300,295674159.0
2022-07-25,19.2822056,19.4297735,18.8395019,19.02642124,11753364,227934079.51
2022-07-26,19.01658338,19.183827,18.9378805,19.09528626,9845001,190799187.52
2022-07-27,19.09528626,19.16415128,18.70177186,18.77063688,12540521,240162156.73
2022-07-28,18.82966404,19.3313949,18.81982618,18.90836692,14404671,279499242.16
2022-07-29,18.8395019,19.0854484,18.18036528,18.26890602,22000362,414123883.18
2022-08-01,18.14101384,18.4951768,17.72782372,18.3967982,15466735,285875977.32
2022-08-02,18.18036528,18.18036528,17.19657928,17.708148,28946174,516483223.33
2022-08-03,17.6097694,18.25906816,17.59009368,17.8557159,21138115,386050696.1
2022-08-04,17.92458092,18.26890602,17.92458092,18.12133812,10990858,201982414.82
2022-08-05,18.16068956,18.92804264,18.14101384,18.84933976,23250850,440429553.35
2022-08-08,18.87899823,19.06689816,18.63176148,18.90866664,19127334,364922744.97
2022-08-09,18.85921929,18.97789293,18.56253519,18.73065618,11766177,222134473.32
2022-08-10,18.81966141,18.87899823,18.50319837,18.5922036,11525727,217756058.33
2022-08-11,18.78010353,18.96800346,18.68120883,18.91855611,13002089,248028661.51
2022-08-12,18.90866664,18.92844558,18.6910983,18.74054565,11241230,213756966.27
2022-08-15,18.64165095,18.6910983,18.3944142,18.5922036,10857053,203595631.32
2022-08-16,18.64165095,18.68120883,18.22629321,18.2955195,14788199,275052098.31
2022-08-17,18.26585109,18.42408261,17.94938805,18.35485632,16047519,295312954.54
2022-08-18,18.2955195,18.37463526,17.91971964,18.08784063,15064285,274801627.85
2022-08-19,18.17684586,18.72076671,18.02850381,18.17684586,21334000,395047223.71
2022-08-22,18.18673533,18.58231413,17.81093547,18.08784063,22726726,418116699.82
2022-08-23,18.01861434,18.10761957,17.81093547,17.86038282,15574583,281689157.76
2022-08-24,17.87027229,17.94938805,17.28679356,17.31646197,20714712,367507445.28
2022-08-25,17.41535667,17.44502508,17.0098884,17.34613038,14611712,253778021.96
2022-08-26,17.44502508,17.51425137,17.15823045,17.29668303,11204947,196245127.15
2022-08-29,17.0098884,17.3065725,16.9109937,17.26701462,9713793,168015502.36
2022-08-30,17.25712515,17.4054672,17.04944628,17.21756727,9144922,159069264.4
2022-08-31,17.1087831,17.27690409,16.98021999,17.1087831,11393094,197307601.7
2022-09-01,17.08900416,17.39557773,16.99999893,17.05933575,10354409,180129615.89
2022-09-02,17.01977787,17.19778833,16.97033052,17.11867257,7648578,132131486.05
2022-09-05,17.06922522,17.13845151,16.69342536,16.85165688,12868737,219087560.37
2022-09-06,16.9109937,16.98021999,16.79232006,16.9109937,11355932,193975842.36
2022-09-07,16.88132529,16.99010946,16.77254112,16.94066211,10544492,180279443.04
2022-09-08,16.99010946,17.07911469,16.79232006,16.80220953,10518872,179801019.9
2022-09-09,16.79232006,16.99999893,16.69342536,16.93077264,9255503,157743208.28
2022-09-13,16.98021999,17.2076778,16.96044105,17.09889363,12370263,213748777.86
2022-09-14,16.83187794,16.96044105,16.78243059,16.89121476,8788440,149848310.73
2022-09-15,16.94066211,17.0098884,16.4165202,16.69342536,12928238,218570328.74
2022-09-16,16.63408854,16.83187794,16.42640967,16.5154149,10078404,169409791.43
2022-09-19,16.52530437,16.52530437,15.823152,16.01105193,12806375,207816788.52
2022-09-20,16.08027822,16.53519384,16.08027822,16.14950451,8825307,144601269.17
2022-09-21,16.13961504,16.63408854,15.823152,16.52530437,10879819,179400818.28
2022-09-22,16.4165202,16.69342536,16.34729391,16.42640967,7795080,130439796.64
2022-09-23,16.42640967,16.56486225,16.0209414,16.36707285,8091141,133559548.93
2022-09-26,16.19895186,16.29784656,15.93193617,15.97149405,7351538,119641175.48
2022-09-27,15.98138352,16.22862027,15.95171511,16.22862027,6410862,104334987.27
2022-09-28,16.15939398,16.23850974,15.71436783,15.75392571,7509133,121376714.05
2022-09-29,15.93193617,16.07038875,15.53635737,15.69458889,8508684,136209234.28
2022-09-30,15.70447836,15.90226776,15.65503101,15.68469942,6397206,101905124.41
2022-10-10,15.61547313,15.61547313,14.97265758,15.00232599,11826349,180968431.47
2022-10-11,15.00232599,15.28912062,14.95287864,15.21989433,6900020,105533829.36
2022-10-12,15.25945221,15.81326253,15.11111016,15.80337306,10045292,157412697.46
2022-10-13,15.80337306,16.19895186,15.66492048,16.00116246,9762786,158361567.67
2022-10-14,16.06049928,16.24839921,16.05060981,16.10005716,9589509,156478162.83
2022-10-17,16.10994663,16.64397801,16.03083087,16.57475172,13931796,231762524.76
2022-10-18,16.53519384,16.58464119,16.32751497,16.39674126,8445297,140136134.61
2022-10-19,16.33740444,16.45607808,16.12972557,16.26817815,9501294,156423788.2
2022-10-20,16.26817815,16.63408854,16.12972557,16.40663073,10939645,181698594.41
2022-10-21,16.44618861,16.49563596,16.19895186,16.23850974,7514802,123940625.4
2022-10-24,16.38685179,16.67364642,15.91215723,15.96160458,11043524,181298218.46
2022-10-25,15.9220467,16.1198361,15.59569419,15.75392571,9275140,148424770.85
2022-10-26,15.823152,16.64397801,15.80337306,16.58464119,20591990,341815455.21
2022-10-27,16.60442013,16.99999893,16.48574649,16.66375695,17202687,291497261.68
2022-10-28,16.49563596,16.77254112,16.14950451,16.2187308,14842069,246838288.06
2022-10-31,16.33740444,17.23734621,16.24839921,16.96044105,34415117,587910166.25
2022-11-01,16.9109937,17.2076778,16.76265165,17.1087831,27004163,463517855.06
2022-11-02,17.08900416,17.14834098,16.88132529,17.03955681,19759243,340028892.66
2022-11-03,16.89121476,16.99010946,16.54508331,16.77254112,21118480,356755939.99
2022-11-04,16.7132043,17.08900416,16.6143096,17.04944628,20792498,355845404.67
2022-11-07,17.05933575,17.29668303,16.85165688,17.0098884,19849608,341518336.82
2022-11-08,16.99010946,17.16811992,16.85165688,17.1087831,16317039,281180429.66
2022-11-09,17.09889363,17.18789886,16.93077264,17.0098884,10685115,183850361.84
2022-11-10,16.94066211,17.12856204,16.88132529,17.05933575,13664540,234927578.89
2022-11-11,17.33624091,17.47469349,17.02966734,17.43513561,29618915,517563060.06
2022-11-14,17.34613038,17.98894593,17.3065725,17.97905646,31546506,566031693.2
2022-11-15,17.801046,18.27574056,17.71204077,18.18673533,26185891,477802848.16
2022-11-16,18.0977301,18.2955195,17.98894593,18.0977301,14381118,263953878.81
2022-11-17,18.10761957,18.47352996,18.05817222,18.3944142,18288415,337680450.66
2022-11-18,18.43397208,19.30424544,18.2955195,19.15590339,48897962,938162254.76
2022-11-21,18.77021406,19.22512968,18.65154042,19.22512968,27224970,524430488.04
2022-11-22,19.01745081,19.4822559,18.84932982,19.03722975,18845582,364080897.27
2022-11-23,18.93833505,19.0866771,18.48341943,18.6910983,26434004,499495078.52
2022-11-24,18.67131936,18.81966141,18.38452473,18.65154042,14093619,264204480.81
2022-11-25,18.50319837,18.67131936,18.41419314,18.60209307,8491440,159396411.26
2022-11-28,18.24607215,18.91855611,18.20651427,18.73065618,10941848,205928159.88
2022-11-29,18.74054565,18.89877717,18.4933089,18.78010353,13501252,256003060.61
2022-11-30,18.80977194,18.83944035,18.53286678,18.67131936,8971265,169297975.46
2022-12-01,18.83944035,19.42291908,18.74054565,19.25479809,21063656,407570483.76
2022-12-02,19.22512968,19.62070848,19.09656657,19.25479809,16716279,328894382.79
2022-12-05,19.26468756,19.72949265,19.23501915,19.64048742,19300951,381630747.9
2022-12-06,19.49214537,19.73938212,19.40314014,19.43280855,12706313,251294029.17
2022-12-07,19.3833612,19.55148219,19.0866771,19.55148219,12100873,236357955.01
2022-12-08,19.4822559,19.55148219,19.16579286,19.21524021,11531583,224667868.31
2022-12-09,19.20535074,19.53170325,19.03722975,19.4822559,19706368,384656779.0
2022-12-12,19.47236643,20.08551357,19.31413491,19.85805576,24884522,500006682.96
2022-12-13,19.77894,19.99650834,19.63059795,19.66026636,10760200,214716175.29
2022-12-14,19.71960318,19.90750311,19.62070848,19.70971371,9388325,187320892.74
2022-12-15,19.6800453,20.04595569,19.55148219,19.62070848,8878548,177788371.15
2022-12-16,19.41302961,19.4822559,19.14601392,19.4822559,10940500,213738671.09
2022-12-19,19.30424544,19.52181378,18.92844558,19.02734028,9646597,186458999.09
2022-12-20,19.20535074,19.24490862,18.56253519,18.72076671,11036726,209539266.89
2022-12-21,18.81966141,18.90866664,18.3944142,18.61198254,8635263,162480677.88
2022-12-22,18.8888877,18.89877717,18.58231413,18.65154042,6332380,120027573.4
2022-12-23,18.68120883,19.06689816,18.4933089,18.76032459,7096647,135345475.21
2022-12-26,18.96800346,18.96800346,18.6910983,18.8888877,6362443,120898154.05
2022-12-27,18.89877717,18.93833505,18.54275625,18.89877717,7937165,150407948.06
2022-12-28,18.83944035,18.92844558,18.67131936,18.77021406,4870182,92477186.46
2022-12-29,18.70098777,19.26468756,18.61198254,19.10645604,13290519,256325160.35
2022-12-30,19.19546127,19.41302961,19.05700869,19.29435597,10470217,203670646.73
2023-01-03,19.30424544,20.25363456,19.22512968,20.14485039,23106284,466671907.79
2023-01-04,22.16230227,22.16230227,22.16230227,22.16230227,22605198,506582487.18
2023-01-05,22.8446757,24.37754355,22.63699683,24.37754355,189556412,4507993458.32
2023-01-06,23.71494906,23.89295952,22.92379146,23.20069662,102739098,2430510966.42
2023-01-09,23.34903867,23.66550171,22.745781,23.1413598,46771235,1099466437.09
2023-01-10,23.0424651,23.30948079,22.33042326,22.61721789,50297872,1156661617.52
2023-01-11,22.61721789,23.51715966,22.58754948,22.90401252,43676795,1022346308.14
2023-01-12,22.90401252,23.50727019,22.46887584,23.03257563,39323168,911111811.41
2023-01-13,23.10180192,23.41826496,22.97323881,23.3391492,24761168,581565062.73
2023-01-16,23.0424651,24.08085945,23.0424651,23.46771231,33220779,794951116.53
2023-01-17,23.3391492,24.11052786,23.2402545,23.79406482,24364460,586385172.41
2023-01-18,23.5369386,23.9325174,23.34903867,23.60616489,21211419,505647013.06
2023-01-19,23.50727019,23.71494906,23.32925973,23.58638595,24675553,586694931.02
2023-01-20,23.52704913,24.04130157,23.19080715,23.49738072,34312964,816524708.4
2023-01-30,23.55671754,23.86329111,22.79522835,23.11169139,45379221,1059856606.08
2023-01-31,23.11169139,23.27981238,22.62710736,22.745781,22064387,510064588.49
2023-02-01,22.82489676,23.13147033,22.66666524,23.0424651,24585025,570588422.32
2023-02-02,23.06224404,23.30948079,22.49854425,22.59743895,29678689,683630213.6
2023-02-03,22.58754948,22.90401252,22.36998114,22.86445464,25005198,573364352.64
2023-02-06,23.13147033,23.22047556,22.40953902,22.5479916,30301106,696947229.54
2023-02-07,22.49854425,23.28970185,22.3502022,23.09191245,35455900,823750791.27
2023-02-08,23.12158086,23.81384376,22.51832319,22.68644418,41560398,968363166.8
2023-02-09,22.4490969,24.19953309,22.39964955,23.734728,55774609,1322611986.99
2023-02-10,23.80395429,24.6247803,22.9435704,23.15124927,73282691,1761338760.37
2023-02-13,23.15124927,25.3170432,22.83478623,24.9214644,91290467,2232412055.5
2023-02-14,25.22803797,25.28737479,23.67539118,24.14019627,61760820,1516348123.64
2023-02-15,24.17975415,25.49505366,23.88307005,25.13903274,72573814,1822919717.18
2023-02-16,24.83245917,25.96974822,24.12041733,24.3280962,91970446,2331219495.83
2023-02-17,24.34787514,24.47643825,22.62710736,22.62710736,73782206,1727016130.85
2023-02-20,22.53810213,23.97207528,22.53810213,23.85340164,51061069,1204048859.12
2023-02-21,24.14019627,24.99069069,23.80395429,24.23909097,65753511,1622007153.52
2023-02-22,24.04130157,24.34787514,23.57649648,24.0314121,31843746,770106899.17
2023-02-23,23.88307005,24.0314121,22.82489676,22.9435704,60317363,1414917916.49
2023-02-24,22.97323881,23.78417535,22.86445464,23.38859655,51606105,1218518042.17
2023-02-27,23.28970185,24.79290129,23.16113874,24.20942256,74776537,1825604754.97
2023-02-28,25.23792744,25.8115167,24.63466977,25.1192538,87526864,2225031833.4
2023-03-01,25.16870115,26.87957946,25.0203591,26.69167953,113169945,3004059719.95
2023-03-02,26.21698497,26.76090582,26.15764815,26.27632179,53333221,1423993504.8
2023-03-03,25.3170432,25.80162723,24.74345394,25.54450101,57976572,1488055274.17
2023-03-06,25.56427995,26.17742709,25.32693267,25.712622,42446527,1106636337.98
2023-03-07,25.68295359,25.68295359,24.55555401,24.58522242,50469967,1277799346.15
2023-03-08,24.70389606,24.95113281,24.38743302,24.8225697,32920978,821586697.66
2023-03-09,24.723675,27.30482667,24.54566454,27.30482667,85833801,2271819023.24
2023-03-10,26.87957946,27.74985282,26.59278483,27.10703727,91871447,2524326420.07
2023-03-13,26.64223218,27.91797381,26.25654285,27.67073706,84916644,2347278364.79
2023-03-14,27.1960425,27.3938319,26.25654285,26.97847416,66743558,1811201397.24
2023-03-15,27.07736886,27.21582144,26.41477437,26.49389013,34869778,939144495.62
2023-03-16,26.49389013,26.88946893,26.08842186,26.34554808,35686389,956308992.84
2023-03-17,26.49389013,27.67073706,26.4048849,27.13670568,67129844,1842491045.39
2023-03-20,27.1960425,28.76846823,27.14659515,27.73996335,96288054,2732226598.56
2023-03-21,27.50261607,28.4816736,27.05758992,27.64106865,52712306,1480114846.67
2023-03-22,27.4927266,29.1739365,27.4927266,29.05526286,83925516,2438952988.74
2023-03-23,28.94647869,31.2507252,28.7783577,30.91448322,106382478,3257932786.24
2023-03-24,30.63757806,31.61663559,30.3606729,31.28039361,66381644,2082141075.61
2023-03-27,30.9540411,31.27050414,29.51017848,30.22222032,72005725,2200007788.27
2023-03-28,30.01454145,30.4595676,29.09482074,29.77719417,48898488,1466409821.49
2023-03-29,29.59918371,30.99359898,29.2728312,30.10354668,53531468,1632881365.39
2023-03-30,29.66841,29.92553622,28.2838842,28.65968406,68921915,2011099711.43
2023-03-31,28.5805683,29.13437862,27.8883054,28.96625763,45971435,1325636088.08
2023-04-03,30.8551464,31.86387234,30.8551464,31.86387234,116495446,3725762930.81
2023-04-04,32.1407775,34.89005016,32.08144068,34.04944521,141676342,4785664763.79
2023-04-06,33.7230927,35.15706585,32.7341457,33.4264086,77584242,2654357516.66
2023-04-07,34.0197768,34.68237129,33.63408747,33.78242952,61899474,2133882630.71
2023-04-10,34.04944521,34.44502401,30.66724647,30.8551464,84045651,2721326568.41
2023-04-11,30.86503587,31.30017255,29.97498357,31.17160944,79826673,2490256220.03
2023-04-12,31.4485146,33.68353482,30.67713594,33.0308298,99599666,3284715264.84
2023-04-13,32.3385669,32.40779319,29.8661994,30.30133608,106401428,3336805032.56
2023-04-14,30.42989919,30.80569905,29.69807841,30.40023078,70872993,2170195339.88
2023-04-17,30.67713594,31.646304,29.80686258,31.21116732,87185540,2723856033.96
2023-04-18,30.91448322,32.7341457,29.99476251,32.34845637,117542786,3772986770.19
2023-04-19,32.1407775,33.624198,31.55729877,31.59685665,133113167,4383464819.32
2023-04-20,31.9429881,33.88132422,31.93309863,33.88132422,121733655,4079285970.97
2023-04-21,33.624198,33.7230927,31.60674612,32.1407775,94746217,3119296521.75
2023-04-24,32.3385669,33.624198,31.63641453,32.91215616,78770869,2602165821.29
2023-04-25,32.54624577,33.04071927,31.01337792,32.0418828,77249931,2499545987.33
2023-04-26,31.89354075,31.99243545,28.83769452,28.83769452,110288133,3295113994.03
2023-04-27,28.15532109,28.86736293,27.1960425,27.50261607,110728495,3117424033.41
2023-04-28,27.70040547,29.5695153,27.70040547,29.30249961,72603661,2133608832.66
2023-05-04,28.84758399,29.35194696,28.12565268,28.60034724,43638573,1263137700.38
2023-05-05,28.16521056,28.76846823,27.3938319,27.60151077,64816590,1830862572.97
2023-05-08,27.93775275,29.0750418,26.96858469,28.7783577,58207296,1669608702.59
2023-05-09,29.70796788,30.22222032,28.32344208,28.35311049,66547789,1970925294.51
2023-05-10,28.1849895,28.76846823,27.07736886,27.52239501,53344481,1495150412.1
2023-05-11,27.50261607,27.58173183,26.68179006,26.78068476,43072966,1178235133.07
2023-05-12,26.78068476,27.03781098,26.27632179,26.32576914,42663442,1146401831.75
2023-05-15,26.4048849,26.85980052,25.37638002,26.85980052,57926484,1528313548.99
2023-05-16,26.85980052,27.17626356,26.41477437,26.62245324,33819545,913108598.07
2023-05-17,26.35543755,27.43338978,26.28621126,27.14659515,44569403,1219117894.16
2023-05-18,27.10703727,28.69924194,27.07736886,28.21465791,65820909,1878973102.96
2023-05-19,28.0860948,28.71902088,27.70040547,27.96742116,37503517,1066627983.27
2023-05-22,27.8883054,28.33333155,27.1960425,27.75974229,27608014,774041400.42
2023-05-23,27.75974229,27.75974229,26.9982531,27.11692674,26941433,742984228.87
2023-05-24,27.11692674,27.4927266,26.52355854,27.00814257,28946630,790994885.06
2023-05-25,28.02675798,29.32227855,27.89819487,28.69924194,72651624,2091071532.23
2023-05-26,28.65968406,29.28272067,28.26410526,29.05526286,51817451,1516903506.74
2023-05-29,30.50901495,31.4485146,29.94531516,30.13321509,109327312,3382739151.87
2023-05-30,29.9650941,31.5474093,29.46073113,31.21116732,85907377,2677505201.74
2023-05-31,30.96393057,32.56602471,30.82547799,32.25945114,89639509,2877223737.74
2023-06-01,32.13088803,33.37696125,31.79464605,32.09133015,70818166,2323014849.86
2023-06-02,32.44735107,32.635251,31.49796195,31.59685665,48986382,1575959985.16
2023-06-05,31.55729877,32.27923008,31.4485146,31.80453552,38131797,1228508879.16
2023-06-06,31.79464605,31.9429881,30.56835177,30.73647276,40947347,1288788083.2
2023-06-07,30.86503587,31.31006202,30.46945707,30.78592011,29056661,908652983.51
2023-06-08,30.63757806,30.89470428,29.93542569,30.657357,31402746,965627069.53
2023-06-09,31.31006202,32.67480888,30.3606729,32.62536153,85944441,2767730018.02
2023-06-12,32.46713001,33.34729284,32.21989326,32.34845637,57471224,1901885806.4
2023-06-13,32.1407775,33.57475065,31.31995149,33.0308298,75530628,2494810553.32
2023-06-14,33.40662966,34.29668196,32.75392464,34.0197768,84583252,2883602751.21
2023-06-15,34.02966627,34.79115546,33.4264086,33.68353482,63203699,2174435977.34
2023-06-16,33.28795602,35.09772903,33.20884026,34.88016069,73632082,2561742272.65
2023-06-19,35.1076185,36.58114953,34.08900309,36.33391278,95201453,3410421748.44
2023-06-20,35.62187094,36.7888284,34.57358712,36.3932496,90516742,3251489964.41
2023-06-21,35.7998814,38.35136466,35.0087238,36.36358119,116829315,4331641333.28
2023-06-26,35.9976708,37.19429667,34.5142503,34.63292394,96185001,3457845207.47
2023-06-27,34.9098291,35.1076185,33.87143475,34.55380818,56253468,1959915128.79
2023-06-28,33.55497171,33.55497171,31.10238315,31.10238315,81243791,2568913180.6
2023-06-29,30.5584623,31.5474093,29.85630993,31.02326739,80352975,2487850048.5
2023-06-30,30.73647276,31.8440934,30.42989919,31.49796195,63280474,1989516319.19
2023-07-03,31.49796195,31.63641453,29.57940477,31.4485146,70140254,2170934722.68
2023-07-04,31.06282527,31.58696718,30.61779912,31.23094626,38965092,1228240917.87
2023-07-05,31.1518305,31.33973043,30.53868336,30.657357,30775438,960465991.79
2023-07-06,30.5584623,31.92320916,30.43978866,31.1518305,45696893,1449474434.69
2023-07-07,30.93426216,31.09249368,29.3717259,30.27166767,53723180,1633782713.33
2023-07-10,30.31122555,30.4595676,29.41128378,29.80686258,36307874,1092680112.36
2023-07-11,29.73763629,30.64746753,29.65852053,30.21233085,30903662,944664703.94
2023-07-12,29.66841,30.12332562,28.24432632,28.43222625,73241944,2142126292.97
2023-07-13,28.68935247,29.18382597,28.16521056,28.37288943,61302369,1774429446.79
2023-07-14,28.51134201,30.1628835,28.33333155,29.54973636,69931548,2072824023.43
2023-07-17,29.33216802,30.21233085,29.03548392,29.48051007,49902021,1491479735.45
2023-07-18,29.58929424,29.71785735,28.74868929,28.81791558,39801776,1174654586.49
2023-07-19,28.95636816,29.1739365,28.21465791,28.37288943,39165303,1128036661.86
2023-07-20,28.3827789,28.45200519,27.05758992,27.26526879,54446280,1515304833.31
2023-07-21,27.15648462,27.3938319,26.82024264,27.02792151,28981571,795338727.77
2023-07-24,27.01803204,28.679463,26.98836363,27.93775275,51800874,1468176272.11
2023-07-25,28.25421579,28.5805683,27.4927266,28.14543162,49164332,1395990665.49
2023-07-26,28.06631586,28.06631586,27.15648462,27.41361084,30648551,850312362.65
2023-07-27,27.38394243,27.46305819,26.84991105,27.02792151,28287392,774414602.25
2023-07-28,27.04770045,27.18615303,26.61256377,26.64223218,43595656,1182046454.9
2023-07-31,26.6026743,27.55206342,26.22687444,26.97847416,42511858,1163408896.7
2023-08-01,26.8993584,27.67073706,26.59278483,27.37405296,36201446,994822691.29
2023-08-02,27.23560038,27.50261607,27.07736886,27.37405296,21702263,599182171.7
2023-08-03,27.10703727,27.54217395,26.90924787,27.1960425,24997599,687960268.67
2023-08-04,27.08725833,28.76846823,27.07736886,28.52123148,63947305,1825551379.87
2023-08-07,28.65968406,29.35194696,28.0860948,28.10587374,56311808,1633219162.77
2023-08-08,28.41244731,28.50145254,27.93775275,27.93775275,22993064,654552438.52
2023-08-09,27.87841593,28.23443685,26.81035317,26.95869522,38407119,1062970031.89
2023-08-10,26.88946893,27.05758992,26.65212165,26.96858469,24337803,660590307.98
2023-08-11,27.0971478,27.2949372,26.08842186,26.14775868,28198168,757432554.4
2023-08-14,25.64339571,26.82024264,25.58405889,26.74112688,24092469,641548842.65
2023-08-15,26.8004637,27.05758992,25.88074299,26.16753762,24074158,641746829.03
2023-08-16,26.11809027,26.35543755,25.5148326,25.57416942,25341094,659400126.0
2023-08-17,25.39615896,25.97963769,25.22803797,25.712622,24148602,626559134.26
2023-08-18,25.62361677,26.02908504,24.95113281,24.96102228,25806288,660720537.42
2023-08-21,25.10936433,25.72251147,24.84234864,25.30715373,24312072,624165022.61
2023-08-22,25.712622,26.07853239,25.15881168,25.96974822,34589801,896377148.12
2023-08-23,25.712622,25.712622,24.93135387,25.0203591,28107122,717223642.19
2023-08-24,25.5148326,25.70273253,25.05991698,25.30715373,28833095,740920702.55
2023-08-25,24.80279076,24.88190652,23.98196475,24.15008574,48690372,1193607380.27
2023-08-28,25.43571684,25.86096405,25.03024857,25.20825903,53717083,1381461462.91
2023-08-29,25.19836956,26.49389013,24.80279076,26.33565861,59653317,1562254619.75
2023-08-30,26.25654285,27.3938319,26.2070955,26.81035317,49570840,1346334626.91
2023-08-31,26.701569,26.98836363,26.41477437,26.63234271,23917508,646719560.42
2023-09-01,26.66201112,26.8004637,25.86096405,26.09831133,23281354,617280891.48
2023-09-04,26.39499543,26.67190059,25.98952716,26.57300589,32827449,872985373.11
2023-09-05,26.5037796,26.6026743,25.89063246,25.95985875,23634315,624618332.81
2023-09-06,25.9104114,26.01919557,25.30715373,25.8115167,21697981,562692872.31
2023-09-07,25.78184829,25.78184829,24.93135387,24.93135387,25294554,644336681.4
2023-09-08,24.78301182,25.05991698,24.51599613,24.67422765,18200619,454510990.75
2023-09-11,24.6247803,26.51366907,24.55555401,25.68295359,38260014,988096628.6
2023-09-12,25.58405889,26.26643232,25.46538525,25.9104114,23720772,620750490.23
2023-09-13,25.73240094,25.78184829,24.57533295,24.85223811,30112748,760719582.63
2023-09-14,24.78301182,25.24781691,24.5258856,24.723675,19409158,487275666.44
2023-09-15,24.74345394,24.86212758,24.2292015,24.34787514,19893422,492925123.76
2023-09-18,24.14019627,24.53577507,24.02152263,24.16986468,23756965,582112128.28
2023-09-19,24.06108051,24.31820673,23.66550171,23.77428588,21824085,526091178.57
2023-09-20,23.81384376,24.39732249,23.734728,23.74461747,25196780,612419860.47
2023-09-21,23.68528065,24.5258856,23.61605436,23.95229634,32675471,796965639.6
2023-09-22,23.92262793,25.05002751,23.6358333,24.9214644,50243859,1254006120.18
2023-09-25,24.26875938,24.26875938,22.72600206,23.25014397,83509892,1965850718.04
2023-09-26,23.23036503,23.97207528,23.13147033,23.21058609,47681676,1130602266.42
2023-09-27,23.0424651,23.48749125,23.0424651,23.13147033,29506094,693580129.71
2023-09-28,23.13147033,23.48749125,22.9435704,23.30948079,28380368,664783039.08
2023-10-09,23.21058609,23.52704913,22.9435704,23.31937026,24047900,565066928.4
2023-10-10,23.39848602,23.48749125,23.00290722,23.01279669,23902377,559821670.64
2023-10-11,23.03257563,23.97207528,22.99301775,23.42815443,41714028,992160038.99
2023-10-12,23.57649648,23.68528065,22.75567047,22.86445464,37993351,884701748.88
2023-10-13,22.75567047,22.78533888,22.2513075,22.31064432,31925481,724703961.7
2023-10-16,22.21174962,22.36998114,21.73705506,21.92495499,31495941,699575166.49
2023-10-17,22.08318651,22.12274439,21.54915513,21.64804983,26374236,578471285.0
2023-10-18,21.11401845,21.3612552,19.51192431,20.29319244,89278786,1807685638.52
2023-10-19,20.3723082,20.8667817,20.0756241,20.28330297,45840146,951318779.2
2023-10-20,20.16462933,20.43164502,19.72949265,19.79871894,30150808,608107988.31
2023-10-23,19.80860841,19.85805576,19.0866771,19.21524021,31055146,608147938.78
2023-10-24,19.47236643,19.72949265,19.0866771,19.3833612,30590385,599283031.03
2023-10-25,19.61081901,19.80860841,19.32402438,19.42291908,33668566,665765535.42
2023-10-26,19.21524021,19.66026636,19.13612445,19.65037689,28261232,555139340.17
2023-10-27,19.4822559,19.6800453,19.1855718,19.47236643,47708293,935876937.27
2023-10-30,19.45258749,19.84816629,19.2844665,19.74927159,46484847,921335226.36
2023-10-31,19.77894,19.99650834,19.22512968,19.39325067,43018089,845304865.45
2023-11-01,19.43280855,19.73938212,19.2844665,19.33391385,35533605,699236936.58
2023-11-02,19.54159272,19.54159272,19.04711922,19.10645604,38021198,739325884.6
2023-11-03,19.10645604,19.6800453,19.0866771,19.59104007,49161412,966529426.02
2023-11-06,19.75916106,20.15473986,19.66026636,20.0756241,53554273,1081765100.14
2023-11-07,20.02617675,20.73821859,19.86794523,20.56020813,63636314,1306682560.62
2023-11-08,20.55031866,20.95578693,20.34263979,20.58987654,66398935,1385302983.97
2023-11-09,20.54042919,21.41070255,20.4712029,21.21291315,93604258,1990804011.09
2023-11-10,20.87667117,21.1634658,20.64921336,20.74810806,62435262,1315709684.2
2023-11-13,20.83711329,21.44037096,20.83711329,21.15357633,69762315,1494058731.48
2023-11-14,21.18324474,21.50959725,20.99534481,21.21291315,48823625,1047069314.27
2023-11-15,21.43048149,21.68760771,21.21291315,21.28213944,54865706,1186461961.38
2023-11-16,21.14368686,21.50959725,21.05468163,21.05468163,43928098,944056844.39
2023-11-17,20.91622905,21.47992884,20.88656064,21.29202891,45824406,983014966.86
2023-11-20,21.27224997,21.93484446,21.00523428,21.63816036,70458128,1530993246.61
2023-11-21,21.756834,21.756834,21.01512375,21.09423951,51769229,1117444330.86
2023-11-22,21.0645711,21.28213944,20.77777647,20.79755541,41329078,878802420.05
2023-11-23,20.78766594,21.01512375,20.48109237,20.99534481,39127513,822171295.27
2023-11-24,20.95578693,21.04479216,20.41186608,20.55031866,32774871,683201126.75
2023-11-27,20.45142396,20.65910283,20.25363456,20.34263979,28845397,594372828.54
2023-11-28,20.36241873,20.94589746,20.22396615,20.51076078,32360161,672427949.91
2023-11-29,20.4712029,20.51076078,20.0756241,20.1745188,30970172,634510186.56
2023-11-30,20.12507145,20.24374509,19.80860841,19.98661887,28954660,585728267.18
2023-12-01,19.98661887,20.88656064,19.78882947,20.74810806,57376582,1185615034.41
2023-12-04,20.72832912,21.1634658,20.53053972,20.61954495,51379644,1083427569.43
2023-12-05,20.49098184,20.49098184,19.43280855,19.43280855,56705619,1134120753.42
2023-12-06,19.34380332,19.62070848,19.19546127,19.40314014,32701108,641146400.02
2023-12-07,19.3833612,19.96683993,19.26468756,19.72949265,39370609,781721550.93
2023-12-08,19.6800453,21.08435004,19.6800453,20.70855018,93864652,1958884046.67
2023-12-11,20.60965548,20.80744488,20.25363456,20.767887,51804409,1073071191.24
2023-12-12,20.91622905,21.31180785,20.58987654,20.8667817,63574789,1348611805.75
2023-12-13,20.82722382,20.90633958,20.39208714,20.40197661,32300192,674337495.9
2023-12-14,20.52065025,21.03490269,20.30308191,20.33275032,43385653,906596420.6
2023-12-15,20.3723082,20.52065025,19.90750311,20.05584516,32203541,657009386.91
2023-12-18,19.95695046,20.15473986,19.64048742,19.68993477,27850107,558801279.58
2023-12-19,19.66026636,19.8778347,19.51192431,19.73938212,22700922,451575665.01
2023-12-20,19.74927159,19.75916106,18.789993,18.82955088,48153378,931503317.12
2023-12-21,18.67131936,19.1855718,18.54275625,19.01745081,36776280,701013017.17
2023-12-22,18.96800346,19.12623498,18.47352996,18.54275625,33700410,639514441.84
2023-12-25,18.4933089,18.85921929,18.47352996,18.65154042,23730798,447982286.81
2023-12-26,18.61198254,18.61198254,17.88016176,17.96916699,30675709,560959610.61
2023-12-27,17.97905646,18.27574056,17.97905646,18.0977301,27989331,512764056.87
2023-12-28,18.07795116,19.11634551,17.81093547,19.00756134,52478137,990271572.54
2023-12-29,18.94822452,19.32402438,18.93833505,19.13612445,36539567,707738760.67
2024-01-02,19.10645604,19.13612445,18.63176148,18.63176148,30831158,585145037.92
2024-01-03,18.55264572,18.65154042,18.13728798,18.32518791,28255206,523898768.05
2024-01-04,18.32518791,18.32518791,17.8999407,18.01861434,30047262,547517820.42
2024-01-05,18.00872487,18.03839328,17.36590932,17.49447243,37764702,676602335.2
2024-01-08,17.44502508,17.45491455,16.88132529,16.89121476,32420707,560282367.64
2024-01-09,17.02966734,17.22745674,16.86154635,16.99010946,28696529,493922400.1
2024-01-10,16.94066211,17.13845151,16.6143096,16.85165688,31913075,544549997.59
2024-01-11,16.88132529,17.69226183,16.85165688,17.53403031,52372617,922256619.15
2024-01-12,17.41535667,17.57358819,17.13845151,17.2076778,28533470,500420557.04
2024-01-15,17.2076778,17.4054672,16.96044105,17.2076778,19550525,340052334.36
2024-01-16,17.19778833,17.19778833,16.73298324,17.12856204,27968424,479661988.39
2024-01-17,17.07911469,17.24723568,16.74287271,16.74287271,27714281,476969297.7
2024-01-18,16.6143096,17.09889363,16.46596755,17.06922522,47795336,807456164.55
2024-01-19,16.99010946,17.36590932,16.92088317,17.09889363,35573576,617977259.07
2024-01-22,17.3065725,17.31646197,16.19895186,16.38685179,41054876,696796769.4
2024-01-23,16.29784656,17.17800939,16.22862027,16.99999893,46014625,784095197.47
2024-01-24,17.1087831,17.17800939,16.28795709,17.04944628,51457491,870073597.54
2024-01-25,16.89121476,17.64281448,16.79232006,17.59336713,59668894,1046704536.03
2024-01-26,17.54391978,17.65270395,17.3065725,17.32635144,39627464,700305534.04
2024-01-29,17.3065725,17.37579879,16.6143096,16.70331483,35623877,608349909.98
2024-01-30,16.59453066,16.83187794,16.0209414,16.05060981,36256988,601809598.75
2024-01-31,15.94182564,16.07038875,15.36823638,15.38801532,35643402,565303986.87
2024-02-01,15.35834691,16.1198361,15.15066804,15.61547313,35920557,569588038.31
2024-02-02,15.60558366,15.88248882,14.39906832,15.0319944,50755491,774344126.05
2024-02-05,15.01221546,15.31878903,14.06282634,14.54741037,53767480,800366011.49
2024-02-06,14.3397315,15.65503101,14.27050521,15.60558366,53380487,819375290.96
2024-02-07,15.60558366,16.1198361,15.47702055,15.9220467,57076133,915974573.9
2024-02-08,16.04072034,16.69342536,16.0209414,16.54508331,56140376,930152148.9
2024-02-19,17.28679356,17.55380925,16.89121476,17.55380925,77593490,1350874565.78
2024-02-20,17.34613038,17.34613038,16.99010946,17.19778833,49634684,861597806.05
2024-02-21,16.99999893,17.67248289,16.9109937,17.24723568,53778561,944270324.66
2024-02-22,17.65270395,18.38452473,17.65270395,17.98894593,85842542,1563002305.24
2024-02-23,18.38452473,18.38452473,17.87027229,18.07795116,65018891,1187011416.65
2024-02-26,18.04828275,18.74054565,17.83071441,18.48341943,80595395,1499448033.13
2024-02-27,18.33507738,20.33275032,18.15706692,20.33275032,133476861,2641852227.18
2024-02-28,21.01512375,21.88539711,19.86794523,19.86794523,215746225,4576813232.43
2024-02-29,19.8778347,21.8557287,19.8778347,21.8557287,224364595,4859163258.35
2024-03-01,22.0535181,24.04130157,21.93484446,24.04130157,279932370,6615195804.31
2024-03-04,24.56544348,26.22687444,23.52704913,25.2181485,330623423,8345508863.88
2024-03-05,24.61489083,25.34671161,23.8336227,24.49621719,252249907,6263648764.36
2024-03-06,24.04130157,24.76323288,23.734728,24.31820673,169180466,4138582508.11
2024-03-07,24.3280962,25.04013804,23.64572277,24.723675,209867002,5205087123.84
2024-03-08,25.2181485,25.36649055,23.81384376,24.65444871,191394202,4725731114.07
2024-03-11,23.734728,24.48632772,23.54682807,24.47643825,165230177,4026493272.42
2024-03-12,24.48632772,24.8225697,23.74461747,23.95229634,135506239,3302649409.15
2024-03-13,24.3280962,24.41710143,23.11169139,23.21058609,160868239,3835075112.17
2024-03-14,22.75567047,23.36881761,22.36998114,22.80511782,121191927,2794799750.11
2024-03-15,22.745781,22.98312828,22.23152856,22.91390199,106506283,2430949484.5
2024-03-18,22.97323881,23.86329111,22.82489676,23.60616489,152577208,3628282861.43
2024-03-19,23.3391492,23.70505959,23.06224404,23.21058609,92153858,2175244315.76
2024-03-20,23.07213351,23.59627542,22.9435704,23.29959132,82522682,1940381380.31
2024-03-21,23.19080715,23.39848602,22.75567047,22.85456517,79060928,1839304223.22
2024-03-22,22.89412305,22.96334934,22.27108644,22.57766001,90431819,2070832960.01
2024-03-25,22.55788107,22.92379146,21.91506552,21.94473393,76475792,1740295745.05
2024-03-26,21.87550764,22.30075485,21.1634658,21.34147626,102321079,2235484942.69
2024-03-27,21.35136573,21.44037096,20.38219767,20.40197661,82415802,1728579077.47
2024-03-28,20.4712029,22.10296545,20.4712029,21.70738665,128656641,2784691903.55
2024-03-29,21.3612552,21.70738665,20.9656764,21.47003937,74419053,1602695580.18
2024-04-01,21.47992884,21.89528658,21.30191838,21.83594976,79120485,1734523399.55
2024-04-02,21.76672347,21.77661294,21.0645711,21.30191838,66735887,1442435227.25
2024-04-03,21.20302368,21.27224997,20.59976601,20.767887,49869210,1051018455.57
2024-04-08,20.61954495,20.92611852,20.32286085,20.35252926,47687763,994509456.74
2024-04-09,20.32286085,20.45142396,19.78882947,20.11518198,55078594,1114039482.6
2024-04-10,19.98661887,20.02617675,19.22512968,19.46247696,56615295,1119355191.15
2024-04-11,19.46247696,20.30308191,19.44269802,19.8778347,70525936,1425281922.55
2024-04-12,20.02617675,20.31297138,19.75916106,19.79871894,55099935,1115444905.37
2024-04-15,19.72949265,20.52065025,19.45258749,20.10529251,75747035,1532864996.23
2024-04-16,19.84816629,20.31297138,19.3833612,19.43280855,68376537,1367825397.46
2024-04-17,19.76905053,20.41186608,19.65037689,20.33275032,79556344,1619919368.49
2024-04-18,20.10529251,20.57998707,19.70971371,20.05584516,74236649,1507147992.15
2024-04-19,19.8778347,20.00639781,19.32402438,19.45258749,63440420,1256062626.84
2024-04-22,18.67131936,19.31413491,18.30540897,19.06689816,57772951,1105361980.4
2024-04-23,19.15590339,19.35369279,18.68120883,18.80977194,36850523,704559705.24
2024-04-24,18.93833505,19.63059795,18.77021406,19.49214537,61788581,1204513146.53
2024-04-25,19.2844665,19.47236643,19.11634551,19.22512968,35289517,687996887.83
2024-04-26,19.43280855,20.18440827,19.29435597,19.99650834,77814020,1562097511.48
2024-04-29,20.16462933,20.94589746,20.15473986,20.82722382,85012537,1773092654.77
2024-04-30,20.9656764,21.0645711,20.24374509,20.71843965,83096782,1735043543.28
2024-05-06,21.17335527,21.47003937,20.85689223,20.97556587,66324432,1416855427.34
2024-05-07,20.90633958,21.15357633,20.5700976,20.70855018,52118969,1098173659.89
2024-05-08,20.5700976,20.57998707,20.09540304,20.10529251,43960835,901740969.31
2024-05-09,20.1745188,20.87667117,20.08551357,20.6689923,61745238,1278614134.62
2024-05-10,20.59976601,20.69866071,20.00639781,20.1745188,48480589,991310528.14
2024-05-13,19.90750311,20.0756241,19.5811506,19.83827682,41294683,826934909.04
2024-05-14,19.83827682,20.35252926,19.83827682,20.11518198,37344397,759534935.12
2024-05-15,20.14485039,20.4712029,19.95695046,20.08551357,46807469,958836097.43
2024-05-16,20.42175555,22.09307598,20.41186608,21.94473393,191090614,4163939869.45
2024-05-17,21.5590446,21.90517605,21.17335527,21.71727612,121019060,2630321303.23
2024-05-20,21.71727612,22.1524128,21.57882354,22.03373916,91335537,2028657665.18
2024-05-21,21.87550764,22.36998114,21.52937619,22.30075485,99759867,2219525121.39
2024-05-22,22.30075485,23.51715966,21.79639188,23.1413598,140594945,3238035482.07
2024-05-23,23.1413598,23.61605436,22.63699683,23.42815443,127012464,2971833111.81
2024-05-24,23.50727019,23.8336227,22.11285492,22.18208121,128324233,2967611205.57
2024-05-27,22.68644418,23.28970185,22.1524128,22.72600206,113332715,2600284868.47
2024-05-28,22.26119697,22.43920743,21.5590446,21.62827089,84035834,1854761491.39
2024-05-29,21.80628135,22.00407075,21.43048149,21.52937619,47596809,1041971238.51
2024-05-30,21.3612552,21.80628135,21.02501322,21.56893407,54154130,1173692236.37
2024-05-31,21.40081308,22.21174962,21.27224997,21.77661294,62092789,1374248747.64
2024-06-03,21.79639188,22.20186015,21.63816036,21.88539711,51104470,1134040424.54
2024-06-04,21.91506552,21.94473393,21.34147626,21.6579393,42558720,928043229.41
2024-06-05,21.70738665,22.03373916,21.60849195,21.67771824,42258987,932755848.14
2024-06-06,21.96451287,23.03257563,21.91506552,22.42931796,97913397,2218943573.11
2024-06-07,22.2513075,22.93368093,22.12274439,22.66666524,74562672,1704030652.22
2024-06-11,22.66666524,23.02268616,22.36998114,23.00290722,62536542,1443086117.34
2024-06-12,22.75567047,23.01279669,22.5479916,22.73589153,48567898,1117043788.42
2024-06-13,22.73589153,23.26992291,22.46887584,23.18091768,70419439,1631399402.42
2024-06-14,22.9435704,23.734728,22.745781,22.81500729,93867876,2206707892.38
2024-06-17,22.5479916,22.81500729,22.31064432,22.37987061,62383713,1422767344.11
2024-06-18,22.26119697,24.40721196,22.2513075,23.88307005,120459134,2884628434.54
2024-06-19,23.98255454,24.13176164,23.61451036,23.66424606,61756158,1478646723.27
2024-06-20,23.66424606,23.68414034,22.85852772,22.9281577,64815764,1508755346.88
2024-06-21,22.69937348,23.44540898,22.64963778,23.13704764,49281354,1141441904.73
2024-06-24,22.7789506,22.99778768,21.95333798,21.99312654,61454323,1389763206.45
2024-06-25,21.87376086,21.96328512,21.12772536,21.3366153,56904255,1231193406.99
2024-06-26,21.57534666,22.49048354,21.31672102,22.35122358,54624327,1200439641.56
2024-06-27,22.2318579,22.36117072,21.74444804,21.74444804,37328151,826433001.48
2024-06-28,21.70465948,22.79884488,21.70465948,22.2318579,56454376,1272203725.29
2024-07-01,22.27164646,22.64963778,21.95333798,22.52032496,42717271,958084898.46
2024-07-02,22.44074784,22.52032496,21.81407802,21.96328512,40745220,907976560.42
2024-07-03,21.91354942,21.95333798,21.44603384,21.70465948,28924663,630615185.6
2024-07-04,21.883708,21.96328512,21.3366153,21.3366153,26794579,581043648.8
2024-07-05,21.26698532,21.90360228,21.25703818,21.65492378,36652487,798877457.46
2024-07-08,21.50571668,21.51566382,20.9884654,21.01830682,34028425,725893291.15
2024-07-09,20.888994,22.16222792,20.68010406,22.0826508,59956881,1301749092.09
2024-07-10,21.9831794,22.2318579,21.89365514,22.01302082,31244640,692949098.2
2024-07-11,22.4308007,22.46064212,21.94339084,22.32138216,47475663,1059850418.87
2024-07-12,22.00307368,22.0329151,21.65492378,21.7842366,33328697,731774959.06
2024-07-15,21.6847652,21.9831794,21.59524094,21.87376086,24105352,528307026.41
2024-07-16,21.7345009,24.06213166,21.71460662,24.06213166,122966752,2874547224.33
2024-07-17,24.6191715,25.25578846,24.43017584,24.5197001,186545365,4651171620.19
2024-07-18,24.4699644,24.79822002,23.54488038,24.25112732,123206461,2977087885.12
2024-07-19,24.1218145,25.15631706,23.98255454,24.4699644,138116864,3417919428.63
2024-07-22,24.370493,24.79822002,24.19144448,24.24118018,91401411,2246552145.1
2024-07-23,24.24118018,24.38044014,23.0773648,23.09725908,91852055,2184737914.58
2024-07-24,23.1271005,23.54488038,22.54021924,22.61979636,66223902,1528748648.59
2024-07-25,22.30148788,22.91821056,22.19206934,22.54021924,59993196,1359419845.75
2024-07-26,22.4805364,23.05747052,21.91354942,22.61979636,73307338,1651325848.87
2024-07-29,22.5800078,22.83863344,22.3313293,22.3313293,48031104,1087394565.13
2024-07-30,22.04286224,22.25175218,21.61513522,22.15228078,51111321,1127695772.72
2024-07-31,21.95333798,23.18678334,21.9334437,23.0276291,83654075,1905386322.33
2024-08-01,23.375779,23.4255147,22.79884488,22.81873916,51387352,1189338648.23
2024-08-02,22.37111786,22.5800078,21.883708,21.97323226,60325866,1347107075.64
2024-08-05,21.46592812,21.91354942,20.6900512,20.6900512,67511507,1443969243.33
2024-08-06,21.0879368,21.21724962,20.3419013,20.81936402,51503692,1073647391.96
2024-08-07,20.6900512,20.71989262,19.92412142,20.21258848,51669186,1060453053.93
2024-08-08,19.97385712,20.32200702,19.6953372,20.0932228,40107619,805589593.63
2024-08-09,20.3419013,20.43142556,19.8445443,19.8445443,36411146,735586425.24
2024-08-12,19.75502004,19.85449144,19.5461301,19.62570722,26640970,527020740.76
2024-08-13,19.67544292,20.06338138,19.6456015,20.05343424,30226365,602250213.12
2024-08-14,20.0932228,20.12306422,19.78486146,19.78486146,29240878,586627356.13
2024-08-15,19.67544292,20.1429585,19.6456015,19.9440157,35448492,710623960.99
2024-08-16,19.95396284,20.03353996,19.7948086,19.82465002,25519674,510601536.85
2024-08-19,19.81470288,20.13301136,19.73512576,19.92412142,23579614,473665134.28
2024-08-20,19.9440157,20.00369854,19.37702872,19.40687014,31445433,618308553.45
2024-08-21,19.37702872,19.72517862,19.30739874,19.40687014,20301179,397953688.35
2024-08-22,19.40687014,19.43671156,18.87967172,18.97914312,32336307,621299121.97
2024-08-23,18.97914312,19.23776876,18.91946028,19.1482445,22853730,438578036.82
2024-08-26,19.1482445,19.25766304,18.96919598,19.17808592,19636824,377209775.5
2024-08-27,19.0487731,19.2477159,18.73046462,18.81004174,24917845,474979506.55
2024-08-28,18.78020032,18.97914312,18.56136324,18.95924884,29139202,550413953.88
2024-08-29,18.77025318,19.3471873,18.7006232,19.12835022,32657200,626512236.56
2024-08-30,19.12835022,19.82465002,19.0985088,19.63565436,57909168,1141590127.09
2024-09-02,19.5958658,19.72517862,18.95924884,18.96919598,39493082,764825801.08
2024-09-03,18.97914312,19.31734588,18.91946028,19.1979802,21872683,420770077.12
2024-09-04,18.9493017,19.12835022,18.87967172,18.95924884,20286204,387256320.12
2024-09-05,19.36708158,19.6456015,19.20792734,19.27755732,45094173,879120481.57
2024-09-06,19.2974516,19.32729302,18.7006232,18.72051748,31445055,599530858.13
2024-09-09,18.62104608,18.78020032,18.41215614,18.53152182,24241244,452692077.2
2024-09-10,18.61109894,18.98909026,18.16347764,18.74041176,38252013,711079237.94
2024-09-11,18.6011518,18.74041176,18.46189184,18.63099322,21192072,396030888.07
2024-09-12,18.8000946,18.93935456,18.43205042,18.4519447,24247870,456209682.15
2024-09-13,18.37236758,18.57131038,18.32263188,18.32263188,21396725,396778447.3
2024-09-18,18.33257902,18.4519447,17.904852,18.28284332,25016319,456897490.48
2024-09-19,18.43205042,18.82993602,18.2530019,18.6011518,32886852,613863464.49
2024-09-20,18.6011518,18.79014746,18.49173326,18.69067606,28993835,543833411.15
2024-09-23,18.67078178,19.07861452,18.56136324,18.77025318,30494403,578593856.02
2024-09-24,18.92940742,19.41681728,18.44199756,19.41681728,68148322,1306448982.76
2024-09-25,19.55607724,20.0932228,19.42676442,19.50634154,79415400,1578694544.65
2024-09-26,19.50634154,20.2424299,19.38697586,20.2424299,73369035,1464176583.55
2024-09-27,20.74973404,22.2318579,20.53089696,21.87376086,115407510,2466121455.68
2024-09-30,22.96794626,24.03229024,22.1323865,24.01239596,164227454,3835655479.82
2024-10-08,26.4096567,26.4096567,24.86785,26.4096567,190001484,4994890220.48
2024-10-09,25.862564,27.2551636,24.3207573,24.9175857,203317758,5242950970.39
2024-10-10,24.99716282,25.45473126,23.7736646,24.2710216,118300679,2921206645.65
2024-10-11,23.89303028,24.16160306,22.57006066,22.89831628,101739895,2371481822.98
2024-10-14,22.88836914,23.70403462,22.5800078,23.60456322,84910297,1977220830.66
2024-10-15,23.5249861,24.52964724,23.31609616,23.36583186,103269983,2483365847.65
2024-10-16,22.6794792,23.26636046,22.65958492,22.78889774,73421502,1688632054.33
2024-10-17,23.375779,23.6741932,22.91821056,22.96794626,81896661,1919740125.19
2024-10-18,22.878422,25.0170571,22.7789506,24.39038728,137601725,3321929796.39
2024-10-21,24.85790286,25.4149427,24.4202287,24.6689072,134302580,3358742245.19
2024-10-22,24.52964724,24.8181143,24.18149734,24.54954152,85544571,2105245764.44
2024-10-23,24.58933008,25.04689852,24.3207573,24.50975296,84701164,2105839605.03
2024-10-24,24.24118018,25.20605276,24.08202594,24.59927722,78652466,1946669835.58
2024-10-25,24.74848432,25.05684566,24.35059872,24.85790286,72443400,1798811689.83
2024-10-28,24.86785,25.0170571,24.58933008,24.73853718,70303262,1749967400.9
2024-10-29,24.74848432,26.359921,24.40033442,25.24584132,156908159,4007970645.43
2024-10-30,24.9175857,25.7133569,24.65896006,25.0667928,102569945,2592339874.15
2024-10-31,25.05684566,26.54891666,24.5197001,26.1112425,183613223,4739978413.61
2024-11-01,25.5641498,26.12118964,24.47991154,24.54954152,132397943,3358636196.99
2024-11-04,24.38044014,25.862564,24.38044014,25.78298688,112526597,2878023712.72
2024-11-05,25.7630926,27.1556922,25.5144141,26.77770088,166279727,4434127561.24
2024-11-06,26.88711942,27.98130482,26.27039674,27.07611508,176925557,4798093629.02
2024-11-07,26.64838806,27.04627366,25.9620354,26.94680226,138982435,3707965958.16
2024-11-08,27.354635,29.5430058,27.0562208,28.06088194,193959432,5504878609.07
2024-11-11,27.5535778,30.86597542,27.43421212,30.42830126,273156152,8096782244.66
2024-11-12,29.72205432,29.76184288,28.18024762,28.71739318,194691491,5693610435.49
2024-11-13,28.30956044,29.0953845,28.07082908,28.77707602,106704489,3066961499.13
2024-11-14,28.55823894,28.58808036,27.2551636,27.26511074,95973149,2677553251.28
2024-11-15,27.13579792,27.59336636,26.2604496,26.28034388,91761534,2478738164.68
2024-11-18,26.4096567,26.51907524,25.0667928,25.32541844,89960816,2324121086.0
2024-11-19,25.365207,26.17092534,24.8181143,25.92224684,85189287,2184310023.66
2024-11-20,25.7133569,26.22066104,25.57409694,25.83272258,73038329,1897881900.42
2024-11-21,25.74319832,26.2107139,25.55420266,25.84266972,62306126,1622962700.1
2024-11-22,25.9122997,26.28034388,24.67885434,24.69874862,88986329,2285419934.22
2024-11-25,24.58933008,24.82806144,23.79355888,24.3207573,72037405,1752692664.36
2024-11-26,24.30086302,24.79822002,23.9726074,24.14170878,42129488,1033680568.27
2024-11-27,24.0720788,24.78827288,23.75377032,24.77832574,58282821,1424107101.26
2024-11-28,24.7683786,25.53430838,24.64901292,24.80816716,71071797,1787288858.33
2024-11-29,24.67885434,25.50446696,24.5694358,25.2159999,64436459,1625898532.6
2024-12-02,25.2159999,25.55420266,25.09663422,25.34531272,57467036,1464388433.44
2024-12-03,25.37515414,25.38510128,24.53959438,24.86785,62395323,1563634565.0
2024-12-04,24.93747998,25.10658136,24.370493,24.46001726,49390815,1226868505.63
2024-12-05,24.46001726,24.79822002,24.35059872,24.69874862,39945565,988408655.79
2024-12-06,24.70869576,25.19610562,24.49980582,25.10658136,68421870,1713752140.41
2024-12-09,25.0170571,25.0667928,24.45007012,24.72859004,49612737,1233503555.39
2024-12-10,25.4646784,25.64372692,24.82806144,24.84795572,65736208,1666263594.96
2024-12-11,24.82806144,25.0667928,24.74848432,25.00710996,41175761,1030938522.54
2024-12-12,25.00710996,25.27568274,24.75843146,25.12647564,46206155,1162994835.41
2024-12-13,24.9175857,24.92753284,24.43017584,24.43017584,50062739,1239847456.13
2024-12-16,24.47991154,25.5144141,24.45007012,24.84795572,74530367,1873367281.85
2024-12-17,24.7683786,26.0117711,24.7186429,25.4646784,121418415,3123771453.74
2024-12-18,25.4646784,26.30023816,24.59927722,25.88245828,125011736,3202423700.47
2024-12-19,25.39504842,27.851992,25.34531272,27.44415926,236019853,6383734973.63
2024-12-20,27.03632652,27.4541064,26.7080709,26.92690798,151678286,4125517701.08
2024-12-23,27.18553362,28.0011991,26.59865236,27.0562208,133291878,3651082948.25
2024-12-24,27.0562208,27.24521646,26.37981528,27.12585078,97946118,2637986749.37
2024-12-25,26.857278,27.9514634,26.79759516,27.48394782,142124568,3928535396.68
2024-12-26,27.22532218,28.81686458,26.87717228,28.60797464,183230385,5186303729.29
2024-12-27,28.846706,30.71676832,28.6974989,28.80691744,273124895,8102508771.98
2024-12-30,29.38385156,29.6922129,28.65771034,29.03570166,160050049,4698852887.0
2024-12-31,29.03570166,29.15506734,27.68289062,27.68289062,146188659,4154547736.52
2025-01-02,27.354635,27.67294348,25.53430838,25.87251114,140204265,3731707802.26
2025-01-03,25.90235256,25.9620354,24.4699644,24.50975296,93690066,2364365856.82
2025-01-06,24.5197001,25.63377978,24.2212859,24.47991154,96546050,2403137755.18
2025-01-07,24.57938294,25.4149427,24.29091588,25.27568274,94048032,2363110625.83
2025-01-08,24.9673214,24.9673214,23.78361174,24.64901292,103210438,2535684489.79
2025-01-09,24.47991154,26.00182396,24.4202287,25.60393836,137632416,3519599409.71
2025-01-10,25.28562988,25.39504842,24.54954152,24.54954152,114294139,2865845192.92
2025-01-13,24.06213166,24.38044014,23.68414034,23.88308314,79783743,1922784267.95
2025-01-14,24.23123304,25.3154713,23.6741932,25.29557702,118670281,2946342741.46
2025-01-15,25.1662642,25.5144141,24.93747998,25.0667928,74972448,1896555895.88
2025-01-16,25.2657356,25.65367406,24.6689072,25.05684566,81228104,2050292142.78
2025-01-17,24.97726854,25.64372692,24.82806144,25.28562988,86679972,2202459658.19
2025-01-20,25.42488984,25.8128283,25.17621134,25.47462554,77198823,1979048134.13
2025-01-21,25.6636212,26.39970956,25.49451982,26.30023816,116797162,3048369206.13
2025-01-22,26.08140108,26.7578066,26.03166538,26.49918096,109494088,2908186860.94
2025-01-23,26.91696084,27.0562208,25.90235256,25.90235256,105821668,2816754484.99
2025-01-24,25.862564,26.71801804,25.80288116,26.67822948,88152713,2339225002.9
2025-01-27,26.84733086,26.96669654,25.0170571,25.04689852,106637830,2758753284.33
2025-02-05,25.5641498,26.29029102,25.34531272,26.05155966,105323046,2740132768.72
2025-02-06,26.04161252,27.37452928,25.862564,27.2551636,120299788,3246792512.37
2025-02-07,27.27505788,28.72734032,27.0064851,28.09072336,185240778,5194359281.29
2025-02-10,28.7969703,29.344063,28.22003618,28.349349,178518026,5138010545.72
2025-02-11,28.08077622,29.1451202,28.01114624,28.349349,135722533,3890775477.25
2025-02-12,28.45876754,29.32416872,28.40903184,29.05559594,140649616,4090931116.9
2025-02-13,29.06554308,29.53305866,27.93156912,28.42892612,168932712,4844659520.56
2025-02-14,28.43887326,30.97539396,28.1504062,30.22935846,252154276,7489656923.18
2025-02-17,30.84608114,32.328205,30.338777,30.82618686,252838207,7938946198.15
2025-02-18,30.35867128,30.69687404,28.85665314,29.03570166,186845008,5575776826.54
2025-02-19,29.03570166,30.47803696,28.88649456,29.73200146,137740903,4113956691.83
2025-02-20,29.4932701,29.82152572,28.75718174,29.31422158,111374172,3276541782.84
2025-02-21,30.4382484,32.24862788,30.338777,32.24862788,241616057,7579818517.89
2025-02-24,32.85540342,33.820276,32.3779407,32.825562,245306037,8140779453.64
2025-02-25,31.9303194,34.1684259,31.71148232,32.94492768,189216792,6236074406.02
2025-02-26,32.9747691,33.09413478,32.00989652,32.79572058,138911217,4538404636.04
2025-02-27,32.96482196,32.96482196,30.95549968,31.50259238,150384891,4778239953.45
2025-02-28,30.81623972,31.20417818,29.32416872,29.40374584,136223714,4125806673.44
2025-03-03,29.63253006,29.7419486,28.349349,29.0456488,98094220,2863385342.08
2025-03-04,28.51845038,29.47337582,28.51845038,29.23464446,91197215,2669130591.55
2025-03-05,29.344063,29.68226576,28.77707602,29.344063,99059018,2912118295.57
2025-03-06,29.9408914,30.9853411,29.65242434,30.55761408,129591829,3949427843.51
2025-03-07,30.25919988,30.3885127,29.40374584,29.67231862,95295642,2865029778.31
2025-03-10,29.344063,29.6424772,28.7969703,29.20480304,72308543,2117918327.06
2025-03-11,28.6477632,29.11527878,28.53834466,28.9959131,59621267,1727993700.93
2025-03-12,29.22469732,30.19951704,29.00586024,29.47337582,92016414,2739043875.43
2025-03-13,29.30427444,29.37390442,28.13051192,28.33940186,84491530,2431670664.79
2025-03-14,28.35929614,29.4435344,28.2498776,29.38385156,80732675,2341410781.93
2025-03-17,29.38385156,29.47337582,29.01580738,29.17496162,53294333,1564169691.24
2025-03-18,29.38385156,29.9408914,29.23464446,29.344063,63891410,1900288921.07
2025-03-19,29.1451202,29.23464446,28.6974989,28.83675886,47152222,1370130046.36
2025-03-20,28.7472346,29.11527878,28.46871468,28.53834466,48055064,1388012222.91
2025-03-21,28.23993046,28.3990847,27.23526932,27.38447642,85524072,2385725839.43
2025-03-24,27.42426498,27.79230916,26.86722514,27.62320778,52532108,1445956093.33
2025-03-25,27.5535778,27.6530492,26.91696084,27.02637938,40476011,1107910587.96
2025-03-26,27.02637938,27.3048993,26.9567494,26.99653796,35045172,955844761.4
2025-03-27,26.9070137,27.4541064,26.857278,27.09600936,39814590,1088530987.57
2025-03-28,26.93685512,27.68289062,26.93685512,27.33474072,41851376,1147285987.73
2025-03-31,27.06616794,27.41431784,26.53896952,27.27505788,49111612,1331861665.42
2025-04-01,27.33474072,27.76246774,27.1556922,27.19548076,37324420,1026114921.93
2025-04-02,27.37452928,28.31950758,27.26511074,27.7525206,63391132,1778224148.92
2025-04-03,27.34468786,27.84204486,26.86722514,27.04627366,52070895,1429032987.97
2025-04-07,25.09663422,25.5144141,24.34065158,24.34065158,71303960,1770388361.0
2025-04-08,24.28096874,24.72859004,22.98784054,23.84329458,93537300,2241862985.98
2025-04-09,23.1768362,24.80816716,22.58995494,24.64901292,85940825,2075880399.56
2025-04-10,25.1662642,26.51907524,25.1662642,25.52436124,91658005,2371873682.69
2025-04-11,24.9175857,25.862564,24.9175857,25.55420266,67660914,1728529327.28
2025-04-14,25.98192968,26.12118964,25.45473126,25.5641498,47281327,1223649380.37
2025-04-15,25.4646784,25.74319832,25.20605276,25.57409694,32433258,831065177.53
2025-04-16,25.24584132,25.2657356,24.64901292,24.95737426,50427074,1262922005.15
2025-04-17,24.72859004,25.3154713,24.69874862,24.80816716,36114442,908857419.97
2025-04-18,24.77832574,25.02700424,24.63906578,24.9175857,27447879,685609915.19
2025-04-21,24.77832574,25.44478412,24.7186429,25.43483698,39476300,997627999.97
2025-04-22,25.3154713,25.32541844,24.7683786,24.94742712,39411138,991552693.54
2025-04-23,25.14636992,25.5144141,25.0170571,25.25578846,43881091,1114124674.93
2025-04-24,25.32541844,25.32541844,24.72859004,24.83800858,31823540,798021723.98
2025-04-25,24.85790286,25.3154713,24.7683786,25.0667928,32012694,809065136.93
2025-04-28,25.14636992,25.42488984,24.73853718,24.79822002,31256473,785268042.53
2025-04-29,23.873136,24.370493,23.49514468,24.30086302,60288242,1455770199.77
2025-04-30,24.39038728,25.20605276,24.28096874,25.00710996,51165837,1281891318.88
2025-05-06,25.23589418,25.6636212,25.1662642,25.62383264,46270005,1185256664.84
2025-05-07,25.97198254,26.04161252,25.2657356,25.50446696,43735523,1125318696.84
2025-05-08,25.4646784,25.78298688,25.37515414,25.58404408,34693253,893373272.91
2025-05-09,25.5641498,25.57409694,25.02700424,25.0667928,30733570,778717441.47
2025-05-12,25.3154713,25.5641498,25.2657356,25.5641498,34166292,873131985.03
2025-05-13,25.862564,25.88245828,25.25578846,25.3154713,35049626,898860815.07
2025-05-14,25.39504842,25.64372692,25.14636992,25.40499556,36892383,941244924.71
2025-05-15,25.40499556,25.40499556,24.4699644,24.4699644,52932315,1316955877.93
2025-05-16,24.370493,24.59927722,24.20139162,24.39038728,29911764,733600688.04
2025-05-19,24.3207573,24.39038728,24.00244882,24.24118018,24816965,603439946.67
2025-05-20,24.24118018,24.44012298,24.08202594,24.38044014,24516157,598929313.11
2025-05-21,24.46001726,24.55948866,24.18149734,24.2212859,26504538,649007605.99
2025-05-22,24.10192022,24.370493,23.9726074,23.98255454,23139100,561264691.84
2025-05-23,23.95271312,24.10192022,23.54488038,23.5747218,34677093,830610747.06
2025-05-26,23.68414034,24.28096874,23.68414034,24.15165592,35606420,860285547.87
2025-05-27,24.11186736,24.30086302,23.80350602,23.85324172,25009917,602327792.38
2025-05-28,23.873136,23.9726074,23.56477466,23.63440464,21706997,517232096.85
2025-05-29,23.76371746,24.30086302,23.74382318,24.2710216,40468929,980809919.78
2025-05-30,24.1715502,24.20139162,23.8234003,23.90297742,26009768,625708187.14
2025-06-03,23.80350602,24.0223431,23.68414034,23.74382318,28882242,691248933.34
2025-06-04,23.80350602,24.15165592,23.79355888,24.04223738,28906602,698491261.71
2025-06-05,24.0720788,24.63906578,24.06213166,24.60922436,58470938,1436273277.82
2025-06-06,24.60922436,24.6689072,24.38044014,24.60922436,30245287,745541514.42
2025-06-09,24.64901292,24.78827288,24.47991154,24.70869576,33193110,822860402.4
2025-06-10,24.7186429,24.84795572,23.8234003,23.98255454,51339323,1247190142.14
2025-06-11,23.95271312,24.24118018,23.873136,23.98255454,31672398,764918525.34
2025-06-12,23.873136,24.06213166,23.74382318,23.79355888,33545956,804872064.92
2025-06-13,23.75364173,23.79354705,23.07525129,23.16503826,65154109,1522838149.33
2025-06-16,23.03534597,23.47430449,22.945559,23.23487257,30307040,706614947.26
2025-06-17,23.30470688,23.35458853,22.945559,23.03534597,29758046,688648776.4
2025-06-18,22.95553533,23.15506193,22.79591405,23.0453223,28151783,648187973.72
2025-06-19,22.945559,23.1450856,22.66622176,22.75600873,29019974,665695427.77
2025-06-20,22.76598506,22.87572469,22.40683718,22.65624543,34135569,772079482.58
2025-06-23,22.45671883,22.82584304,22.29709755,22.7460324,24534238,556515118.36
2025-06-24,22.83581937,23.32465954,22.81586671,23.26480156,40223015,933637467.16
2025-06-25,23.32465954,23.66385476,23.21491991,23.65387843,48669584,1144810519.73
2025-06-26,23.70376008,23.88333402,23.50423348,23.51420981,41397229,982883954.95
2025-06-27,23.5441388,23.81349971,23.43439917,23.60399678,40737471,966020533.78
2025-06-30,23.62394944,23.99307365,23.61397311,23.93321567,38791960,927444333.46
2025-07-01,23.92323934,23.93321567,23.56409146,23.79354705,31874996,758902281.85
2025-07-02,23.70376008,23.79354705,23.31468321,23.4443755,29831708,701629911.14
2025-07-03,23.4443755,23.89331035,23.38451752,23.83345237,37698721,897457669.72
2025-07-04,23.76361806,23.93321567,23.57406779,23.59402045,31738735,754749380.64
2025-07-07,23.5441388,23.56409146,23.28475422,23.32465954,23786850,557087639.2
2025-07-08,23.35458853,24.19260025,23.35458853,24.10281328,72138770,1732844218.77
2025-07-09,24.12276594,24.21255291,23.85340503,23.92323934,36559561,880802274.91
2025-07-10,23.943192,24.08286062,23.8434287,23.97312099,28914705,694441043.24
2025-07-11,24.02300264,24.3422452,23.82347604,24.18262392,46676417,1130182642.45
2025-07-14,24.27241089,24.59165345,24.09283695,24.09283695,52243111,1272788837.34
2025-07-15,24.09283695,25.05056463,24.02300264,24.79118005,98106455,2426010411.08
2025-07-16,24.90091968,25.08049362,24.5417718,24.61160611,61388865,1525860009.87
2025-07-17,24.55174813,25.0405883,24.46196116,24.96077766,54152296,1348197565.66
2025-07-18,24.97075399,25.11042261,24.69141675,24.79118005,45720747,1138314464.53
2025-07-21,24.71136941,24.72134574,24.43203217,24.66148776,46968720,1156538827.89
2025-07-22,24.62158244,24.76125106,24.46196116,24.53179547,38931133,957853655.53
2025-07-23,24.50186648,24.69141675,24.35222153,24.39212685,39536980,971227761.89
2025-07-24,24.43203217,24.82110904,24.40210318,24.82110904,43922822,1084768834.06
2025-07-25,24.87099069,25.0405883,24.68144042,24.98073032,50911191,1270096657.55
2025-07-28,25.13037527,25.13037527,24.66148776,24.78120372,38502059,957060000.22
2025-07-29,24.71136941,25.09046995,24.37217419,25.0405883,58211575,1447329649.67
2025-07-30,24.90091968,25.0405883,24.52181914,24.69141675,49872618,1238334217.99
2025-07-31,24.61160611,25.37978352,24.56172446,24.67146409,92329437,2319258607.78
2025-08-01,24.8410617,24.89094335,24.1427186,24.4420085,63237242,1554501024.02
2025-08-04,24.17264759,24.49189015,24.15269493,24.48191382,29362883,716666811.44
2025-08-05,24.49189015,24.63155877,24.25245823,24.45198483,46754645,1143366383.36
2025-08-06,24.36219786,24.85103803,24.29236355,24.8410617,55903468,1381955901.6
2025-08-07,24.8410617,25.09046995,24.50186648,24.69141675,44429958,1100013127.2
2025-08-08,24.69141675,24.69141675,24.23250557,24.25245823,45651614,1113762257.11
2025-08-11,24.2424819,24.77122739,24.22252924,24.7412984,54729731,1349788168.97
2025-08-12,24.70139308,25.02063564,24.51184281,24.92087234,58792313,1463801440.36
2025-08-13,24.93084867,25.51945214,24.82110904,25.27004389,94753898,2397398225.7
2025-08-14,25.2401149,25.69902608,24.940825,25.06054096,84918433,2152419815.73
2025-08-15,24.940825,25.42966517,24.88096702,25.3398782,65450538,1657101022.07
2025-08-18,25.5394048,26.75651706,25.49949948,26.39736918,133824772,3531524489.43
2025-08-19,26.54701413,26.55699046,26.05817396,26.1379846,82446010,2169788041.28
2025-08-20,26.0382213,28.10332161,25.78881305,27.64441043,183499470,4958632117.71
2025-08-21,27.69429208,28.4325405,26.99594898,27.18549925,156646576,4349726415.64
2025-08-22,27.42493117,28.66199609,27.1356176,28.4325405,183619133,5164727134.57
2025-08-25,28.98123865,29.14085993,27.99358198,28.55225646,172971753,4946907644.43
2025-08-26,28.34275353,28.89145168,28.1332506,28.18313225,108121007,3078817519.77
2025-08-27,28.34275353,28.70190141,27.3351442,27.40497851,152354329,4296107404.48
2025-08-28,27.18549925,28.32280087,27.18549925,28.32280087,133577479,3722133127.23
2025-08-29,28.1332506,28.17315592,27.56459979,27.8339607,87747798,2446382435.5
2025-09-01,29.73943973,29.92899,28.39263518,29.02114397,241475073,7053880678.81
2025-09-02,28.92138067,28.931357,27.14559393,27.34512053,151784488,4238238464.13
2025-09-03,27.5346708,30.07863495,27.31519154,28.59216178,315533245,9232552842.64
2025-09-04,28.84157003,28.931357,27.01590164,27.59452878,230385716,6487045042.81
2025-09-05,27.7341974,28.30284821,26.8363277,28.06341629,161364431,4469193915.85
2025-09-08,28.06341629,28.31282454,27.25533356,27.7341974,117230571,3251951227.83
2025-09-09,27.44488383,27.44488383,26.21779524,26.28762955,134313022,3586717144.56
2025-09-10,26.39736918,26.96601999,26.28762955,26.44725083,80345434,2142609801.65
2025-09-11,26.58691945,28.71187774,26.29760588,28.60213811,219234223,6114944950.89
2025-09-12,28.28289555,30.13849293,28.12327427,29.21069424,216282788,6314718907.49
2025-09-15,29.20071791,29.25059956,28.59216178,28.69192508,121783235,3520966242.61
2025-09-16,28.70190141,29.78932138,28.55225646,29.56984212,165770501,4875239454.6
2025-09-17,29.18076525,29.65962909,28.85154636,29.34038653,116618490,3416455549.09
2025-09-18,29.41022084,31.80454004,29.35036286,30.86676502,310805146,9571536865.05
2025-09-19,31.21593657,31.41546317,29.93896633,30.07863495,157558380,4819027296.93
2025-09-22,30.56747512,30.69716741,29.80927404,30.39787751,144418233,4389738216.22
2025-09-23,30.71712007,30.87674135,28.61211444,29.37031552,169184137,4997641496.63
2025-09-24,29.27055222,31.13612593,29.09097828,30.4278065,167324412,5062258226.04
2025-09-25,30.4278065,32.08387728,30.2282799,31.43541583,195832616,6156681855.62
2025-09-26,31.03636263,31.23588923,29.85915569,29.85915569,163395484,4973814050.35
2025-09-29,30.19835091,30.6273331,29.83920303,30.04870596,101682565,3069550152.81
2025-09-30,30.1285166,30.68719108,29.90903734,30.10856394,110213096,3329428152.3
2025-10-09,30.43778283,31.98411398,30.3280432,30.97650465,183432232,5732819246.59
2025-10-10,30.45773549,30.55749879,29.0311203,29.22067057,149766488,4455396191.67
2025-10-13,28.4325405,29.22067057,28.15320326,28.94133333,102554279,2948907290.43
2025-10-14,29.1308836,29.91901367,27.65438676,27.80403171,128266479,3685383454.49
2025-10-15,27.88384235,28.39263518,27.48478915,28.36270619,72642160,2036885952.7
2025-10-16,28.01353464,28.8315937,27.91377134,28.17315592,78359209,2224793714.51
2025-10-17,28.55225646,28.77173572,26.98597265,27.02587797,88901326,2459033002.13
2025-10-20,27.48478915,27.78407905,27.12564127,27.30521521,65474079,1804356608.29
2025-10-21,27.40497851,28.06341629,27.30521521,27.98360565,80936664,2256447001.29
2025-10-22,27.65438676,27.933724,27.35509686,27.62445777,52509359,1453545023.29
2025-10-23,27.933724,28.11329794,26.81637504,27.30521521,67627565,1845620918.88
2025-10-24,27.44488383,28.05343996,27.44488383,28.04346363,72682061,2023304296.7
2025-10-27,28.28289555,28.57220912,27.77410272,28.49239848,89876512,2543694681.12
2025-10-28,28.16317959,28.78171205,28.04346363,28.26294289,74620492,2124468472.03
2025-10-29,28.21306124,28.56223279,28.0334873,28.44251683,67352897,1913257894.89
2025-10-30,28.39263518,28.81164104,27.933724,28.0334873,77836196,2204482535.31
2025-10-31,27.3351442,27.4349075,26.936091,27.01590164,97840536,2662847626.16
2025-11-03,26.936091,27.2353809,26.3375112,27.14559393,73705802,1974346314.08
2025-11-04,27.00592531,27.00592531,26.4372745,26.59689578,50635196,1354149858.83
2025-11-05,26.16791359,26.56696679,26.05817396,26.37741652,46154470,1217243171.79
2025-11-06,26.4372745,26.79642238,26.35746386,26.61684844,47903870,1275682298.97
2025-11-07,26.35746386,26.51708514,26.11803194,26.22777157,41286915,1088008190.91
2025-11-10,26.30758221,26.49713248,26.1379846,26.38739285,36612288,964848068.15
2025-11-11,26.48715615,26.5370378,25.99831598,26.05817396,42126222,1106191957.55
2025-11-12,26.21779524,26.2377479,25.46957049,25.76886039,43652403,1127627727.86
2025-11-13,25.6391681,25.96838699,25.56933379,25.8386947,33560257,867470660.87
2025-11-14,25.58928645,25.72895507,25.27004389,25.28999655,37212193,951600517.33
2025-11-17,25.23013857,25.50947581,25.19023325,25.34985453,26456068,671689790.59
2025-11-18,25.48952315,25.89855268,25.34985453,25.68904975,46908663,1210360861.43
2025-11-19,25.68904975,25.78881305,25.06054096,25.28002022,35582535,904637637.07
2025-11-20,25.2401149,25.47954682,24.52181914,24.55174813,56888829,1418621717.35
2025-11-21,24.2424819,24.4420085,24.00304998,24.02300264,47351777,1149745811.23
2025-11-24,24.20257658,24.51184281,23.95316833,24.39212685,36135327,877942634.51
2025-11-25,24.70139308,24.97075399,24.52181914,24.6415351,46511820,1154899441.06
2025-11-26,24.58167712,25.28999655,24.55174813,24.92087234,49722816,1245190182.82
2025-11-27,24.83108537,25.27004389,24.71136941,24.7412984,37442778,937857244.15
2025-11-28,24.69141675,24.87099069,24.60162978,24.86101436,26802125,665785498.48
2025-12-01,25.00068298,25.40971251,24.89094335,25.39973618,49920397,1263377234.24
2025-12-02,25.26006756,25.3398782,25.00068298,25.05056463,30381950,764855618.31
2025-12-03,25.0405883,25.22016224,24.70139308,24.75127473,25168031,626649761.13
2025-12-04,24.75127473,24.96077766,24.53179547,24.91089601,23429974,582132765.52
2025-12-05,24.91089601,25.09046995,24.60162978,24.93084867,32862211,819247174.34
2025-12-08,25.00068298,25.51945214,24.97075399,25.36980719,48666244,1236387096.85
2025-12-09,25.7389314,26.08810295,25.32990187,25.41968884,58513753,1504798375.21
2025-12-10,25.22016224,25.50947581,24.97075399,25.4396415,34528960,872699329.95
2025-12-11,25.42966517,25.42966517,24.59165345,24.60162978,45614682,1139736291.71
2025-12-12,24.57170079,25.12039894,24.4420085,24.99070665,48792135,1217427007.88
2025-12-15,24.80115638,24.83108537,24.35222153,24.36219786,41393128,1019204592.21
2025-12-16,24.30233988,24.39212685,23.86338136,23.92323934,36603924,880924091.38
2025-12-17,23.943192,24.47193749,23.8434287,24.4420085,38208542,925267543.34
2025-12-18,24.19260025,24.51184281,24.09283695,24.26243456,26778778,653696028.48
2025-12-19,24.39212685,24.66148776,24.37217419,24.37217419,28456199,699229290.6
2025-12-22,24.50186648,24.91089601,24.45198483,24.77122739,37987029,943431183.3
2025-12-23,24.7412984,24.88096702,24.49189015,24.63155877,29237439,723061779.04
2025-12-24,24.2424819,24.60162978,24.05293163,24.58167712,44264997,1082500185.45
2025-12-25,24.59165345,24.71136941,24.37217419,24.57170079,30361582,747311913.71
2025-12-26,24.52181914,24.93084867,24.47193749,24.70139308,41459625,1027626940.39
2025-12-29,24.71136941,25.07051729,24.62158244,24.69141675,38465905,956993379.39
2025-12-30,24.63155877,24.86101436,24.52181914,24.67146409,35492614,879630874.19
2025-12-31,24.67146409,24.73132207,24.41207951,24.5417718,34787409,856636038.29
