date,open,high,low,close,volume,amount
2020-01-02,12.10954673,12.96107659,12.10954673,12.84225847,13641812,174645689.11
2020-01-03,12.84225847,13.12940226,12.71353884,12.82245545,10444686,135863392.06
2020-01-06,12.84225847,13.11950075,12.69373582,12.98087961,9556483,124696417.3
2020-01-07,13.00068263,13.60467474,12.85215998,13.30762944,15208298,203754154.05
2020-01-08,13.13930377,13.21851585,12.72344035,12.75314488,10318979,135437653.67
2020-01-09,12.95117508,13.4660536,12.88186451,13.44625058,12651250,169412562.98
2020-01-10,13.3670385,13.9611291,13.3670385,13.79280343,14941861,206530295.57
2020-01-13,13.82250796,13.91162155,13.44625058,13.83240947,10172911,140220730.39
2020-01-14,13.94132608,13.94132608,13.58487172,13.64428078,7635322,105598422.62
2020-01-15,13.5650687,14.54531819,13.31753095,14.27797742,12984961,182523748.74
2020-01-16,14.01063665,14.48590913,13.78290192,13.862114,10695633,151821493.25
2020-01-17,13.87201551,14.11955326,13.6640838,13.84231098,7579627,106528099.73
2020-01-20,13.69378833,13.91162155,13.41654605,13.81260645,7405354,102354559.7
2020-01-21,13.90172004,13.94132608,13.38684152,13.39674303,5439877,74842221.61
2020-01-22,13.30762944,13.71359135,13.23831887,13.67398531,5754044,78596396.64
2020-01-23,13.4660536,13.58487172,12.62442525,12.79275092,7245303,95996615.05
2020-02-03,11.51545613,11.51545613,11.51545613,11.51545613,1809300,21042159.0
2020-02-04,10.51540362,12.06994069,10.51540362,11.82240294,10033029,116326727.01
2020-02-05,11.881812,12.24816787,11.49565311,12.16895579,8952271,108760587.24
2020-02-06,12.15905428,13.13930377,12.12934975,12.93137206,11710045,151191323.58
2020-02-07,12.86206149,13.42644756,12.70363733,13.39674303,12755382,169420598.12
2020-02-10,14.12945477,14.42650007,13.28782642,13.64428078,14079327,196256492.73
2020-02-11,13.43634907,13.53536417,12.89176602,12.91156904,10280375,136057193.87
2020-02-12,12.9709781,13.72349286,12.871963,13.55516719,13087770,176333862.87
2020-02-13,13.41654605,13.9611291,13.21851585,13.31753095,10714316,146071002.89
2020-02-14,13.57497021,13.69378833,13.12940226,13.33733397,8810905,119549965.0
2020-02-17,13.55516719,14.04034118,13.37694001,13.98093212,11692053,162955743.8
2020-02-18,14.04034118,14.31758346,13.7630989,14.23837138,13777500,195136109.18
2020-02-19,14.12945477,14.14925779,13.69378833,13.72349286,11008228,154373911.32
2020-02-20,13.6640838,14.79285594,13.42644756,14.46610611,18822859,268988990.84
2020-02-21,14.30768195,14.96118161,14.2581744,14.57502272,18410455,271588458.25
2020-02-24,14.2581744,14.82256047,13.97103061,14.70374235,16466236,240885199.68
2020-02-25,14.28787893,14.48590913,13.61457625,14.30768195,15959258,228727640.34
2020-02-26,14.0601442,14.40669705,13.73339437,13.85221249,11934356,169415209.43
2020-02-27,13.92152306,15.01068916,13.67398531,14.51561366,21198209,308051220.99
2020-02-28,14.2581744,14.2581744,13.20861434,13.42644756,15070421,208393316.06
2020-03-02,13.54526568,13.92152306,13.34723548,13.80270494,10248650,141679056.47
2020-03-03,14.01063665,14.50571215,13.78290192,13.9611291,13636797,194992110.9
2020-03-04,13.79280343,14.23837138,13.57497021,13.99083363,9146181,128441339.36
2020-03-05,14.23837138,14.47600762,13.84231098,14.21856836,11165703,159316212.48
2020-03-06,14.0601442,14.16906081,13.78290192,13.78290192,8514443,119752814.01
2020-03-09,13.3670385,13.47595511,12.6739328,12.78284941,10506846,139440161.24
2020-03-10,12.6739328,13.44625058,12.58481921,13.34723548,9049291,119195831.33
2020-03-11,13.34723548,13.59477323,13.12940226,13.13930377,7518747,101821491.02
2020-03-12,12.81255394,13.1690083,12.80265243,12.96107659,4383300,57327539.0
2020-03-13,12.3768875,12.93137206,12.10954673,12.68383431,6006085,75954602.1
2020-03-16,12.79275092,13.02048565,11.90161502,11.99072861,6534038,82463827.91
2020-03-17,12.0798422,12.32737995,11.64417576,12.22836485,4859652,59112775.81
2020-03-18,12.32737995,12.43629656,11.80259992,11.82240294,5501000,67560806.38
2020-03-19,11.82240294,12.16895579,11.73328935,12.06003918,4534200,54618453.0
2020-03-20,12.12934975,12.23826636,11.95112257,12.16895579,3358700,41077159.0
2020-03-23,11.881812,12.0798422,11.5847667,11.65407727,3469433,41503943.0
2020-03-24,11.881812,12.15905428,11.63427425,12.12934975,3675157,44168482.65
2020-03-25,12.34718297,12.36698599,12.11944824,12.16895579,4745258,58582329.99
2020-03-26,12.0798422,12.11944824,11.86200898,11.86200898,3268371,39534518.71
2020-03-27,12.04023616,12.10954673,11.881812,12.00063012,3709996,44911794.51
2020-03-30,11.95112257,11.95112257,11.49565311,11.63427425,3915947,46264055.84
2020-03-31,11.71348633,11.7827969,11.42634254,11.49565311,2650721,31079454.31
2020-04-01,11.49565311,11.76299388,11.44614556,11.47585009,2595266,30383857.14
2020-04-02,11.46594858,11.75309237,11.34713046,11.75309237,3049103,35695621.37
2020-04-03,11.73328935,11.73328935,11.3867365,11.46594858,2691000,31394813.53
2020-04-07,11.66397878,11.96102408,11.62437274,11.87191049,4302050,51313202.5
2020-04-08,11.82240294,12.03033465,11.75309237,12.00063012,4836115,58237158.51
2020-04-09,12.05013767,12.69373582,12.04023616,12.6739328,10861676,136217804.63
2020-04-10,12.43629656,12.4759026,11.97092559,11.99072861,8546493,105064642.36
2020-04-13,11.7827969,11.83230445,11.51545613,11.5847667,4107105,48352015.01
2020-04-14,11.70358482,11.84220596,11.63427425,11.84220596,2801700,33242694.0
2020-04-15,11.93131955,11.93131955,11.56496368,11.56496368,3634768,42993523.53
2020-04-16,11.50555462,11.69368331,11.4857516,11.65407727,2572307,30167415.6
2020-04-17,11.76299388,11.85210747,11.60456972,11.63427425,3458365,41087466.9
2020-04-20,11.62437274,11.79269841,11.59466821,11.79269841,2316030,27356093.0
2020-04-21,11.69368331,11.75309237,11.51545613,11.65407727,2613800,30738692.0
2020-04-22,11.55506217,11.6837818,11.4857516,11.65407727,2388001,27924049.7
2020-04-23,11.61447123,11.72338784,11.47585009,11.4857516,2866704,33447310.63
2020-04-24,11.47585009,11.53525915,11.10949422,11.15900177,3233603,36942997.59
2020-04-27,11.13919875,11.26791838,11.01047912,11.01047912,1743900,19560430.0
2020-04-28,11.01047912,11.09959271,10.50550211,10.71343382,3377490,36634166.52
2020-04-29,10.70353231,10.80254741,10.62432023,10.67382778,1838000,19870256.0
2020-04-30,10.70353231,11.05008516,10.70353231,11.01047912,2481679,27394928.56
2020-05-06,11.04018365,11.26791838,10.91146402,11.25801687,2365400,26546984.0
2020-05-07,11.20850932,11.37683499,11.13919875,11.16890328,2163400,24580671.0
2020-05-08,11.23821385,11.43624405,11.23821385,11.30752442,2735800,31320413.0
2020-05-11,11.31742593,11.40653952,11.10949422,11.1887063,1978100,22497136.0
2020-05-12,11.19860781,11.24811536,10.94116855,11.13919875,1728300,19368791.0
2020-05-13,11.10949422,11.30752442,10.93126704,11.22831234,2220800,25134668.32
2020-05-14,11.1887063,11.33722895,11.10949422,11.11939573,2560801,29052051.32
2020-05-15,11.15900177,11.27781989,11.00057761,11.09959271,1801374,20244731.66
2020-05-18,11.16890328,11.17880479,10.7926459,10.85205496,2853819,31506991.64
2020-05-19,11.00057761,11.1887063,10.891661,11.06988818,2433609,27084479.27
2020-05-20,11.03028214,11.11939573,10.84215345,10.86195647,2423372,26751475.47
2020-05-21,10.84215345,10.98077459,10.7926459,10.80254741,1964681,21553648.72
2020-05-22,10.80254741,10.91146402,10.63422174,10.73323684,2034182,22094828.75
2020-05-25,10.6936308,10.84215345,10.64412325,10.78274439,1569715,17040464.45
2020-05-26,10.7926459,11.35703197,10.7926459,11.26791838,6190588,69719444.49
2020-05-27,11.1887063,11.32732744,11.0896912,11.19860781,3356386,37958194.3
2020-05-28,11.15900177,11.32732744,10.9906761,11.12929724,2338515,26265720.09
2020-05-29,11.12929724,11.43624405,11.0896912,11.32732744,4672409,53228347.6
2020-06-01,11.32732744,11.60456972,11.29762291,11.50555462,4864216,56378894.46
2020-06-02,11.53525915,11.57486519,11.43624405,11.46594858,3278209,38045035.13
2020-06-03,11.49565311,11.7827969,11.35703197,11.63427425,7513486,87911310.82
2020-06-04,11.6837818,12.50560713,11.55506217,12.04023616,12170821,147312781.67
2020-06-05,11.9808271,12.1788573,11.79269841,12.14915277,8578613,103965350.3
2020-06-08,11.99072861,12.06003918,11.59466821,11.71348633,7742834,92297103.42
2020-06-09,11.51545613,11.66397878,11.35703197,11.49565311,6122800,71008447.28
2020-06-10,11.51545613,11.56496368,11.33722895,11.54516066,3693189,42791754.96
2020-06-11,11.53525915,11.7827969,11.39663801,11.46594858,5514617,64667638.4
2020-06-12,11.1887063,11.44614556,11.09959271,11.29762291,4115136,46897610.24
2020-06-15,11.25801687,11.75309237,11.23821385,11.47585009,5739918,66896910.27
2020-06-16,11.56496368,11.69368331,11.49565311,11.65407727,4236407,49692116.66
2020-06-17,11.64417576,11.79269841,11.52535764,11.72338784,4284157,50464913.53
2020-06-18,11.67388029,11.84220596,11.55506217,11.62437274,3928961,46269707.31
2020-06-19,11.59462129,11.71364221,11.41608991,11.69380539,3698247,43242067.98
2020-06-22,11.69380539,11.8029079,11.57478447,11.63429493,3267116,38516796.52
2020-06-23,11.67396857,12.05086815,11.5053556,12.01119451,9753876,116734639.62
2020-06-24,11.84258154,11.94176564,11.65413175,11.71364221,6109908,72571796.24
2020-06-29,11.65413175,11.65413175,11.22764012,11.25739535,4854000,55922010.0
2020-06-30,11.31690581,11.64421334,11.31690581,11.53511083,3957600,45882581.0
2020-07-01,11.56486606,11.61445811,11.41608991,11.5053556,3648600,42368067.37
2020-07-02,11.5053556,11.78307108,11.4061715,11.72356062,5180644,60705202.86
2020-07-03,11.71364221,12.17980748,11.7037238,11.94176564,8089752,97594016.58
2020-07-06,12.0012761,12.44760455,11.95168405,12.42776773,10674324,132075972.0
2020-07-07,12.66580957,12.66580957,12.20956271,12.30874681,10174378,127689469.37
2020-07-08,12.42776773,12.87409618,12.35833886,12.73523844,10582759,135067550.48
2020-07-09,12.74515685,13.17164848,12.68564639,12.95344346,10665218,138653614.3
2020-07-10,12.86417777,13.16173007,12.68564639,12.6955648,7851105,102233171.21
2020-07-13,12.87409618,13.14189325,12.82450413,13.07246438,7460484,97901845.52
2020-07-14,13.10221961,13.22124053,12.58646229,12.81458572,7977548,103522539.4
2020-07-15,12.97328028,13.16173007,12.52695183,12.61621752,8002301,103510418.71
2020-07-16,12.6955648,12.78483049,12.04094974,12.11037861,6336384,79470814.76
2020-07-17,12.15005225,12.2988284,11.95168405,12.18972589,4865579,59757916.2
2020-07-20,12.31866522,12.57654388,12.14013384,12.57654388,5208100,64926439.0
2020-07-21,12.56662547,13.17164848,12.35833886,12.94352505,10318313,133173077.75
2020-07-22,12.7947489,12.97328028,12.62613593,12.75507526,7907882,102038376.6
2020-07-23,12.62613593,12.78483049,12.22939953,12.56662547,5677485,71542050.88
2020-07-24,12.4971966,12.9931171,12.30874681,12.32858363,8691947,111013362.33
2020-07-27,12.54678865,12.54678865,11.98143928,12.17980748,4268900,52629578.0
2020-07-28,12.30874681,12.36825727,12.15005225,12.32858363,3784800,46837451.71
2020-07-29,12.2988284,12.74515685,12.22939953,12.70548321,5016100,63391382.0
2020-07-30,12.70548321,12.86417777,12.54678865,12.58646229,5010923,64166568.83
2020-07-31,12.61621752,12.893933,12.50711501,12.87409618,6136802,78991567.43
2020-08-03,12.9931171,13.18156689,12.86417777,13.17164848,7568861,99689560.82
2020-08-04,13.14189325,13.17164848,12.85425936,12.90385141,6633600,86691069.0
2020-08-05,12.98319869,13.44936396,12.70548321,13.30058781,9960266,132104887.45
2020-08-06,13.25099576,13.33034304,12.9931171,13.14189325,6078306,80580553.29
2020-08-07,13.24107735,13.24107735,12.54678865,12.77491208,5880216,76063579.49
2020-08-10,12.75507526,13.24107735,12.74515685,13.0923012,6591660,87010751.74
2020-08-11,13.11213802,13.18156689,12.61621752,12.73523844,5232200,67976686.0
2020-08-12,12.62613593,12.64597275,12.21948112,12.50711501,5414800,67741283.5
2020-08-13,12.51703342,12.67572798,12.46744137,12.55670706,2874900,36420436.73
2020-08-14,12.58646229,12.87409618,12.40793091,12.82450413,3240977,41431521.53
2020-08-17,12.80466731,13.00303551,12.72532003,12.95344346,4328723,56200697.15
2020-08-18,12.96336187,13.03279074,12.86417777,12.9931171,3808524,49710680.36
2020-08-19,13.01295392,13.15181166,12.6955648,12.84434095,4361998,56760009.06
2020-08-20,12.57654388,12.98319869,12.27899158,12.74515685,5451424,69646028.9
2020-08-21,12.77491208,13.25099576,12.77491208,12.92368823,6771690,88688521.9
2020-08-24,12.92368823,13.26091417,12.60629911,13.1914853,6979100,91830413.0
2020-08-25,13.22124053,14.0841422,13.10221961,13.59814011,14714550,200951127.57
2020-08-26,13.56838488,13.71716103,13.05262756,13.21132212,9120331,122771771.42
2020-08-27,13.26091417,14.03455015,12.95344346,13.73699785,12750914,174990895.63
2020-08-28,13.6874058,14.05438697,13.4890376,13.91552923,11364701,158361480.4
2020-08-31,13.94528446,13.95520287,13.55846647,13.6874058,7949200,109900766.85
2020-09-01,13.64773216,13.95520287,13.37001668,13.885774,7053204,97303907.08
2020-09-02,13.81634513,14.6792468,13.79650831,14.2825104,14403604,207475521.34
2020-09-03,14.23291835,14.57014429,13.89569241,14.07422379,10011500,143277212.0
2020-09-04,14.03455015,14.43128655,13.80642672,14.40153132,10073000,144033110.0
2020-09-07,14.39161291,15.0759832,14.19324471,14.19324471,16366530,240743270.46
2020-09-08,14.23291835,15.02639115,14.23291835,14.90737023,13477432,198503592.0
2020-09-09,14.71892044,15.25451458,14.23291835,14.3816945,16210168,241740409.86
2020-09-10,14.45112337,14.47096019,12.40793091,12.5963807,14743188,197835104.69
2020-09-11,12.53687024,13.03279074,12.46744137,12.92368823,6527836,83949658.59
2020-09-14,12.92368823,13.41960873,12.84434095,13.40969032,7731100,102967363.0
2020-09-15,13.35017986,13.51879283,13.0923012,13.1914853,5492228,73574625.2
2020-09-16,13.25099576,13.36009827,12.94352505,13.10221961,4420000,58375379.0
2020-09-17,13.14189325,13.61797693,13.02287233,13.10221961,7722000,103578304.0
2020-09-18,13.06254597,13.33034304,12.7947489,13.14189325,7225701,95286082.1
2020-09-21,13.22124053,13.30058781,12.82450413,12.82450413,5340222,69949899.88
2020-09-22,14.37177609,14.877615,13.39977191,13.59814011,21341099,298895399.5
2020-09-23,13.40969032,16.31578445,13.40969032,16.31578445,55997697,882895926.43
2020-09-24,15.58182211,15.6710878,14.39161291,14.6792468,43915085,663525087.34
2020-09-25,14.70900203,15.16524889,14.36185768,14.75859408,25675424,382912445.06
2020-09-28,14.62965475,14.82802295,13.92544764,14.20316312,17652526,251775349.09
2020-09-29,14.2825104,14.2825104,13.49895601,13.54854806,17728934,246165263.87
2020-09-30,13.57830329,13.97503969,13.39977191,13.81634513,14219572,196367398.63
2020-10-09,13.885774,14.55030747,13.81634513,14.40153132,17147419,245129693.13
2020-10-12,14.49079701,15.03630956,14.33210245,14.90737023,20863141,309891345.83
2020-10-13,14.7784309,15.36361709,14.60981793,15.14541207,21884913,332299515.43
2020-10-14,15.00655433,15.13549366,14.7784309,14.88753341,13557929,203784746.51
2020-10-15,14.79826772,15.08590161,14.3816945,14.3816945,12750426,187407319.7
2020-10-16,14.39161291,15.24459617,14.24283676,15.22475935,17930015,268798097.59
2020-10-19,15.43304596,16.02815056,15.15533048,15.41320914,22838498,357558404.71
2020-10-20,15.29418822,15.75043508,15.15533048,15.55206688,16180136,252150706.61
2020-10-21,15.44296437,15.5719037,14.9767991,15.05614638,14021508,216036185.17
2020-10-22,14.88753341,15.43304596,14.69908362,15.24459617,12732677,194752359.72
2020-10-23,15.41320914,15.81986395,14.9767991,15.24459617,13853477,215421628.19
2020-10-26,15.02639115,16.01823215,14.83794136,15.84961918,17090204,267200541.63
2020-10-27,15.62149575,15.69092462,15.16524889,15.52231165,10864104,169426952.5
2020-10-28,15.38345391,15.78019031,15.25451458,15.60165893,10283769,161064463.39
2020-10-29,15.20492253,15.35369868,14.6792468,14.7784309,12138638,184418340.92
2020-10-30,14.79826772,15.30410663,13.94528446,14.14365266,11675918,171769744.46
2020-11-02,14.15357107,14.44120496,13.9849581,14.40153132,6352233,91279063.85
2020-11-03,14.34202086,14.75859408,14.2825104,14.58998111,5752518,84612094.61
2020-11-04,14.53047065,14.59989952,14.23291835,14.43128655,5994303,87059375.7
2020-11-05,14.57014429,14.81810454,14.40153132,14.74867567,6705903,98783305.11
2020-11-06,14.83794136,14.85777818,14.19324471,14.23291835,5534830,80545403.91
2020-11-09,14.24283676,14.82802295,14.23291835,14.73875726,7128703,105209225.55
2020-11-10,14.76851249,14.84785977,14.33210245,14.51063383,5267100,76997876.0
2020-11-11,14.56022588,14.58998111,13.64773216,13.6874058,7490300,105497244.0
2020-11-12,13.84610036,13.85601877,13.50887442,13.66756898,4201600,57930780.0
2020-11-13,13.63781375,13.74691626,13.41960873,13.65765057,3780444,51702873.4
2020-11-16,13.66756898,13.92544764,13.18156689,13.27083258,5293100,71464069.0
2020-11-17,13.34026145,13.34026145,12.86417777,13.06254597,5646800,73861570.0
2020-11-18,13.0923012,13.25099576,12.96336187,13.0923012,3395309,44841413.26
2020-11-19,13.17164848,13.27083258,12.96336187,13.18156689,3335300,44107413.0
2020-11-20,13.17164848,13.24107735,12.97328028,13.06254597,3602191,47495305.92
2020-11-23,13.08238279,13.23115894,12.84434095,13.0923012,4573500,60062297.91
2020-11-24,13.04270915,13.32042463,13.04270915,13.16173007,3644503,48492827.87
2020-11-25,13.1914853,13.24107735,12.893933,12.893933,3856806,50699647.5
2020-11-26,12.87409618,13.04270915,12.77491208,12.77491208,3523200,45780731.0
2020-11-27,12.81458572,12.85425936,12.47735978,12.62613593,3909800,49800024.0
2020-11-30,12.62613593,12.83442254,12.55670706,12.5963807,3516800,45107933.0
2020-12-01,12.63605434,12.88401459,12.61621752,12.88401459,3495700,45147955.0
2020-12-02,12.94352505,12.97328028,12.78483049,12.86417777,3272644,42445569.0
2020-12-03,12.88401459,12.92368823,12.67572798,12.75507526,3003300,38793747.0
2020-12-04,12.7947489,12.87409618,12.61621752,12.64597275,3232000,41470673.0
2020-12-07,12.64597275,12.78483049,12.37817568,12.40793091,4177100,52950593.0
2020-12-08,12.3980125,12.48727819,12.30874681,12.38809409,2790900,34866460.0
2020-12-09,12.38809409,12.44760455,11.93184723,11.95168405,4693650,57472697.5
2020-12-10,11.94176564,12.15997066,11.83266313,11.95168405,3741300,45243032.0
2020-12-11,12.01119451,12.01119451,11.5053556,11.66405016,4667529,54967538.46
2020-12-14,11.55494765,11.83266313,11.46568196,11.74339744,2776487,32750356.59
2020-12-15,11.72356062,11.83266313,11.66405016,11.71364221,2111900,24990029.0
2020-12-16,11.72356062,11.73347903,11.47560037,11.48551878,2731900,31866409.0
2020-12-17,11.46568196,11.76323426,11.19788489,11.71364221,4678182,54183980.0
2020-12-18,11.73347903,11.77315267,11.5053556,11.57478447,2507209,29398549.05
2020-12-21,11.57478447,11.72356062,11.48551878,11.64421334,2510005,29447560.6
2020-12-22,11.65413175,12.07070497,11.38633468,11.38633468,4988091,58834214.05
2020-12-23,11.38633468,11.55494765,11.22764012,11.29706899,3531000,40463855.91
2020-12-24,11.23755853,11.24747694,10.84082213,10.89041418,5286505,58538824.4
2020-12-25,10.80114849,11.09870079,10.80114849,11.03919033,2502300,27725148.0
2020-12-28,11.01935351,11.01935351,10.75155644,10.79123008,3406500,37226152.0
2020-12-29,10.84082213,11.24747694,10.73171962,11.04910874,3939191,44036364.56
2020-12-30,11.1086192,11.13837443,10.93008782,11.07886397,2333397,26005807.49
2020-12-31,11.11853761,11.49543719,11.1086192,11.25739535,4686200,53237834.09
2021-01-04,11.15821125,11.43592673,11.11853761,11.33674263,4416735,50164005.97
2021-01-05,11.26731376,11.4061715,11.04910874,11.18796648,3765437,42507613.57
2021-01-06,11.12845602,11.16812966,10.67220916,10.70196439,5754591,62735440.98
2021-01-07,10.78131167,10.78131167,9.89857318,10.0175941,8348870,85927213.5
2021-01-08,9.97792046,10.29530958,9.6208577,10.09694138,5912962,59774172.95
2021-01-11,10.13661502,10.2159623,9.66053134,9.73987862,4776620,47577581.8
2021-01-12,9.7200418,10.14653343,9.68036816,9.75971544,4489035,44789782.32
2021-01-13,9.7200418,9.80930749,9.43240791,9.5216736,5118803,49196504.62
2021-01-14,9.6208577,9.77955226,9.43240791,9.71012339,4002799,38921149.3
2021-01-15,9.7200418,10.07710456,9.66053134,9.96800205,4124693,41300762.07
2021-01-18,9.92832841,10.13661502,9.86881795,10.09694138,3027300,30732756.0
2021-01-19,10.02751251,10.25563594,9.97792046,10.19612548,3418102,35014325.5
2021-01-20,10.1167782,10.25563594,9.97792046,10.02751251,3256100,33070305.0
2021-01-21,10.03743092,10.25563594,9.98783887,10.15645184,3441702,35230825.32
2021-01-22,10.13661502,10.13661502,9.84898113,9.92832841,3131115,31371286.22
2021-01-25,9.96800205,9.99775728,9.59110247,9.65061293,3372379,33055755.46
2021-01-26,9.61093929,9.99775728,9.58118406,9.7200418,4081798,40549784.4
2021-01-27,9.77955226,10.18620707,9.53159201,9.97792046,4932100,49352514.04
2021-01-28,9.86881795,10.50359619,9.83906272,10.34490163,8673218,89740791.92
2021-01-29,10.29530958,10.30522799,9.70020498,9.84898113,6778311,67920466.66
2021-02-01,9.79938908,9.94816523,9.48199996,9.55142883,4722900,45775957.0
2021-02-02,9.51175519,9.53159201,8.80754808,9.26379494,6028473,55726021.63
2021-02-03,9.30346858,9.35306063,8.85714013,8.91665059,4395265,40022172.97
2021-02-04,8.926569,8.926569,8.48024055,8.66869034,4311800,37683690.0
2021-02-05,8.69844557,8.97616105,8.61909829,8.71828239,3569192,31617833.35
2021-02-08,8.63893511,8.69844557,8.45048532,8.50007737,3111846,26844132.98
2021-02-09,8.50999578,8.71828239,8.45048532,8.67860875,3050041,26385717.78
2021-02-10,8.68852716,8.90673218,8.64885352,8.69844557,2696027,23781647.78
2021-02-18,8.76787444,9.07534515,8.76787444,9.0257531,3508546,31780733.65
2021-02-19,9.03567151,9.34314222,8.96624264,9.3233054,3894696,36161836.98
2021-02-22,9.33322381,9.61093929,9.28363176,9.33322381,5092208,48590841.68
2021-02-23,9.30346858,9.50183678,9.17452925,9.25387653,3401300,31901665.97
2021-02-24,9.24395812,9.45224473,9.2241213,9.33322381,3048600,28738204.0
2021-02-25,9.45224473,9.49191837,9.15469243,9.18444766,2756800,25702752.54
2021-02-26,9.16461084,9.41257109,9.1249372,9.2241213,3220827,30115900.91
2021-03-01,9.23403971,9.57126565,9.23403971,9.54151042,3743703,35622185.8
2021-03-02,9.54151042,9.63077611,9.31338699,9.38281586,3495300,33233664.84
2021-03-03,9.4224895,9.51175519,9.28363176,9.44232632,2683903,25384546.47
2021-03-04,9.40265268,9.51175519,9.24395812,9.27371335,3313203,31360286.93
2021-03-05,9.2241213,9.63077611,9.2241213,9.59110247,5041800,48122482.0
2021-03-08,9.67044975,9.70020498,9.38281586,9.41257109,3589600,34577307.0
2021-03-09,9.40265268,9.48199996,8.98607946,9.27371335,4565900,42443236.0
2021-03-10,9.47208155,10.40441209,9.43240791,9.85889954,16678885,167211964.55
2021-03-11,9.53159201,9.8192259,9.13485561,9.71012339,11006079,104931622.03
2021-03-12,9.63077611,9.7200418,9.34314222,9.46216314,6905096,65970539.2
2021-03-15,9.47208155,9.47208155,9.06542674,9.11501879,5375915,49955103.15
2021-03-16,9.1249372,9.35306063,9.1249372,9.28363176,3870200,36059472.0
2021-03-17,9.38281586,9.38281586,9.19436607,9.28363176,3721136,34750907.48
2021-03-18,9.33322381,9.35306063,9.1249372,9.14477402,3689792,34245819.24
2021-03-19,9.08526356,9.18444766,8.94640582,9.06542674,3387386,30955853.18
2021-03-22,9.03567151,9.17452925,9.01583469,9.15469243,2802702,25727493.4
2021-03-23,9.15469243,9.25387653,9.08526356,9.21420289,3435900,31742909.0
2021-03-24,9.13485561,9.26379494,9.07534515,9.16461084,3104300,28754155.0
2021-03-25,9.20428448,9.44232632,9.11501879,9.34314222,5199334,48645042.3
2021-03-26,9.37289745,9.41257109,9.24395812,9.35306063,3900695,36655945.64
2021-03-29,9.25387653,9.27371335,9.00591628,9.04558992,5582200,51112588.0
2021-03-30,9.0257531,9.03567151,8.78771126,8.80754808,3775503,33690481.58
2021-03-31,8.78771126,8.87697695,8.77779285,8.84722172,1941200,17299258.0
2021-04-01,8.84722172,8.87697695,8.75795603,8.84722172,1852300,16478039.0
2021-04-02,8.89681377,8.97616105,8.8273849,8.93648741,2117100,19036889.0
2021-04-06,8.97616105,9.03567151,8.88689536,9.0257531,2078903,18833810.24
2021-04-07,9.00591628,9.06542674,8.94640582,9.05550833,1823400,16577042.0
2021-04-08,9.03567151,9.07534515,8.93648741,8.93648741,2148100,19479280.0
2021-04-09,8.926569,9.04558992,8.85714013,8.94640582,2330900,21025414.0
2021-04-12,8.93648741,8.95632423,8.7282008,8.73811921,2692900,23908292.0
2021-04-13,8.71828239,8.84722172,8.71828239,8.80754808,1605110,14240510.7
2021-04-14,8.8273849,8.90673218,8.73811921,8.87697695,1461144,12995680.4
2021-04-15,8.88689536,8.88689536,8.76787444,8.8273849,1557850,13874259.5
2021-04-16,8.8273849,9.13485561,8.79762967,9.13485561,4147500,37751064.0
2021-04-19,9.08526356,9.21420289,9.07534515,9.18444766,3234293,29876121.26
2021-04-20,9.14477402,9.25387653,9.05550833,9.09518197,2337091,21569952.75
2021-04-21,9.08526356,9.36297904,9.00591628,9.36297904,5752946,53589738.6
2021-04-22,9.37289745,10.23579912,9.26379494,9.66053134,13426525,131386052.89
2021-04-23,9.53159201,9.63077611,9.23403971,9.3233054,7397717,70008591.46
2021-04-26,9.41257109,9.49191837,9.14477402,9.20428448,4862600,45713348.0
2021-04-27,9.18444766,9.70020498,9.11501879,9.61093929,10207868,97724712.02
2021-04-28,9.5216736,9.61093929,9.3233054,9.44232632,5217791,49475650.61
2021-04-29,9.48199996,9.69028657,9.33322381,9.44232632,4971214,47683152.44
2021-04-30,9.40265268,9.44232632,9.20428448,9.2241213,4586404,42972821.53
2021-05-06,9.20428448,9.40265268,9.11501879,9.28363176,2655791,24809281.66
2021-05-07,9.29355017,9.30346858,8.926569,8.98607946,4331000,39501316.0
2021-05-10,8.97616105,9.03567151,8.88689536,8.94640582,3026409,27341623.62
2021-05-11,8.97616105,9.15469243,8.926569,9.10510038,2568908,23444295.11
2021-05-12,9.09518197,9.50183678,9.01583469,9.43240791,4771834,44670044.33
2021-05-13,9.41257109,9.68036816,9.3233054,9.5216736,6193815,59638315.79
2021-05-14,9.57126565,9.65061293,9.45224473,9.57126565,4185727,40250341.11
2021-05-17,9.55142883,9.57126565,9.33322381,9.38281586,3540349,33686787.21
2021-05-18,9.37289745,9.78947067,9.34314222,9.78947067,5851893,56973483.96
2021-05-19,9.7200418,9.74979703,9.60102088,9.64069452,3455150,33645242.5
2021-05-20,9.67044975,9.77955226,9.50183678,9.54151042,3706485,35918020.02
2021-05-21,9.51175519,10.12669661,9.50183678,9.82914431,9548103,95140909.94
2021-05-24,9.79938908,10.20604389,9.72996021,10.16637025,9448594,95802009.84
2021-05-25,10.10685979,10.10685979,9.89857318,10.03743092,6447011,64883901.88
2021-05-26,9.99775728,10.14653343,9.89857318,10.04734933,5496001,55450526.69
2021-05-27,9.94816523,10.10685979,9.89857318,9.91841,4959810,49865560.8
2021-05-28,10.00767569,10.0175941,9.70020498,9.72996021,5190800,51337849.0
2021-05-31,9.73987862,9.98783887,9.73987862,9.83906272,4148603,41316291.85
2021-06-01,9.80930749,10.7118828,9.67044975,10.5135146,15760117,164794972.26
2021-06-02,10.40441209,10.75155644,10.33498322,10.56310665,11409052,120774550.84
2021-06-03,10.50359619,10.60278029,10.24571753,10.29530958,6943510,72806604.12
2021-06-04,10.24571753,10.35482004,10.14653343,10.23579912,5185500,53455163.0
2021-06-07,10.23579912,10.64245393,10.14653343,10.62261711,7741122,81595461.1
2021-06-08,10.53335142,10.56310665,10.35482004,10.37465686,5797354,60965179.08
2021-06-09,10.33498322,10.54326983,10.23579912,10.33498322,4367921,45657698.77
2021-06-10,10.34490163,10.73171962,10.34490163,10.7118828,10028299,107136642.38
2021-06-11,10.7317356,10.8012288,10.4537628,10.473618,7389877,78953283.58
2021-06-15,10.572894,11.2777536,10.3842696,10.8409392,10358510,112517095.04
2021-06-16,10.8012288,11.2281156,10.6820976,11.0792016,11714086,129513380.93
2021-06-17,10.969998,11.0891292,10.7515908,10.9799256,7615261,83893892.1
2021-06-18,10.92036,11.3472468,10.6820976,11.2876812,9684379,107620872.85
2021-06-21,11.2082604,12.1712376,11.118912,11.7443508,17080354,200602383.71
2021-06-22,11.7244956,11.9031924,11.367102,11.6947128,10601400,123489072.61
2021-06-23,11.5755816,11.6351472,11.16855,11.2082604,10526993,119747880.92
2021-06-24,11.2082604,11.218188,10.721808,10.8012288,8743000,96413157.16
2021-06-25,10.8012288,10.9501428,10.67217,10.870722,5184529,56541128.89
2021-06-28,10.8806496,10.9997808,10.7813736,10.9302876,3849425,42228003.76
2021-06-29,10.8508668,11.1983328,10.821084,10.9104324,6294128,70032933.36
2021-06-30,10.92036,11.2876812,10.8806496,11.0394912,5739577,64024414.59
2021-07-01,11.0891292,11.118912,10.1559348,10.1658624,11746993,123102801.54
2021-07-02,10.1360796,10.3048488,10.0467312,10.1857176,4105254,42162318.88
2021-07-05,10.2452832,10.4835456,10.126152,10.4636904,5192930,54263779.4
2021-07-06,10.4835456,10.5927492,10.2651384,10.42398,3839248,40251069.64
2021-07-07,10.6126044,10.6126044,10.374342,10.4835456,3649906,38490736.0
2021-07-08,10.4438352,10.4438352,10.1956452,10.3842696,4412590,45848572.59
2021-07-09,10.324704,10.5034008,10.2353556,10.4537628,3756424,39344439.88
2021-07-12,10.4835456,10.7913012,10.4537628,10.7118804,6390723,68560339.58
2021-07-13,10.7118804,11.41674,10.6523148,11.1784776,11582483,129737092.0
2021-07-14,11.069274,11.4365952,10.9799256,11.2876812,10573095,119456179.45
2021-07-15,11.1387672,11.3869572,10.821084,10.9799256,7440503,82832061.18
2021-07-16,10.9997808,11.0494188,10.7317356,10.8111564,5662948,61833616.04
2021-07-19,10.8310116,10.8310116,10.3644144,10.6126044,6456300,68411846.9
2021-07-20,10.5133284,10.7615184,10.4041248,10.7019528,5028803,53553603.22
2021-07-21,10.67217,11.0990568,10.6622424,10.9501428,6882885,75869448.62
2021-07-22,11.019636,11.0394912,10.8310116,10.8806496,4356500,47937191.0
2021-07-23,10.8111564,10.8111564,10.374342,10.4041248,6001100,63633440.0
2021-07-26,10.42398,10.42398,9.8183964,9.9573828,6039000,61061021.5
2021-07-27,9.9673104,10.1559348,9.8183964,9.9375276,5159000,51921906.67
2021-07-28,9.8878896,9.9871656,9.3617268,9.5205684,6284614,60471184.28
2021-07-29,9.5602788,9.7389756,9.5602788,9.7091928,4005603,39037221.25
2021-07-30,9.67941,9.9474552,9.6198444,9.8581068,4603000,45447866.0
2021-08-02,9.8084688,10.1460072,9.729048,10.1162244,5012108,50419355.7
2021-08-03,10.0963692,10.5828216,10.026876,10.3941972,8824610,92561920.2
2021-08-04,10.4438352,10.572894,10.3147764,10.4934732,5664225,59771540.18
2021-08-05,10.4934732,10.572894,10.324704,10.3544868,4252809,44649832.04
2021-08-06,10.42398,10.4537628,10.1559348,10.3048488,3389000,35054456.97
2021-08-09,10.275066,10.3346316,10.1956452,10.275066,3098300,32055638.0
2021-08-10,10.2552108,10.721808,10.126152,10.7019528,6778400,71906467.97
2021-08-11,10.721808,10.969998,10.4934732,10.9302876,8882214,96257080.82
2021-08-12,10.9402152,11.0394912,10.7416632,10.8607944,5156683,56474418.21
2021-08-13,10.771446,10.9302876,10.7019528,10.7416632,3879150,42084299.0
2021-08-16,10.7416632,10.7913012,10.5530388,10.6920252,3096761,33324770.98
2021-08-17,10.6523148,10.7118804,10.1857176,10.225428,4612701,48499393.29
2021-08-18,10.2651384,10.4438352,10.0864416,10.3941972,3692111,38195959.3
2021-08-19,10.374342,10.473618,10.1460072,10.1857176,3096000,32013634.0
2021-08-20,10.17579,10.17579,9.9276,10.076514,2902150,29305149.5
2021-08-23,10.076514,10.5629664,10.076514,10.5530388,4797600,50181067.0
2021-08-24,10.5331836,10.8806496,10.324704,10.6126044,8013459,85257636.67
2021-08-25,10.6026768,10.7515908,10.5530388,10.7019528,6125800,65892285.0
2021-08-26,10.7118804,10.7515908,10.5034008,10.523256,5108969,54630535.48
2021-08-27,10.5331836,10.5331836,10.1857176,10.3644144,4282300,44512820.4
2021-08-30,10.3842696,11.118912,10.3842696,10.7416632,8356359,90818629.8
2021-08-31,10.7515908,10.9600704,10.622532,10.721808,5784303,62680125.6
2021-09-01,10.7118804,11.2082604,10.5530388,11.1387672,13245418,146328908.89
2021-09-02,11.0792016,11.0792016,10.7515908,10.9600704,10525804,115268725.71
2021-09-03,10.9005048,11.16855,10.7813736,10.9005048,10899359,120354632.84
2021-09-06,10.8012288,11.1586224,10.6423872,11.1387672,10541616,116807302.06
2021-09-07,11.0792016,11.1288396,10.9302876,10.9997808,8410000,93254249.35
2021-09-08,10.9997808,12.1712376,10.9799256,11.962758,26282948,307699584.24
2021-09-09,11.6450748,11.66493,11.1884052,11.2281156,17496088,200013235.41
2021-09-10,11.1486948,11.2777536,10.92036,10.9501428,9297600,104345780.0
2021-09-13,10.92036,11.1784776,10.721808,11.069274,7614717,84437568.21
2021-09-14,11.0097084,11.16855,10.6622424,10.6920252,7717300,84675541.67
2021-09-15,10.7118804,12.3797172,10.622532,11.9429028,29183047,343497728.87
2021-09-16,11.9826132,12.5782692,11.863482,11.863482,21410207,261529626.26
2021-09-17,12.1910928,12.3002964,11.565654,11.8932648,13009500,155463820.81
2021-09-22,11.6748576,11.8336992,11.4564504,11.565654,8832300,103225881.0
2021-09-23,11.565654,12.0024684,11.5557264,11.8932648,13217896,157591544.19
2021-09-24,11.7939888,11.813844,11.2281156,11.3869572,10819689,124883956.78
2021-09-27,11.4465228,11.764206,11.0097084,11.1089844,9048550,103373254.62
2021-09-28,11.019636,11.1884052,10.870722,11.1288396,5458084,60678283.84
2021-09-29,10.9898532,11.0394912,10.324704,10.324704,7658000,82328721.0
2021-09-30,10.4339076,10.7118804,10.42398,10.6126044,3962143,42265523.23
2021-10-08,10.8012288,12.7371108,10.622532,12.7371108,27785508,334045558.56
2021-10-11,12.608052,13.3824048,12.3002964,13.0349388,34527040,446297262.5
2021-10-12,12.7867488,13.799364,12.5881968,13.15407,33270727,441138767.14
2021-10-13,13.1838528,13.3129116,12.459138,12.7768212,22047216,282921073.16
2021-10-14,12.8661696,12.8860248,12.1017444,12.806604,17505843,222112424.4
2021-10-15,12.9257352,13.1838528,12.4095,12.5187036,18065700,231095969.0
2021-10-18,12.2705136,12.4988484,12.1215996,12.3995724,12237000,151517866.0
2021-10-19,12.310224,12.310224,11.7939888,12.16131,12877040,156230700.77
2021-10-20,12.0521064,12.3201516,11.91312,12.16131,12417900,151866500.0
2021-10-21,11.9925408,12.012396,11.66493,11.7741336,10906640,129779529.4
2021-10-22,11.7046404,12.2903688,11.6847852,12.1215996,15054107,182469643.71
2021-10-25,12.1513824,12.1513824,11.41674,11.7046404,12527557,146443020.52
2021-10-26,11.6053644,12.012396,11.516016,11.7244956,9524488,112860841.08
2021-10-27,11.5954368,11.6847852,11.0394912,11.218188,10970421,124417682.4
2021-10-28,10.9898532,11.6351472,10.8905772,11.4068124,10684862,121907548.3
2021-10-29,11.3472468,12.3300792,11.218188,12.0024684,14968950,179010585.0
2021-11-01,11.9726856,12.2010204,11.863482,11.962758,10233050,123786308.0
2021-11-02,11.962758,12.0421788,11.4564504,11.5358712,10459528,123683079.39
2021-11-03,11.5457988,12.4889208,11.4961608,12.4293552,20506128,252726911.71
2021-11-04,12.2903688,12.4095,12.1017444,12.3697896,14365511,177353996.75
2021-11-05,12.2903688,12.8463144,12.1811652,12.3797172,22042151,278611757.08
2021-11-08,12.3002964,12.8760972,12.2308032,12.508776,17079948,216380678.16
2021-11-09,12.3896448,12.756966,12.16131,12.7271832,14250880,179825959.84
2021-11-10,12.65769,12.6676176,12.310224,12.6378348,12409749,156615434.37
2021-11-11,12.5187036,12.8363868,12.4194276,12.5484864,15465608,196429751.2
2021-11-12,12.4690656,12.5683416,12.3300792,12.508776,11101710,139272612.92
2021-11-15,12.5385588,13.1441424,12.4293552,13.0349388,19557816,253086072.56
2021-11-16,12.8959524,13.104432,12.608052,12.8959524,14696041,189790272.68
2021-11-17,12.7668936,12.9356628,12.6279072,12.8264592,10002564,128616097.32
2021-11-18,12.8860248,12.8959524,11.91312,11.91312,17165100,212525037.0
2021-11-19,11.8734096,12.1017444,11.8734096,11.8932648,8777100,105954131.51
2021-11-22,11.8535544,12.16131,11.7344232,12.1215996,8196109,99078957.63
2021-11-23,11.9925408,12.3300792,11.6450748,12.2903688,12539932,151400966.92
2021-11-24,12.1712376,12.3300792,12.0024684,12.16131,7661963,93805722.97
2021-11-25,12.0818892,12.5683416,12.0818892,12.359862,9487200,118432953.0
2021-11-26,12.2804412,12.4095,11.9230476,12.0719616,8409033,102416085.63
2021-11-29,11.8932648,12.2010204,11.813844,11.962758,6117400,74228795.85
2021-11-30,11.9528304,12.6874728,11.91312,12.6676176,17612666,221289319.19
2021-12-01,12.6279072,12.8264592,12.459138,12.7271832,13294328,169871081.61
2021-12-02,12.856242,12.856242,12.2208756,12.260586,10796009,135490281.71
2021-12-03,12.3201516,12.756966,12.2903688,12.4293552,9528700,120136987.48
2021-12-06,12.5286312,12.6775452,12.0223236,12.062034,9395809,115697585.99
2021-12-07,12.062034,13.4121876,12.0223236,12.90588,26292588,343043591.27
2021-12-08,12.9952284,13.054794,12.6477624,12.955518,14385600,185922694.0
2021-12-09,13.0250112,13.3824048,12.856242,13.1937804,19061632,251671236.56
2021-12-10,12.9654456,13.1342148,12.756966,12.856242,11362232,147696137.76
2021-12-13,12.806604,13.0945044,12.65769,12.9356628,9594300,124882095.9
2021-12-14,12.7966764,13.3327668,12.6179796,13.2831288,16033386,210976999.37
2021-12-15,13.1242872,13.1838528,12.90588,12.90588,11353361,148909973.28
2021-12-16,12.9356628,13.40226,12.856242,13.2136356,12304237,163204160.84
2021-12-17,13.1639976,13.2334908,12.8860248,12.9158076,10132900,132708887.9
2021-12-20,12.8165316,12.955518,12.4095,12.508776,8391915,106866875.4
2021-12-21,12.508776,12.7371108,12.508776,12.608052,6406200,81269312.0
2021-12-22,12.5385588,13.5710292,12.5385588,13.15407,19182987,255500791.54
2021-12-23,13.1937804,13.352622,12.8860248,12.90588,9173900,120201811.59
2021-12-24,12.9853008,13.104432,12.459138,12.5286312,9041650,115696785.51
2021-12-27,12.5385588,12.5484864,11.714568,11.9429028,14076002,169245641.0
2021-12-28,11.91312,12.6378348,11.91312,12.2308032,10798309,133178665.43
2021-12-29,12.1910928,12.3797172,11.9826132,12.1811652,6660200,81787977.0
2021-12-30,12.1712376,13.302984,12.1215996,13.0945044,23334854,304855478.79
2021-12-31,13.3426944,13.3824048,12.9654456,13.15407,16201359,214336598.52
2022-01-04,13.352622,13.600812,13.1143596,13.40226,15007800,202925324.0
2022-01-05,13.4916084,13.600812,13.203708,13.5313188,16637900,224811170.0
2022-01-06,13.40226,13.4717532,13.0647216,13.2632736,9644700,128616461.0
2022-01-07,13.3426944,13.5611016,12.7271832,12.7371108,11783300,155183200.0
2022-01-10,12.707328,12.8760972,12.310224,12.6676176,8900612,113414516.12
2022-01-11,12.7371108,13.1739252,12.608052,12.707328,8979312,115891518.8
2022-01-12,12.7271832,13.203708,12.5683416,12.9753732,9487203,124393255.18
2022-01-13,13.005156,13.0945044,12.856242,12.856242,7161011,93463628.09
2022-01-14,12.8363868,13.1441424,12.7172556,12.7867488,7834200,101841137.0
2022-01-17,12.8264592,13.6603776,12.7867488,13.5412464,17610177,236705674.62
2022-01-18,13.6901604,14.2758888,13.4121876,13.4816808,28022304,390171282.52
2022-01-19,13.253346,15.4572732,13.203708,14.6531376,37124386,538735804.33
2022-01-20,14.7325584,14.7524136,13.8787848,13.9879884,23933604,340520899.68
2022-01-21,13.9780608,14.2758888,13.7298708,14.0078436,18064459,254759223.49
2022-01-24,14.0773368,14.2758888,13.7100156,13.799364,15444707,217703568.29
2022-01-25,13.5412464,13.7298708,12.5881968,12.608052,18923659,247193045.92
2022-01-26,12.2208756,12.5683416,11.3472468,11.7046404,19635600,235225301.0
2022-01-27,12.5286312,12.90588,11.4365952,11.4564504,16406804,198317804.24
2022-01-28,11.0792016,11.7542784,10.9501428,11.4961608,13002900,148925875.0
2022-02-07,11.7542784,11.7542784,11.3968848,11.5060884,7083000,82464713.0
2022-02-08,11.4266676,12.0521064,11.2876812,12.0322512,11073700,131008574.24
2022-02-09,12.012396,12.3002964,11.8336992,12.1811652,10759000,131468491.0
2022-02-10,12.111672,12.1712376,11.9230476,12.111672,7133900,86665104.0
2022-02-11,12.062034,12.1017444,11.66493,11.6947128,8655500,102985489.0
2022-02-14,11.5954368,11.9528304,11.516016,11.8535544,5837198,69622718.1
2022-02-15,11.91312,12.012396,11.565654,11.7244956,6240800,74025919.0
2022-02-16,11.863482,12.0223236,11.6947128,11.8336992,5633998,67055594.32
2022-02-17,11.714568,11.9329752,11.5755816,11.6550024,6983998,82664808.6
2022-02-18,11.6450748,12.0024684,11.6351472,11.9925408,9153498,109557513.06
2022-02-21,12.0223236,14.39502,12.0223236,14.39502,38206516,519946696.34
2022-02-22,14.8219068,15.2686488,14.295744,14.593572,53391708,787968660.08
2022-02-23,13.9383504,14.5240788,13.9383504,14.3553096,27747884,397085217.2
2022-02-24,14.1766128,14.246106,13.0250112,13.2831288,26684759,365135810.75
2022-02-25,13.4618256,13.6802328,13.1639976,13.2831288,13215500,178114871.0
2022-02-28,13.302984,13.4717532,13.0250112,13.2930564,11520100,153440146.0
2022-03-01,13.2136356,13.5611016,13.1342148,13.3923324,13493612,181807876.0
2022-03-02,13.4618256,13.7695812,13.15407,13.4816808,13580700,185313385.0
2022-03-03,13.6206672,13.6603776,13.253346,13.352622,9431700,127233522.0
2022-03-04,13.3923324,13.7199432,13.1342148,13.203708,12296000,166301566.0
2022-03-07,13.1342148,13.40226,12.9455904,13.2334908,9314127,123954177.0
2022-03-08,13.302984,13.3327668,12.4095,12.7470384,12850256,166958706.0
2022-03-09,12.8760972,12.9853008,11.764206,12.4492104,12811662,159954894.0
2022-03-10,12.6775452,12.8959524,12.459138,12.459138,10499900,134077503.0
2022-03-11,12.4392828,13.2831288,12.2903688,13.2334908,17656000,229137323.0
2022-03-14,13.005156,13.4816808,12.90588,13.0150836,15269400,203627898.0
2022-03-15,12.955518,13.8390744,12.90588,13.3129116,28193147,383012720.0
2022-03-16,13.501536,14.2659612,13.2632736,14.047554,32477306,452208752.0
2022-03-17,13.89864,14.1170472,13.6405224,13.948278,25234112,353016080.0
2022-03-18,13.8291468,14.1369024,13.5611016,13.8688572,16349700,227543464.0
2022-03-21,13.9184952,14.39502,13.7894364,14.0872644,19706800,279578633.52
2022-03-22,13.8787848,14.3751648,13.700088,14.14683,17877900,253033237.0
2022-03-23,14.3354544,14.3354544,13.600812,13.849002,13586615,188710164.05
2022-03-24,13.8192192,13.89864,13.3923324,13.4419704,11932015,162819179.65
2022-03-25,13.6703052,15.189228,13.551174,14.444658,33274428,484720943.26
2022-03-28,14.5042236,14.792124,13.65045,13.7795088,22046906,313784595.68
2022-03-29,13.65045,13.89864,13.2930564,13.352622,14749100,200882915.0
2022-03-30,13.40226,13.6206672,13.104432,13.5908844,9703996,131159487.02
2022-03-31,13.501536,13.7596536,13.3129116,13.6703052,12229808,167134604.4
2022-04-01,13.4816808,13.5213912,12.7371108,12.7768212,16530886,217684377.9
2022-04-06,12.608052,13.5313188,12.4988484,13.2334908,11820800,156658749.18
2022-04-07,13.2136356,13.2831288,12.5683416,12.5683416,8913500,115426349.0
2022-04-08,12.6179796,12.707328,12.0223236,12.1215996,9590000,117986230.0
2022-04-11,12.062034,12.2506584,11.615292,11.863482,8377000,100399369.52
2022-04-12,12.062034,12.2407308,11.714568,12.2407308,8046400,97328474.0
2022-04-13,12.062034,12.111672,11.466378,11.466378,9464300,111861960.6
2022-04-14,11.5855092,11.7046404,11.4465228,11.4564504,6305400,73398417.0
2022-04-15,11.4564504,11.4564504,10.9501428,11.069274,8520768,95371580.4
2022-04-18,11.019636,11.0990568,10.622532,11.069274,5241888,57479817.98
2022-04-19,11.1387672,11.218188,10.92036,11.118912,3900100,43472031.0
2022-04-20,11.118912,11.2876812,10.8409392,10.8905772,5085955,56632737.25
2022-04-21,10.8012288,10.9104324,10.225428,10.324704,6547153,69730074.02
2022-04-22,10.2651384,10.3941972,10.0566588,10.076514,5152900,52980841.0
2022-04-25,9.9077448,9.9077448,9.034116,9.0440436,8162108,77716165.08
2022-04-26,9.0738264,9.2922336,8.8157088,8.8653468,6372100,58373797.0
2022-04-27,8.736288,9.2425956,8.587374,9.232668,7065700,63806564.0
2022-04-28,9.1731024,9.2525232,8.8554192,8.9646228,5503688,50078783.64
2022-04-29,9.133392,9.4411476,9.0936816,9.3418716,6293100,58904573.0
2022-05-05,9.3716544,9.5205684,9.2128128,9.3716544,5037040,47794314.64
2022-05-06,9.1631748,9.5503512,9.034116,9.4610028,6380590,60171675.5
2022-05-09,9.3517992,9.67941,9.3517992,9.5404236,4448200,42751993.0
2022-05-10,9.43122,9.629772,9.3418716,9.6099168,4837500,46495010.0
2022-05-11,9.7091928,9.9573828,9.580134,9.6099168,7774504,76568238.56
2022-05-12,9.5205684,9.7588308,9.480858,9.6496272,5183647,50317312.96
2022-05-13,9.6992652,9.778686,9.530496,9.6992652,4312647,41936300.66
2022-05-16,9.7489032,9.7985412,9.6396996,9.6992652,3905247,38262532.6
2022-05-17,9.7886136,9.7886136,9.331944,9.5602788,5173890,49529027.0
2022-05-18,9.6198444,9.8581068,9.6099168,9.6694824,5851400,57541140.0
2022-05-19,9.5503512,9.629772,9.4510752,9.6099168,4310170,41464601.5
2022-05-20,9.629772,9.778686,9.580134,9.729048,4514000,44015795.0
2022-05-23,9.7985412,9.9871656,9.7886136,9.9673104,5651604,56357015.84
2022-05-24,9.9276,10.0070208,9.2723784,9.282306,7568200,73420168.0
2022-05-25,9.3517992,9.6099168,9.331944,9.5602788,5071300,48645738.0
2022-05-26,9.67941,9.67941,9.3517992,9.5602788,4224100,40482926.0
2022-05-27,9.6198444,9.8680344,9.530496,9.7191204,6322400,61906501.0
2022-05-30,9.7191204,9.7489032,9.5106408,9.6396996,4687500,45301709.0
2022-05-31,9.5503512,9.6992652,9.3915096,9.6992652,4959200,47625282.0
2022-06-01,9.70920896,9.87832428,9.6495212,9.7987406,4948400,48596190.0
2022-06-02,9.78879264,9.86837632,9.58983344,9.86837632,4641100,45425593.0
2022-06-06,9.80868856,10.18671104,9.7987406,10.1469192,6921300,70087232.88
2022-06-07,10.21655492,10.21655492,9.86837632,9.96785592,5495288,55134049.24
2022-06-08,9.96785592,10.10712736,9.77884468,9.9976998,5087300,50848638.0
2022-06-09,9.95790796,9.96785592,9.60972936,9.72910488,4834600,47447139.0
2022-06-10,9.699261,9.85842836,9.67936508,9.7987406,4138712,40748479.76
2022-06-13,9.7490008,9.9976998,9.70920896,9.96785592,4741300,47103823.0
2022-06-14,9.90816816,9.91811612,9.52019772,9.91811612,5728900,56090797.0
2022-06-15,9.94796,10.16681512,9.93801204,9.94796,6436400,64873507.0
2022-06-16,9.92806408,10.2463988,9.92806408,10.16681512,7730400,78925935.0
2022-06-17,10.12702328,10.26629472,9.97780388,10.15686716,5244212,53354155.2
2022-06-20,10.12702328,10.27624268,10.0971794,10.27624268,5310900,54464895.3
2022-06-21,10.20660696,10.45530596,10.1469192,10.40556616,6909200,71584108.0
2022-06-22,10.38567024,10.42546208,10.0971794,10.0971794,6669170,68384483.6
2022-06-23,10.10712736,10.23645084,10.00764776,10.20660696,4678770,47659586.3
2022-06-24,10.20660696,10.31603452,10.16681512,10.27624268,4801780,49431472.2
2022-06-27,10.27624268,10.42546208,10.20660696,10.2961386,4748884,49151570.62
2022-06-28,10.26629472,10.5448376,10.1469192,10.51499372,6367200,66654235.0
2022-06-29,10.53488964,10.58462944,10.33593044,10.35582636,5987600,62921316.98
2022-06-30,10.33593044,10.50504576,10.27624268,10.2961386,4623470,48269658.1
2022-07-01,10.41551412,10.42546208,10.12702328,10.17676308,3809680,39156419.2
2022-07-04,10.20660696,10.2961386,10.1469192,10.26629472,2900700,29825339.0
2022-07-05,10.25634676,10.28619064,9.92806408,10.08723144,5168148,52254595.24
2022-07-06,10.01759572,10.1469192,9.8982202,9.97780388,3642488,36626003.52
2022-07-07,10.00764776,10.08723144,9.8982202,9.93801204,3709942,37153762.18
2022-07-08,10.00764776,10.3458784,9.94796,10.18671104,6339800,65111981.0
2022-07-11,10.17676308,10.22650288,9.90816816,10.0474396,4151700,41890991.0
2022-07-12,10.02754368,10.03749164,9.70920896,9.71915692,4743318,46730272.04
2022-07-13,9.72910488,9.90816816,9.72910488,9.90816816,2619400,25933725.0
2022-07-14,9.83853244,9.95790796,9.7987406,9.7987406,2602100,25834152.0
2022-07-15,9.82858448,9.82858448,9.37097832,9.38092628,4805200,46100937.0
2022-07-18,9.47045792,9.80868856,9.44061404,9.78879264,5188500,50637971.0
2022-07-19,9.75894876,10.08723144,9.7490008,10.08723144,5201600,52146589.0
2022-07-20,10.0971794,10.20660696,10.01759572,10.196659,4211900,42916136.0
2022-07-21,10.196659,10.38567024,10.1469192,10.1469192,4233500,43523273.0
2022-07-22,10.15686716,10.31603452,9.95790796,10.10712736,4016900,40849617.0
2022-07-25,10.11707532,10.23645084,9.98775184,10.07728348,3024700,30672746.0
2022-07-26,10.17676308,10.17676308,10.01759572,10.15686716,2922200,29682817.0
2022-07-27,10.196659,10.2961386,10.11707532,10.22650288,2782445,28545612.65
2022-07-28,10.26629472,10.3458784,10.16681512,10.26629472,4081000,42250320.0
2022-07-29,10.2961386,10.31603452,10.0971794,10.12702328,3346000,34315572.0
2022-08-01,10.12702328,10.33593044,10.01759572,10.28619064,4161484,42848217.52
2022-08-02,10.26629472,10.26629472,9.51024976,9.65946916,7733949,75656445.93
2022-08-03,9.63957324,9.95790796,9.63957324,9.65946916,4844300,47802709.0
2022-08-04,9.66941712,9.92806408,9.66941712,9.92806408,3728300,36922134.8
2022-08-05,9.94796,10.21655492,9.92806408,10.21655492,5066000,51456334.0
2022-08-08,10.21655492,10.28619064,10.13697124,10.25634676,3013300,30927323.0
2022-08-09,10.28619064,10.32598248,10.07728348,10.17676308,3430440,35059966.6
2022-08-10,10.17676308,10.26629472,10.07728348,10.196659,3099600,31759294.32
2022-08-11,10.2961386,10.3956182,10.22650288,10.31603452,5137040,53317913.2
2022-08-12,10.3458784,10.46525392,10.26629472,10.33593044,3982984,41555685.32
2022-08-15,10.3458784,10.3458784,10.1469192,10.196659,3922600,40233472.0
2022-08-16,10.20660696,10.25634676,10.12702328,10.196659,3209584,32813133.64
2022-08-17,10.22650288,10.28619064,10.12702328,10.28619064,3310600,34027028.0
2022-08-18,10.21655492,10.3956182,10.07728348,10.2961386,4218002,43299127.28
2022-08-19,10.36577432,10.5448376,10.2463988,10.2961386,6901706,72366007.46
2022-08-22,10.17676308,10.38567024,10.0971794,10.18671104,4321800,44427583.0
2022-08-23,10.1469192,10.27624268,10.0971794,10.15686716,3767067,38471261.27
2022-08-24,10.1469192,10.27624268,9.88827224,9.88827224,4746161,47734207.81
2022-08-25,9.91811612,9.97780388,9.62962528,9.7490008,4072300,39888510.0
2022-08-26,9.78879264,10.196659,9.78879264,9.96785592,5758200,57979240.0
2022-08-29,9.82858448,9.90816816,9.699261,9.8982202,3233700,31898289.0
2022-08-30,9.91811612,10.23645084,9.86837632,10.07728348,5548870,56273439.01
2022-08-31,10.03749164,10.3458784,9.98775184,10.25634676,9949361,102470291.2
2022-09-01,10.2463988,10.32598248,10.00764776,10.08723144,5975098,60935115.84
2022-09-02,10.08723144,10.32598248,10.02754368,10.32598248,6274098,64654073.3
2022-09-05,10.3458784,10.40556616,10.10712736,10.18671104,5034500,51585484.0
2022-09-06,10.17676308,10.2463988,10.07728348,10.196659,4074000,41571153.0
2022-09-07,10.16681512,10.17676308,9.94796,10.05738756,4427923,44652328.65
2022-09-08,10.03749164,10.0971794,9.87832428,9.92806408,3033700,30336734.0
2022-09-09,9.8982202,10.1469192,9.87832428,10.03749164,3759400,37814303.0
2022-09-13,10.0474396,10.27624268,10.03749164,10.07728348,4778300,48708096.0
2022-09-14,9.9976998,10.02754368,9.7987406,9.94796,4226400,42104201.0
2022-09-15,9.94796,10.0474396,9.66941712,9.83853244,4406200,43619769.02
2022-09-16,9.80868856,9.8982202,9.56993752,9.58983344,4214403,41327173.49
2022-09-19,9.53014568,9.6495212,9.08248748,9.19191504,5576287,51832678.6
2022-09-20,9.201863,9.32123852,9.14217524,9.23170688,2982915,27651574.11
2022-09-21,9.16207116,9.33118648,8.91337216,9.31129056,3789431,34862493.72
2022-09-22,9.22175892,9.3510824,9.16207116,9.19191504,3067700,28577284.0
2022-09-23,9.19191504,9.24165484,8.8536844,8.88352828,3607200,32640109.0
2022-09-26,8.7542048,8.83378848,8.61493336,8.63482928,4575300,40083709.0
2022-09-27,8.63482928,8.953164,8.63482928,8.94321604,3623000,32074717.0
2022-09-28,8.93326808,9.0029038,8.68456908,8.72436092,3171531,28178743.35
2022-09-29,8.78404868,8.87358032,8.59503744,8.66467316,2887384,25359802.56
2022-09-30,8.71441296,8.8039446,8.64477724,8.64477724,2064100,18069623.0
2022-10-10,8.8039446,8.8039446,8.36623436,8.39607824,2626900,22481523.0
2022-10-11,8.39607824,8.54529764,8.31649456,8.52540172,2121100,18023386.0
2022-10-12,8.54529764,8.9034242,8.46571396,8.87358032,3264250,28491058.5
2022-10-13,8.86363236,9.14217524,8.78404868,9.04269564,4112900,37319675.0
2022-10-14,9.0526436,9.3510824,9.02279972,9.28144668,4316700,40132123.91
2022-10-17,9.24165484,9.56993752,9.201863,9.49035384,4279306,40701084.66
2022-10-18,9.51024976,9.5500416,9.3510824,9.42071812,3017466,28585822.38
2022-10-19,9.450562,9.53014568,9.27149872,9.41077016,2740860,25908700.8
2022-10-20,9.4008222,9.60972936,9.31129056,9.5003018,3427800,32703142.0
2022-10-21,9.48040588,9.56993752,9.33118648,9.46050996,2251400,21388142.0
2022-10-24,9.49035384,9.60972936,9.28144668,9.29139464,2988100,28349401.0
2022-10-25,9.29139464,9.44061404,9.1023834,9.17201912,3280400,30397657.0
2022-10-26,9.22175892,9.72910488,9.13222728,9.62962528,5960200,57376604.0
2022-10-27,9.5997814,9.8982202,9.53014568,9.80868856,6468400,63589215.0
2022-10-28,9.82858448,9.83853244,9.46050996,9.5003018,5046650,48924460.5
2022-10-31,9.49035384,9.90816816,9.41077016,9.73905284,6279900,61537734.0
2022-11-01,9.80868856,10.08723144,9.65946916,9.9976998,9392300,93973423.0
2022-11-02,9.8982202,10.12702328,9.8982202,9.93801204,5864200,58899239.0
2022-11-03,9.87832428,9.94796,9.76889672,9.8982202,4160603,41224022.67
2022-11-04,9.91811612,9.98775184,9.78879264,9.92806408,3635500,36121597.0
2022-11-07,9.92806408,10.06733552,9.87832428,9.8982202,3665659,36677259.64
2022-11-08,9.88827224,10.17676308,9.81863652,10.13697124,6072459,61365388.31
2022-11-09,10.13697124,10.13697124,9.91811612,9.97780388,3683800,37057907.23
2022-11-10,9.92806408,10.3458784,9.87832428,10.2463988,7243532,74326466.68
2022-11-11,10.46525392,10.52494168,10.03749164,10.03749164,8234509,84825115.06
2022-11-14,10.02754368,10.445358,9.97780388,10.3458784,8701867,89554131.6
2022-11-15,10.445358,10.5945774,10.27624268,10.45530596,8948980,93907722.33
2022-11-16,10.45530596,10.86317232,10.43541004,10.51499372,10980206,117095657.64
2022-11-17,10.67416108,11.08202744,10.67416108,10.86317232,14917171,162626373.35
2022-11-18,10.86317232,11.03228764,10.5448376,10.61447332,11934432,129499938.24
2022-11-21,10.5945774,10.60452536,10.30608656,10.47520188,7490500,78741344.0
2022-11-22,10.41551412,10.5945774,10.196659,10.26629472,5818200,60579702.0
2022-11-23,10.26629472,10.31603452,9.90816816,9.9976998,6210500,62558541.0
2022-11-24,10.03749164,10.10712736,9.92806408,9.98775184,3459700,34777531.0
2022-11-25,9.95790796,9.9976998,9.81863652,9.87832428,3651000,36312886.0
2022-11-28,9.82858448,9.94796,9.71915692,9.7987406,3874600,38196867.0
2022-11-29,9.76889672,10.15686716,9.76889672,10.1469192,6060728,61042805.51
2022-11-30,10.10712736,10.20660696,10.00764776,10.06733552,4725800,47951306.0
2022-12-01,10.12702328,10.27624268,10.11707532,10.25634676,5134200,52638190.0
2022-12-02,10.36577432,11.26109072,10.27624268,11.0422356,22442242,244497987.78
2022-12-05,11.47994584,13.25068272,11.47994584,12.39515816,54786927,691265307.59
2022-12-06,12.51453368,14.78266856,12.51453368,14.175843,65409572,905596444.87
2022-12-07,14.21563484,14.7727206,13.44964192,14.4742818,51445729,733497233.91
2022-12-08,15.49892168,15.49892168,13.25068272,14.424542,61556140,876598637.92
2022-12-09,14.58370936,14.80256448,13.96693584,14.4742818,43613748,634022688.05
2022-12-12,14.4742818,14.9716798,13.63865316,13.96693584,45062702,640364147.12
2022-12-13,14.84235632,15.5188176,13.20094292,13.20094292,57578440,819282825.21
2022-12-14,12.71349288,12.8826082,11.75848872,11.85796832,46933476,576985150.57
2022-12-15,11.937552,12.6339092,11.84802036,12.2359908,36375336,448507415.19
2022-12-16,12.0867714,12.70354492,12.0867714,12.32552244,25052583,311788938.47
2022-12-19,12.41505408,12.69359696,11.7883326,11.87786424,20397700,248040760.0
2022-12-20,11.8878122,12.20614692,11.5396336,11.66895708,14519359,171048380.83
2022-12-21,11.64906116,11.84802036,11.49984176,11.72864484,12457306,146676139.26
2022-12-22,11.72864484,11.86791628,11.3904142,11.50978972,14026500,163661586.0
2022-12-23,11.5396336,11.8380724,11.43020604,11.65900912,11739640,137383852.2
2022-12-26,11.5396336,11.688853,11.36057032,11.41031012,10418600,120117959.0
2022-12-27,11.440154,11.4898938,10.92286008,11.16161112,15093030,169143345.95
2022-12-28,11.08202744,11.2909346,10.90296416,11.00244376,10269300,114045569.0
2022-12-29,10.96265192,11.191455,10.86317232,11.10192336,8399910,93684394.7
2022-12-30,11.16161112,11.3406744,11.00244376,11.03228764,11546600,129384164.0
2023-01-03,11.03228764,11.4898938,10.97259988,11.440154,12940410,147349718.5
2023-01-04,11.38046624,11.55952952,11.25114276,11.4898938,11117500,127573068.0
2023-01-05,11.4898938,11.4898938,11.1417152,11.32077848,10321200,116902799.0
2023-01-06,11.2411948,11.30088256,11.05218356,11.0919754,8705315,97708511.6
2023-01-09,11.10192336,11.31083052,11.10192336,11.16161112,5597100,62954202.0
2023-01-10,11.23124684,11.23124684,10.942756,11.0919754,5449300,60635451.08
2023-01-11,11.10192336,11.18150704,10.83332844,10.83332844,6458700,71329129.0
2023-01-12,10.7935366,11.02233968,10.71395292,10.77364068,5739300,62486686.0
2023-01-13,10.82338048,10.85322436,10.60452536,10.71395292,5501500,59113391.0
2023-01-16,10.68410904,10.91291212,10.67416108,10.78358864,5382400,58627346.0
2023-01-17,10.8432764,10.90296416,10.55478556,10.58462944,5690938,61132134.56
2023-01-18,10.62442128,10.81343252,10.58462944,10.7437968,5201900,56150287.0
2023-01-19,10.7437968,10.98254784,10.67416108,10.86317232,7376500,80595857.0
2023-01-20,10.87312028,11.08202744,10.85322436,10.97259988,7501500,82623176.0
2023-01-30,11.05218356,11.40036216,11.05218356,11.36057032,13211500,149740071.52
2023-01-31,11.2909346,11.36057032,11.17155908,11.28098664,9008094,101736402.2
2023-02-01,11.28098664,11.65900912,11.2411948,11.61921728,13445538,155145103.28
2023-02-02,11.7385928,11.75848872,11.51973768,11.57942544,11459026,133893181.6
2023-02-03,11.7883326,11.7883326,11.51973768,11.71869688,13081800,153671456.0
2023-02-06,11.59932136,11.85796832,11.56947748,11.72864484,10325400,121513986.0
2023-02-07,11.65900912,11.86791628,11.57942544,11.86791628,12296400,144926138.0
2023-02-08,12.0370316,12.22604284,11.4898938,11.55952952,20185636,236841218.54
2023-02-09,11.46004992,11.81817648,11.42025808,11.80822852,10822200,126740603.0
2023-02-10,11.75848872,12.05692752,11.69880096,11.82812444,11000300,131446835.0
2023-02-13,11.82812444,11.86791628,11.59932136,11.688853,9801515,115164566.05
2023-02-14,11.72864484,11.79828056,11.55952952,11.61921728,6807200,79660883.0
2023-02-15,11.62916524,11.99723976,11.60926932,11.9872918,15670970,186701377.8
2023-02-16,12.62396124,14.38475016,12.62396124,14.38475016,73165915,1015825692.18
2023-02-17,13.927144,14.61355324,12.95224392,13.14125516,66141256,905497487.76
2023-02-20,13.14125516,13.64860112,12.8826082,13.55906948,49290497,660800106.97
2023-02-21,13.5292256,14.68318896,13.32031844,14.18579096,55362852,782006973.86
2023-02-22,13.8276644,13.96693584,13.1313072,13.58891336,34620799,469318247.78
2023-02-23,13.3302664,13.37005824,12.79307656,12.85276432,30447094,399393150.54
2023-02-24,13.0815674,13.22083884,12.87266024,12.94229596,18952364,248123875.98
2023-02-27,12.62396124,12.7831286,12.27578264,12.32552244,21128605,265337111.83
2023-02-28,12.4846898,12.6339092,12.30562652,12.50458572,13790433,172741778.25
2023-03-01,12.43495,13.2307868,12.40510612,13.17109904,29314134,381040243.5
2023-03-02,12.9820878,14.15594708,12.94229596,13.8276644,40283611,553660211.88
2023-03-03,13.5292256,13.79782052,13.32031844,13.64860112,25491278,347743820.78
2023-03-06,13.6287052,13.6287052,13.24073476,13.36011028,13938524,187023832.64
2023-03-07,13.2805266,13.37005824,12.7333888,12.77318064,15844050,206945472.76
2023-03-08,12.84281636,13.1313072,12.74333676,13.02187964,11708700,152242478.0
2023-03-09,12.94229596,13.22083884,12.62396124,13.12135924,14509472,188922217.2
2023-03-10,12.96219188,13.56901744,12.95224392,13.24073476,20427500,272916997.66
2023-03-13,13.0815674,13.678445,12.94229596,13.64860112,23927499,322937171.35
2023-03-14,13.4794858,14.1261032,13.40985008,13.4794858,25015146,344246917.81
2023-03-15,13.61875724,13.7779246,13.2307868,13.3302664,17898381,241642669.55
2023-03-16,13.2805266,13.79782052,13.09151536,13.3302664,22273273,301177257.02
2023-03-17,13.21089088,13.69834092,13.181047,13.55906948,25024961,338723210.74
2023-03-20,13.5789654,13.80776848,13.11141128,13.14125516,20611978,278093687.09
2023-03-21,13.31037048,14.10620728,13.24073476,14.05646748,32687518,454132454.95
2023-03-22,14.05646748,14.424542,13.88735216,14.34495832,32943267,468272188.03
2023-03-23,14.424542,14.69313692,14.08631136,14.18579096,26536199,380781395.62
2023-03-24,15.08110736,15.49892168,14.4742818,14.7229808,40303030,602857334.93
2023-03-27,14.78266856,14.92194,14.11615524,14.43448996,31120188,453561082.1
2023-03-28,14.1261032,14.30516648,13.78787256,13.90724808,18866090,266537084.12
2023-03-29,13.90724808,14.45438588,13.90724808,14.0763634,18526999,264334434.88
2023-03-30,13.96693584,14.05646748,13.26063068,13.27057864,22193489,303195676.53
2023-03-31,13.39990212,14.09625932,13.25068272,14.0266236,18465201,254525788.32
2023-04-03,14.0763634,14.54391752,14.00672768,14.50412568,20652933,296834980.59
2023-04-04,14.3250624,14.76277264,14.30516648,14.424542,18351159,268115849.85
2023-04-06,14.175843,14.65334508,14.0266236,14.3250624,16175511,233404692.16
2023-04-07,14.3250624,17.19007488,14.08631136,17.19007488,62929702,1021838000.89
2023-04-10,17.58799328,18.48330968,16.82200036,16.88168812,61755688,1098592261.18
2023-04-11,16.89163608,17.8565882,16.07590336,17.73721268,47218763,814327748.56
2023-04-12,17.72726472,18.49325764,17.52830552,17.77700452,51551309,933026871.62
2023-04-13,17.79690044,18.7021648,17.03090752,18.1052872,47738318,855779632.65
2023-04-14,17.78695248,17.78695248,16.80210444,17.20002284,30038137,522625972.65
2023-04-17,17.10054324,17.2099708,16.54345748,16.79215648,17765819,300591996.76
2023-04-18,16.85184424,16.97121976,16.165435,16.55340544,15307300,255204072.0
2023-04-19,16.43402992,17.0607514,16.32460236,16.38429012,19362900,324952068.0
2023-04-20,16.17538296,16.6130932,16.04605948,16.5633534,16488211,271993857.5
2023-04-21,16.67278096,17.44872184,16.3146544,17.0110116,31862508,544479397.41
2023-04-24,16.82200036,18.08539128,16.52356156,17.8565882,30979475,546477019.84
2023-04-25,17.8068484,17.8068484,14.28527056,14.28527056,57355668,873084373.95
2023-04-26,14.7727206,15.64814108,14.34495832,14.83240836,39886249,599158111.86
2023-04-27,14.44443792,14.55386548,13.429746,13.61875724,33490249,467134911.09
2023-04-28,13.5292256,14.99157572,13.49938172,14.7727206,33344300,483991255.56
2023-05-04,14.84235632,15.0711594,14.18579096,14.94183592,25311895,371133927.3
2023-05-05,14.73292876,17.76705656,14.66329304,17.20002284,52638213,861590071.95
2023-05-08,17.3094504,20.642017,16.93142792,20.642017,59704161,1119014112.52
2023-05-09,20.65196496,21.45774972,19.37862608,19.70690876,73952897,1506751589.16
2023-05-10,19.7467006,22.880308,19.7467006,20.65196496,71812197,1533788188.71
2023-05-11,20.67186088,21.22894664,19.37862608,19.90586796,47126425,955649984.35
2023-05-12,19.40846996,20.51269352,18.96081176,19.0006036,39447760,780493819.69
2023-05-15,20.98024764,22.77088044,20.23415064,21.10957112,61596817,1319619011.26
2023-05-16,21.46769768,23.71593664,20.890716,21.5870732,64310160,1438861705.1
2023-05-17,20.68180884,25.6657368,20.68180884,25.0688592,77204502,1843612112.88
2023-05-18,24.88979592,25.1683388,23.0792672,24.4222418,59063484,1438452001.83
2023-05-19,24.49187752,25.5662572,23.40754988,25.32750616,62442266,1542995211.74
2023-05-22,24.621201,24.621201,21.01009152,21.67660484,57581032,1297236977.8
2023-05-23,21.15931092,22.880308,20.21425472,21.9849916,49771573,1075714061.62
2023-05-24,21.25879052,21.9849916,20.5425374,20.7912364,39172156,835516916.2
2023-05-25,20.81113232,21.06977928,18.7519046,19.4482618,46883878,926195382.91
2023-05-26,19.1995628,21.56717728,18.9508638,21.22894664,48396049,988013550.3
2023-05-29,22.87036004,25.118599,22.55202532,23.50702948,64788832,1540353004.84
2023-05-30,21.99493956,23.15885088,21.54728136,22.70124472,49865872,1124947849.06
2023-05-31,22.7310886,23.51697744,22.0347314,22.47244164,43011282,977434187.83
2023-06-01,21.885512,24.8699,21.6865528,24.05416728,61490885,1457068282.6
2023-06-02,23.89499992,25.6657368,23.5766652,24.08401116,59109793,1457443437.35
2023-06-05,24.38244996,24.68088876,23.4771856,23.74578052,34004700,814392379.0
2023-06-06,23.1787468,24.0243234,21.57712524,21.76613648,44923198,1018977286.03
2023-06-07,21.24884256,25.65578884,21.24884256,24.66099284,66700175,1608485237.58
2023-06-08,23.9745836,26.04375928,22.7310886,24.9693796,71537419,1751951636.04
2023-06-09,25.1683388,25.85474804,23.875104,24.79031632,47256859,1176063047.85
2023-06-12,24.9693796,25.0688592,23.59656112,24.05416728,36268575,881245293.37
2023-06-13,23.86515604,24.75052448,23.3279662,24.24317852,35874576,870998027.93
2023-06-14,23.78557236,24.46203364,23.19864272,23.875104,30696245,735158366.1
2023-06-15,24.123803,24.7206806,22.8305682,22.85046412,32871306,781612443.77
2023-06-16,22.49233756,23.91489584,22.04467936,23.58661316,34315088,804827607.59
2023-06-19,23.39760192,24.71073264,23.24838252,24.21333464,42365771,1026961146.66
2023-06-20,24.0740632,25.25787044,23.66619684,24.9693796,44781759,1104509722.86
2023-06-21,24.66099284,24.85000408,22.9300478,22.9300478,32537606,773115309.36
2023-06-26,22.1839508,22.46249368,20.0451394,20.36347412,27907145,593834559.2
2023-06-27,20.36347412,20.77134048,20.144619,20.27394248,18955783,389672212.13
2023-06-28,19.95560776,20.15456696,18.403726,19.0503434,26950959,515279723.79
2023-06-29,19.12992708,19.53779344,18.86133216,19.25925056,17499500,338203433.75
2023-06-30,19.1995628,19.41841792,18.78174848,19.27914648,16209221,311617215.68
2023-07-03,19.21945872,21.139415,18.23461068,20.890716,36355717,717788145.5
2023-07-04,20.40326596,20.77134048,20.1943588,20.393318,22759826,468055343.26
2023-07-05,20.2938384,21.04988336,19.80638836,19.81633632,18755621,384704724.3
2023-07-06,19.5477414,20.23415064,19.23935464,19.61737712,13929852,277884545.35
2023-07-07,19.48805364,19.5974812,18.68226888,18.81159236,14670700,280442140.79
2023-07-10,18.82154032,19.01055156,18.6026852,18.6026852,9859100,186000550.6
2023-07-11,18.46341376,18.82154032,18.23461068,18.53304948,10289900,191873414.82
2023-07-12,18.54299744,18.68226888,17.37908612,17.40893,20861600,371696846.0
2023-07-13,17.64768104,17.77700452,17.20002284,17.71731676,14593301,257119525.32
2023-07-14,17.71731676,18.72206072,17.64768104,18.3042464,21828606,402402778.84
2023-07-17,18.13513108,18.46341376,17.81679636,17.906328,11353106,206204066.84
2023-07-18,18.17492292,18.19481884,17.59794124,17.76705656,9074200,162554319.0
2023-07-19,17.7571086,18.0058076,17.47856572,17.5084096,8778107,156762177.68
2023-07-20,17.47856572,17.8068484,17.33929428,17.33929428,8756900,154177356.0
2023-07-21,17.17017896,17.64768104,17.0607514,17.53825348,8354978,146487600.46
2023-07-24,17.36913816,18.14507904,17.21991876,18.03565148,14290619,257403097.05
2023-07-25,18.1052872,18.69221684,17.92622392,18.2545066,15778821,290119216.36
2023-07-26,18.17492292,18.26445456,17.56809736,17.63773308,10516800,188366438.0
2023-07-27,17.53825348,17.78695248,16.97121976,17.05080344,11366600,197664671.0
2023-07-28,16.9612718,17.1104912,16.64293708,16.83194832,9956200,168721430.0
2023-07-31,16.85184424,17.27960652,16.70262484,17.04085548,7880500,134666368.0
2023-08-01,16.9612718,16.9612718,16.32460236,16.72252076,10076300,168223861.0
2023-08-02,16.6130932,16.80210444,16.47382176,16.64293708,5981301,100049689.67
2023-08-03,16.48376972,16.79215648,16.47382176,16.58324932,4680900,78256533.0
2023-08-04,16.63298912,17.28955448,16.60314524,17.160231,12211763,209901309.49
2023-08-07,17.160231,17.34924224,16.97121976,17.2099708,7960362,137517506.08
2023-08-08,17.2099708,17.37908612,16.9612718,17.02095956,7955200,137322802.0
2023-08-09,16.99111568,17.38903408,16.87174016,17.18012692,10607100,183272538.0
2023-08-10,17.18012692,17.5581494,16.8120524,16.8617922,10301000,177266739.0
2023-08-11,16.88168812,17.23981468,16.70262484,16.70262484,10850500,185475810.0
2023-08-14,16.53350952,17.13038712,16.3146544,17.10054324,10184200,172560158.0
2023-08-15,17.1104912,17.17017896,16.64293708,16.75236464,8164600,138442946.6
2023-08-16,16.68272892,16.7623126,16.22512276,16.24501868,7807593,129049403.41
2023-08-17,16.13559112,16.662833,16.04605948,16.60314524,7781900,128872557.0
2023-08-18,16.6130932,16.7125728,15.916736,15.916736,8712500,142346057.0
2023-08-21,15.89684008,16.45392584,15.87694416,15.93663192,6630299,107557015.79
2023-08-22,15.97642376,16.49371768,15.94657988,16.48376972,9978100,162856885.79
2023-08-23,16.3146544,16.7623126,16.08585132,16.25496664,9696300,160083533.0
2023-08-24,16.37434216,16.45392584,15.88689212,16.02616356,9706700,157488935.0
2023-08-25,16.04605948,16.04605948,15.29001452,15.40939004,10013107,156811739.87
2023-08-28,16.5136136,16.5136136,15.45912984,15.48897372,10842703,173524677.89
2023-08-29,15.5188176,16.35444624,15.40939004,16.23507072,11927500,192917870.0
2023-08-30,16.10574724,17.0110116,16.10574724,16.89163608,15587500,260988423.0
2023-08-31,16.75236464,16.79215648,16.52356156,16.55340544,8999600,150404635.0
2023-09-01,16.59319728,16.67278096,16.12564316,16.24501868,7567400,124300251.0
2023-09-04,16.3643942,16.6130932,16.13559112,16.6130932,6695200,110371417.0
2023-09-05,16.52356156,16.58324932,16.22512276,16.30470644,6101141,100333058.55
2023-09-06,16.19527888,16.2151748,15.83715232,16.08585132,6282312,101518820.46
2023-09-07,16.0659554,16.34449828,15.84710028,15.87694416,7440100,120173986.0
2023-09-08,15.82720436,15.97642376,15.4690778,15.60834924,7420200,116531246.0
2023-09-11,15.64814108,16.10574724,15.52876556,16.00626764,7403122,117846504.36
2023-09-12,16.0162156,16.04605948,15.7177768,15.7675166,5687422,90654110.48
2023-09-13,15.7177768,15.72772476,15.03136756,15.170639,8875421,136020507.52
2023-09-14,15.21043084,15.29996248,15.05126348,15.18058696,5994600,91458087.0
2023-09-15,15.16069104,15.20048288,14.90204408,14.95178388,6717300,101480925.0
2023-09-18,14.83240836,15.21043084,14.79261652,14.9716798,5866899,88654160.91
2023-09-19,14.99157572,15.0711594,14.55386548,14.56381344,6379268,94161748.92
2023-09-20,14.60360528,14.84235632,14.45438588,14.4742818,5242900,77258667.0
2023-09-21,14.44443792,14.75282468,14.3748022,14.49417772,4943221,72306512.98
2023-09-22,14.5240216,15.20048288,14.44443792,15.15074308,9667000,144999715.0
2023-09-25,15.10100328,15.15074308,14.71303284,14.81251244,6635858,99057748.04
2023-09-26,14.75282468,15.170639,14.71303284,15.01147164,7317500,110406564.0
2023-09-27,14.95178388,15.35965024,14.95178388,15.19053492,7716100,117825862.0
2023-09-28,15.19053492,15.57850536,15.1208992,15.4690778,6804321,105609716.39
2023-10-09,15.4690778,15.50886964,15.23032676,15.3695982,6165400,95127926.04
2023-10-10,15.39944208,15.58845332,15.39944208,15.49892168,5757100,89690829.72
2023-10-11,15.5685574,15.9664758,15.33975432,15.8172564,9711200,154094486.0
2023-10-12,16.20522684,16.32460236,15.6182972,15.62824516,11210358,178906587.14
2023-10-13,15.5188176,15.90678804,15.42928596,15.54866148,7586600,119232381.0
2023-10-16,15.50886964,15.55860944,15.05126348,15.21043084,6748300,103306918.0
2023-10-17,15.19053492,15.35965024,14.91199204,15.10100328,5124400,77780422.0
2023-10-18,15.09105532,15.1208992,14.56381344,14.76277264,5623444,83371060.45
2023-10-19,14.68318896,15.01147164,14.5240216,14.5240216,6046723,89645263.93
2023-10-20,14.5240216,14.76277264,14.00672768,14.0266236,6747100,96779801.0
2023-10-23,14.05646748,14.14599912,13.50932968,13.56901744,6839109,94570732.19
2023-10-24,13.69834092,14.10620728,13.5292256,14.00672768,6388200,89313783.0
2023-10-25,14.00672768,14.424542,13.99677972,14.16589504,5816600,83086985.0
2023-10-26,14.2753226,14.70308488,14.11615524,14.38475016,10542400,152108825.0
2023-10-27,14.25542668,14.40464608,13.927144,14.31511444,8073500,114892326.0
2023-10-30,14.28527056,15.170639,14.28527056,14.89209612,10469300,155371625.42
2023-10-31,14.91199204,15.3198584,14.7229808,14.92194,10551300,159616184.0
2023-11-01,14.80256448,15.21043084,14.7229808,14.83240836,7329200,110125428.0
2023-11-02,14.84235632,15.11095124,14.7727206,14.85230428,7508300,112864696.0
2023-11-03,14.89209612,15.19053492,14.7727206,15.0711594,8472358,127754563.8
2023-11-06,15.11095124,15.79736048,15.09105532,15.54866148,11330467,176277427.23
2023-11-07,15.54866148,15.75756864,15.419338,15.73767272,9574421,150143286.33
2023-11-08,15.64814108,16.15548704,15.6182972,15.95652784,13037000,208991317.88
2023-11-09,15.94657988,17.46861776,15.916736,16.73246872,36109027,606917240.78
2023-11-10,16.57330136,16.7125728,15.89684008,15.97642376,23260100,376105023.42
2023-11-13,16.04605948,16.414134,16.03611152,16.30470644,15697014,256423019.48
2023-11-14,16.30470644,16.44397788,16.15548704,16.3643942,12629000,206851535.0
2023-11-15,16.39423808,16.4638738,16.04605948,16.09579928,11038558,179469971.02
2023-11-16,15.97642376,16.3643942,15.97642376,16.02616356,9199083,149612559.53
2023-11-17,16.00626764,16.18533092,15.916736,16.04605948,6489100,104445611.0
2023-11-20,16.05600744,16.42408196,16.0162156,16.34449828,10053200,164456443.0
2023-11-21,19.61737712,19.61737712,19.61737712,19.61737712,14591511,287744596.92
2023-11-22,19.90586796,21.70644872,19.6969608,20.68180884,82019202,1713352235.12
2023-11-23,18.93096788,19.57758528,17.98591168,18.18487088,58334834,1094106046.65
2023-11-24,17.8068484,18.42362192,17.46861776,17.6078892,33308500,594767564.48
2023-11-27,17.81679636,18.27440252,17.33929428,18.02570352,33670100,606188569.14
2023-11-28,17.7073688,18.13513108,17.2099708,17.78695248,22657250,402096999.83
2023-11-29,17.72726472,18.04559944,17.38903408,17.46861776,16567100,294139147.0
2023-11-30,17.4586698,17.59794124,16.98116772,17.23981468,15715413,272193744.3
2023-12-01,17.21991876,18.92101992,17.21991876,18.88122808,37697500,687860808.0
2023-12-04,18.652425,18.98070768,18.39377804,18.49325764,25836700,482596527.0
2023-12-05,18.48330968,18.48330968,17.56809736,17.6078892,19603656,353307720.56
2023-12-06,17.6078892,18.07544332,17.23981468,17.8068484,16978600,301631677.44
2023-12-07,17.8068484,18.27440252,17.64768104,18.08539128,20971400,379494593.0
2023-12-08,17.91627596,18.48330968,17.64768104,18.26445456,22487700,408585337.0
2023-12-11,18.0555474,18.23461068,17.58799328,18.2047668,18973800,341222100.0
2023-12-12,18.2047668,18.8513842,18.04559944,18.81159236,27640811,517660617.6
2023-12-13,18.68226888,18.68226888,18.04559944,18.08539128,17983921,331728899.19
2023-12-14,18.23461068,18.46341376,17.4586698,17.49846164,17377800,311807552.0
2023-12-15,17.56809736,17.7571086,17.160231,17.657629,11518000,202872193.0
2023-12-18,17.52830552,18.02570352,17.48851368,17.7571086,8859900,157903844.0
2023-12-19,17.7571086,17.87648412,17.23981468,17.43877388,9623500,169448052.0
2023-12-20,17.4586698,17.56809736,16.97121976,17.00106364,9628300,166099339.0
2023-12-21,16.87174016,17.27960652,16.79215648,17.19007488,7668200,131480276.0
2023-12-22,17.1104912,17.23981468,16.13559112,16.24501868,12884120,214667567.6
2023-12-25,16.3146544,16.53350952,15.95652784,16.3643942,6273400,102587202.0
2023-12-26,16.5136136,16.55340544,15.58845332,15.668037,8599600,137344505.0
2023-12-27,15.67798496,15.93663192,15.48897372,15.668037,6547775,103006881.5
2023-12-28,15.60834924,15.99631968,15.2203788,15.85704824,7347556,116163854.52
2023-12-29,15.85704824,16.414134,15.83715232,16.3643942,8083500,132023301.0
2024-01-02,16.35444624,16.57330136,16.13559112,16.13559112,5913600,96846982.0
2024-01-03,16.12564316,16.40418604,16.02616356,16.2649146,5760900,93899574.0
2024-01-04,16.17538296,16.25496664,15.87694416,15.9664758,4995900,80386236.0
2024-01-05,16.0162156,16.05600744,15.33975432,15.419338,8999600,141535956.0
2024-01-08,15.5188176,15.5685574,14.7229808,14.8224604,10172400,154344651.0
2024-01-09,14.8722002,15.25022268,14.7229808,14.83240836,8323948,124996134.4
2024-01-10,14.74287672,14.74287672,14.30516648,14.35490628,7907100,114952746.0
2024-01-11,14.3250624,14.90204408,14.3250624,14.86225224,8180500,120727357.0
2024-01-12,14.84235632,14.88214816,14.5240216,14.53396956,5211500,76877521.0
2024-01-15,14.46433384,14.73292876,14.46433384,14.60360528,5086700,74663129.0
2024-01-16,14.5737614,14.65334508,14.15594708,14.48422976,6571600,94739548.0
2024-01-17,14.5240216,14.53396956,14.03657156,14.04651952,4925300,70757042.0
2024-01-18,14.0266236,14.19573892,13.56901744,14.0266236,7706948,107081536.32
2024-01-19,13.9768838,14.15594708,13.70828888,13.73813276,5518600,77221706.0
2024-01-22,13.75802868,13.83761236,12.5344296,12.77318064,9087421,120220015.91
2024-01-23,12.8328684,13.02187964,12.6339092,12.932348,8413800,108680153.0
2024-01-24,12.97213984,13.2307868,12.57422144,13.17109904,9272200,120317406.0
2024-01-25,13.20094292,13.74808072,12.9820878,13.70828888,9435800,127818686.0
2024-01-26,13.69834092,14.21563484,13.68839296,13.75802868,10444600,146194150.0
2024-01-29,13.76797664,13.91719604,13.16115108,13.16115108,8348400,112391591.0
2024-01-30,13.26063068,13.34021436,12.75328472,12.77318064,6007600,78815531.0
2024-01-31,12.84281636,12.87266024,11.82812444,11.86791628,9566389,117858561.05
2024-02-01,11.82812444,12.1365112,11.46999788,11.75848872,8008305,94944258.5
2024-02-02,11.8878122,12.20614692,10.72390088,11.17155908,9627400,110517112.0
2024-02-05,10.95270396,11.05218356,9.450562,9.68931304,14522400,146364258.0
2024-02-06,9.4008222,10.42546208,8.91337216,10.13697124,14754832,143852315.52
2024-02-07,10.21655492,10.41551412,9.67936508,9.7987406,13503515,136424838.13
2024-02-08,9.93801204,11.1417152,9.86837632,10.98254784,16066964,168487394.32
2024-02-19,11.31083052,11.7883326,11.191455,11.688853,17211574,199548975.12
2024-02-20,12.67370104,13.21089088,12.1365112,12.3354704,24636900,312318455.59
2024-02-21,12.00718772,12.51453368,11.8878122,12.16635508,20259700,248518697.0
2024-02-22,12.11661528,12.61401328,12.05692752,12.60406532,15668968,196201314.36
2024-02-23,12.72344084,13.25068272,12.4846898,13.181047,18836500,244823414.04
2024-02-26,13.2307868,13.5292256,12.95224392,13.22083884,17239604,229267201.8
2024-02-27,13.07161944,13.84756032,13.01193168,13.84756032,16488700,222813707.0
2024-02-28,13.85750828,14.10620728,12.30562652,12.43495,22206906,298646178.78
2024-02-29,12.29567856,13.181047,12.29567856,13.181047,14178786,184524075.0
2024-03-01,13.16115108,13.678445,13.15120312,13.678445,14130102,191515088.32
2024-03-04,14.03657156,14.61355324,13.75802868,14.44443792,25764500,368634704.0
2024-03-05,14.16589504,14.16589504,13.58891336,13.7779246,20188800,281300581.0
2024-03-06,13.76797664,14.0763634,13.49938172,13.90724808,12635425,175518181.75
2024-03-07,14.175843,14.19573892,13.38995416,13.39990212,12650125,175621868.0
2024-03-08,13.37005824,13.78787256,13.3302664,13.69834092,9651900,131606478.0
2024-03-11,13.50932968,14.36485424,13.3800062,14.00672768,13409921,186771565.21
2024-03-12,13.927144,14.23553076,13.85750828,14.2255828,14596400,206923279.0
2024-03-13,14.23553076,14.80256448,14.16589504,14.424542,21172321,307384450.16
2024-03-14,14.45438588,14.56381344,13.7281848,14.0266236,15219700,215901582.0
2024-03-15,13.927144,14.03657156,13.63865316,14.0266236,12087300,167892359.0
2024-03-18,14.75282468,16.83194832,14.75282468,16.43402992,61321994,992252719.76
2024-03-19,15.90678804,16.3146544,15.62824516,16.09579928,43942244,706379240.05
2024-03-20,15.8669962,17.48851368,15.77746456,16.8617922,50993892,856500459.37
2024-03-21,16.79215648,16.79215648,16.28481052,16.37434216,30066944,498114570.92
2024-03-22,16.2649146,16.35444624,15.62824516,15.78741252,24574552,392701397.49
2024-03-25,15.90678804,16.07590336,15.25022268,15.32980636,18783620,297387350.83
2024-03-26,15.15074308,15.40939004,14.66329304,14.95178388,16203786,244003445.74
2024-03-27,14.90204408,15.01147164,14.03657156,14.11615524,14050983,203988811.19
2024-03-28,14.34495832,14.91199204,14.175843,14.63344916,14286631,209738096.02
2024-03-29,14.5240216,14.71303284,14.24547872,14.70308488,10712500,156433593.0
2024-04-01,14.70308488,15.2701186,14.6235012,15.20048288,14952523,225556789.31
2024-04-02,15.05126348,15.06121144,14.54391752,14.70308488,12329300,182931336.0
2024-04-03,14.673241,14.673241,13.95698788,14.06641544,10712700,152840463.0
2024-04-08,13.927144,13.95698788,13.2805266,13.31037048,10604200,144778766.0
2024-04-09,13.30042252,13.5789654,13.16115108,13.51927764,7246700,97636921.0
2024-04-10,13.44964192,13.4794858,12.75328472,12.96219188,8818848,115561562.32
2024-04-11,12.84281636,13.2307868,12.84281636,12.97213984,6470000,85151252.0
2024-04-12,13.0815674,13.21089088,12.80302452,12.81297248,5747706,75162951.96
2024-04-15,12.6339092,12.92240004,12.02708364,12.3852102,8707723,108600529.07
2024-04-16,12.20614692,12.34541836,11.21135092,11.25114276,11433946,132954376.14
2024-04-17,11.71869688,12.19619896,11.6391132,12.19619896,10082771,121640482.88
2024-04-18,12.2359908,12.46479388,11.91765608,12.12656324,8865181,108713984.68
2024-04-19,12.10666732,12.20614692,11.79828056,11.92760404,6389900,76891574.48
2024-04-22,11.7385928,12.06687548,11.47994584,11.92760404,5526200,65686830.0
2024-04-23,12.0370316,12.26583468,11.94749996,12.09671936,6624600,80641265.0
2024-04-24,11.62916524,12.37526224,11.62916524,12.37526224,11008163,133986754.9
2024-04-25,12.3852102,12.60406532,12.186251,12.36531428,8896400,110889918.0
2024-04-26,12.31557448,12.80302452,12.30562652,12.7333888,9617958,122052396.66
2024-04-29,12.66375308,13.2805266,12.64385716,13.27057864,9172100,121045402.0
2024-04-30,13.2307868,13.41979804,12.99203576,13.29047456,8477788,112531246.64
2024-05-06,13.45958988,13.58891336,13.17109904,13.22083884,8494200,113559547.0
2024-05-07,13.21089088,13.35016232,13.06167148,13.16115108,6410500,84973004.0
2024-05-08,13.12135924,13.16115108,12.74333676,12.8328684,6707000,86848222.0
2024-05-09,12.84281636,13.5789654,12.84281636,13.31037048,12450088,165941062.17
2024-05-10,13.34021436,13.41979804,12.81297248,12.87266024,8323588,108651347.24
2024-05-13,12.79307656,12.81297248,12.29567856,12.3354704,7899300,98991937.0
2024-05-14,12.51453368,12.71349288,12.34541836,12.51453368,5231500,65868182.0
2024-05-15,12.4846898,12.57422144,12.22604284,12.2359908,4102200,51004149.0
2024-05-16,12.2857306,12.54437756,12.26583468,12.37526224,4254700,53165785.0
2024-05-17,12.3354704,12.56427348,12.25588672,12.54437756,4837200,60597805.0
2024-05-20,12.47474184,12.66375308,12.36531428,12.43495,5519600,69346066.0
2024-05-21,12.39515816,12.46479388,12.186251,12.22604284,4975500,61381300.0
2024-05-22,12.19619896,12.37526224,12.1365112,12.2857306,3460600,42685872.0
2024-05-23,12.2857306,12.2857306,11.89776016,11.92760404,5620600,67938319.76
2024-05-24,11.89776016,12.00718772,11.5893734,11.62916524,5084600,60123855.0
2024-05-27,11.64906116,11.77838464,11.40036216,11.77838464,4557900,53063086.0
2024-05-28,11.71869688,11.79828056,11.5396336,11.55952952,3544200,41427035.0
2024-05-29,11.49984176,11.67890504,11.42025808,11.4898938,3325400,38615039.0
2024-05-30,11.49984176,11.5893734,11.31083052,11.49984176,2791000,32229375.0
2024-05-31,11.49984176,11.8380724,11.4898938,11.76843668,5091900,59934030.0
2024-06-03,11.7385928,11.77838464,11.3406744,11.440154,4705100,54559549.0
2024-06-04,11.3904142,11.46999788,10.9924958,11.21135092,5764800,64511392.0
2024-06-05,11.15166316,11.28098664,11.03228764,11.03228764,4111300,46161524.0
2024-06-06,10.942756,11.1417152,10.18671104,10.30608656,9699988,102311351.2
2024-06-07,10.45530596,10.80348456,10.45530596,10.67416108,6225668,66554781.0
2024-06-11,10.5945774,10.8930162,10.42546208,10.85322436,4685100,50444903.0
2024-06-12,10.7935366,11.18150704,10.76369272,11.0919754,4549412,50548705.28
2024-06-13,11.07207948,11.20140296,10.97259988,11.06213152,4177151,46585133.12
2024-06-14,11.0919754,11.191455,10.95270396,11.16161112,3483745,38818505.9
2024-06-17,11.20140296,11.20140296,11.02233968,11.05218356,3371200,37547848.0
2024-06-18,11.05218356,11.32077848,10.9924958,11.26109072,3662200,41294443.0
2024-06-19,11.32077848,11.41031012,11.17155908,11.20140296,3717800,42139426.0
2024-06-20,11.20140296,11.23124684,10.7935366,10.7935366,4763800,52473517.0
2024-06-21,10.75374476,10.88306824,10.56473352,10.75374476,2849700,30737611.0
2024-06-24,10.67416108,10.67416108,10.13697124,10.2463988,4842900,50370447.0
2024-06-25,10.2463988,10.3956182,10.01759572,10.15686716,3850900,39448898.0
2024-06-26,10.15686716,10.85322436,10.06733552,10.82338048,7572188,80304109.44
2024-06-27,10.82338048,10.90296416,10.63436924,10.66421312,4768692,51557992.68
2024-06-28,10.65426516,10.81343252,10.445358,10.51499372,5008400,53641945.0
2024-07-01,10.46525392,10.55478556,10.23645084,10.5448376,3724700,38917027.0
2024-07-02,10.56473352,11.17155908,10.56473352,10.8432764,7691900,84427114.0
2024-07-03,10.78358864,10.85322436,10.58462944,10.61447332,4161100,44727369.0
2024-07-04,10.55478556,10.70400496,10.20660696,10.20660696,4151300,43383511.0
2024-07-05,10.15686716,10.5945774,10.03749164,10.51499372,5038488,52551329.48
2024-07-08,10.40556616,10.4950978,9.95790796,10.00764776,5395800,54871955.0
2024-07-09,9.9976998,10.23645084,9.68931304,10.21655492,5865323,58981826.28
2024-07-10,10.16681512,10.33593044,10.07728348,10.12702328,3339100,34225404.0
2024-07-11,10.37572228,10.53488964,10.3458784,10.45530596,4844090,50875198.8
2024-07-12,10.4852685,10.55517029,10.26557716,10.30552104,3469700,36107400.0
2024-07-15,10.29553507,10.29553507,10.01592791,10.07584373,3042100,30767180.0
2024-07-16,10.07584373,10.21564731,9.99595597,10.15573149,2701600,27389483.0
2024-07-17,10.11578761,10.53519835,10.00594194,10.33547895,7255100,74751288.0
2024-07-18,10.16571746,10.16571746,9.83618045,10.0858297,6535584,65363108.64
2024-07-19,10.02591388,10.42535268,10.01592791,10.36543686,6636500,68417029.0
2024-07-22,10.42535268,10.72493178,10.34546492,10.59511417,6797000,71851435.0
2024-07-23,10.63505805,12.04307982,10.52521238,11.31410401,24771945,278969914.2
2024-07-24,11.01452491,11.96319206,10.87472133,11.51382341,23615245,266447015.05
2024-07-25,11.35404789,11.59371117,10.99455297,11.06445476,14336184,160471563.54
2024-07-26,11.06445476,11.16431446,10.84476342,10.94462312,9888400,108664522.0
2024-07-29,10.91466521,11.15432849,10.8847073,11.03449685,7355235,81241010.69
2024-07-30,10.94462312,11.53379535,10.85474939,11.46389356,12967966,146239462.09
2024-07-31,11.33407595,11.64364102,11.29413207,11.56375326,12608304,145188327.66
2024-08-01,11.4838655,11.63365505,11.43393565,11.47387953,8588054,99232728.4
2024-08-02,11.4838655,11.91326221,11.44392162,11.50383744,14722945,172721265.7
2024-08-05,11.47387953,11.53379535,10.8847073,10.89469327,10736193,120470804.46
2024-08-06,11.03449685,11.33407595,10.94462312,11.17430043,6824903,75843650.21
2024-08-07,11.16431446,11.30411804,11.04448282,11.06445476,4933603,55166597.87
2024-08-08,11.09441267,11.42394968,10.8847073,11.33407595,10875000,122506085.63
2024-08-09,11.22423028,11.33407595,11.06445476,11.06445476,6504800,72909890.0
2024-08-12,11.15432849,11.15432849,10.62507208,10.74490372,6000100,64839174.0
2024-08-13,10.70495984,10.79483357,10.51522641,10.73491775,3500100,37309326.0
2024-08-14,10.76487566,10.91466521,10.69497387,10.73491775,3334000,36042998.0
2024-08-15,10.7848476,11.16431446,10.56515626,11.03449685,5826300,63839579.0
2024-08-16,11.03449685,11.37401983,10.984567,11.25418819,7907300,88845424.0
2024-08-19,11.25418819,11.36403386,11.13435655,11.16431446,4754100,53451825.0
2024-08-20,11.16431446,11.22423028,10.90467924,10.96459506,4216406,46518685.7
2024-08-21,10.90467924,11.11438461,10.6849879,10.72493178,4103700,44672954.0
2024-08-22,10.6849879,10.86473536,10.37542283,10.3854088,4379600,46294797.0
2024-08-23,10.32549298,10.51522641,10.1856894,10.37542283,3734298,38770274.38
2024-08-26,10.3854088,10.56515626,10.29553507,10.54518432,2766700,29008688.0
2024-08-27,10.51522641,10.6849879,10.21564731,10.23561925,3905100,40727629.0
2024-08-28,10.22563328,10.6849879,10.22563328,10.61508611,5885799,62033759.32
2024-08-29,10.49525447,10.93463715,10.46529656,10.8847073,5875600,63193240.0
2024-08-30,10.85474939,11.41396371,10.81480551,11.19427237,8668300,97083732.0
2024-09-02,11.15432849,11.21424431,10.87472133,10.89469327,4914350,54335943.5
2024-09-03,10.89469327,11.16431446,10.79483357,11.0844267,4587550,50383594.0
2024-09-04,10.93463715,11.23421625,10.92465118,11.02451088,3324200,36917993.0
2024-09-05,11.02451088,11.21424431,10.99455297,11.11438461,3406300,37951992.0
2024-09-06,11.1842864,11.20425834,10.8847073,10.89469327,3258800,36017820.0
2024-09-09,10.95460909,11.27416013,10.71494581,11.11438461,5432100,60275035.0
2024-09-10,11.14434252,11.5837252,11.01452491,11.55376729,14893188,169250999.05
2024-09-11,11.42394968,11.42394968,11.14434252,11.19427237,7923000,89165329.0
2024-09-12,11.16431446,11.32408998,11.06445476,11.07444073,5787688,64874521.76
2024-09-13,11.04448282,11.14434252,10.87472133,10.89469327,4964101,54691723.07
2024-09-18,10.8847073,10.984567,10.44532462,10.70495984,5089603,54359390.95
2024-09-19,10.7848476,11.15432849,10.70495984,11.09441267,5325100,58710709.62
2024-09-20,11.12437058,11.27416013,11.06445476,11.22423028,5315200,59509382.0
2024-09-23,11.22423028,11.33407595,11.13435655,11.23421625,4076118,45894839.76
2024-09-24,11.21424431,11.53379535,11.0844267,11.46389356,8969600,102022233.0
2024-09-25,11.53379535,12.04307982,11.53379535,11.66361296,13547119,159617951.76
2024-09-26,11.62366908,11.89329027,11.5837252,11.89329027,9708105,114208124.3
2024-09-27,12.11298161,12.90187324,11.983164,12.65222399,17354500,216112112.0
2024-09-30,13.36122786,14.7792356,13.09160667,14.5795162,27580873,384319730.4
2024-10-08,17.28571407,17.35561586,15.13873052,16.65659796,36207821,590239932.32
2024-10-09,15.8776923,15.8776923,14.26995113,14.26995113,26273240,398404324.45
2024-10-10,14.55954426,15.21861828,14.17009143,14.2799371,16881302,246719656.18
2024-10-11,14.11017561,14.31988098,13.2813401,13.57093323,14370200,197507573.28
2024-10-14,13.67079293,14.14013352,13.3811998,14.13014755,12404800,171289259.6
2024-10-15,13.980358,14.60947411,13.7806386,14.00032994,13473590,192631117.96
2024-10-16,13.7806386,14.2799371,13.70075084,14.10018964,10168740,143088601.97
2024-10-17,14.17009143,14.70933381,14.11017561,14.43971262,16436106,237745772.48
2024-10-18,14.52958635,15.19864634,14.13014755,14.7792356,21821533,319084559.88
2024-10-21,14.87916008,15.31883976,14.67930568,15.11898536,19670295,295488538.62
2024-10-22,15.27886888,15.27886888,14.69929112,14.8891528,15397900,230411739.0
2024-10-23,14.8391892,15.42875968,14.66931296,14.81920376,15299137,229511021.8
2024-10-24,14.6393348,15.1389708,14.42948768,14.64932752,11255500,165152058.82
2024-10-25,14.60935664,14.9391164,14.5893712,14.85917464,9721764,143886519.92
2024-10-28,14.84918192,15.06902176,14.80921104,15.06902176,10523150,157598634.0
2024-10-29,15.06902176,15.16894896,14.49943672,14.49943672,12816605,189893896.94
2024-10-30,14.44947312,14.77923288,14.29958232,14.5893712,10281499,149684985.33
2024-10-31,14.52941488,14.98908,14.41949496,14.91913096,12405962,183741635.3
2024-11-01,14.80921104,14.90913824,13.8399172,13.86989536,15011200,213422171.0
2024-11-04,13.989808,14.3895168,13.79994632,14.37952408,8246701,116927031.15
2024-11-05,14.37952408,15.0390436,14.29958232,14.98908,13264321,196212439.32
2024-11-06,14.98908,15.21891256,14.76924016,14.91913096,13155280,197245337.2
2024-11-07,14.72926928,15.56865776,14.6892984,15.47872328,17123443,260621649.35
2024-11-08,15.6386068,15.76851216,15.24889072,15.4387524,16441650,255524780.5
2024-11-11,15.32883248,16.34808992,15.29885432,16.04830832,19583068,310377770.36
2024-11-12,16.06829376,16.40804624,15.67857768,15.988352,18105499,291276297.27
2024-11-13,16.5879152,16.76778416,15.6885704,15.97835928,21814129,352672628.44
2024-11-14,15.7884976,17.737078,15.67857768,16.23817,38648086,641875789.83
2024-11-15,15.988352,17.1874784,15.95837384,15.96836656,33614708,559492800.42
2024-11-18,15.97835928,16.2881336,14.37952408,14.47945128,27281859,406236280.62
2024-11-19,14.489444,14.86916736,14.11971336,14.86916736,17053762,247767750.14
2024-11-20,14.86916736,16.1382428,14.80921104,15.65859224,22056030,342375375.4
2024-11-21,15.488716,15.738534,15.19892712,15.488716,14202600,220390296.0
2024-11-22,15.40877424,15.96836656,14.8391892,14.87916008,15739700,243521361.78
2024-11-25,16.2881336,16.75779144,15.17894168,15.85844664,33960198,538176671.29
2024-11-26,15.3887888,15.64859952,14.82919648,14.90913824,23051596,351180724.32
2024-11-27,14.59936392,15.80848304,14.4394804,15.7884976,23299442,355559634.05
2024-11-28,15.84845392,16.16822096,15.4387524,15.57865048,15653462,246987510.2
2024-11-29,15.4387524,15.97835928,15.27886888,15.79849032,16277800,255263992.0
2024-12-02,15.97835928,16.11825736,15.79849032,15.96836656,14114200,225193431.0
2024-12-03,15.8884248,16.1882064,15.738534,16.0882792,14545048,233008877.8
2024-12-04,15.988352,16.11825736,15.47872328,15.61862136,12329500,194771466.0
2024-12-05,15.5386796,16.57792248,15.488716,16.31811176,20111000,326116464.0
2024-12-06,16.72781328,19.15604424,16.5879152,17.82701248,51196690,912892180.61
2024-12-09,17.86698336,18.96618256,17.79703432,17.94692512,44007666,803907803.87
2024-12-10,18.2866776,20.77486488,17.81701976,19.05611704,56564040,1082480055.91
2024-12-11,18.8862408,18.99616072,18.04685232,18.39659752,36400676,669241444.69
2024-12-12,18.24670672,18.41658296,17.72708528,18.00688144,25481737,458568191.14
2024-12-13,17.8370052,18.41658296,17.69710712,17.69710712,24362750,441371927.5
2024-12-16,17.69710712,18.39659752,17.3873328,17.90695424,23389494,422001551.88
2024-12-17,17.61716536,17.6871144,16.5879152,16.71782056,20683688,350991168.68
2024-12-18,16.95764584,16.987624,16.1882064,16.6878424,13062700,217326170.0
2024-12-19,16.35808264,16.9376604,16.2881336,16.86771136,12637653,210151333.48
2024-12-20,16.7877696,17.12752208,16.69783512,16.94765312,11553300,195839624.0
2024-12-23,16.7877696,16.79776232,15.70855584,15.74852672,15613128,251705039.18
2024-12-24,16.0383156,16.07828648,15.57865048,15.87843208,8482300,134162029.0
2024-12-25,16.07828648,16.2881336,15.67857768,15.96836656,11079500,177372844.25
2024-12-26,15.86843936,16.2881336,15.7884976,15.99834472,9809348,157726748.72
2024-12-27,15.99834472,16.27814088,15.80848304,15.81847576,9510100,152852221.0
2024-12-30,15.69856312,15.7884976,15.16894896,15.37879608,9106200,141080003.0
2024-12-31,15.50870144,15.5386796,14.5893712,14.60935664,10547556,157648485.42
2025-01-02,14.62934208,14.7892256,14.0397716,14.2895896,8990791,129925487.92
2025-01-03,14.36953136,14.45946584,13.41023024,13.43021568,10856508,149823904.8
2025-01-06,13.490172,13.62007736,13.0904632,13.3902448,6697352,89848978.28
2025-01-07,13.47018656,13.74998272,13.37025936,13.74998272,7252600,98460247.0
2025-01-08,13.76996816,14.07974248,13.35027392,13.7899536,11065725,152592181.25
2025-01-09,13.70001912,14.40950224,13.60009192,14.0397716,11133683,156644096.46
2025-01-10,13.989808,14.16967696,13.490172,13.490172,8168741,112951935.78
2025-01-13,13.2903176,13.62007736,12.990536,13.55012832,6377441,85453471.3
2025-01-14,13.76996816,14.3895168,13.5900992,14.3895168,10999585,155133169.06
2025-01-15,14.40950224,14.5394076,14.26960416,14.41949496,8437137,121607308.8
2025-01-16,14.5394076,14.81920376,14.25961144,14.37952408,9030537,131323946.72
2025-01-17,14.3395532,14.40950224,14.09972792,14.14969152,6669900,94895651.0
2025-01-20,14.22963328,14.2895896,13.82992448,14.00979344,8164700,114547022.0
2025-01-21,14.04976432,14.1396988,13.76996816,13.989808,5718800,79701913.0
2025-01-22,13.8898808,13.97981528,13.66004824,13.72999728,4930900,68068382.0
2025-01-23,13.9398444,14.40950224,13.8898808,13.9398444,10422409,148029758.74
2025-01-24,13.8898808,14.739262,13.8399172,14.739262,13490741,194871477.11
2025-01-27,14.27959688,14.54940032,13.7899536,13.91985896,17757773,250484093.65
2025-02-05,14.24961872,15.02905088,14.20964784,14.85917464,19727716,292152622.76
2025-02-06,14.72926928,15.51869416,14.59936392,15.35881064,17830200,269863325.0
2025-02-07,15.25888344,16.2881336,15.17894168,15.96836656,26267103,415082154.0
2025-02-10,16.487988,17.56720176,16.2881336,17.10753664,42300960,718572805.8
2025-02-11,16.62788608,16.62788608,16.1882064,16.30811904,27787700,455681407.0
2025-02-12,16.11825736,17.06756576,16.11825736,16.52795888,23951400,398478639.59
2025-02-13,16.42803168,16.52795888,16.1382428,16.1382428,16327200,266229212.0
2025-02-14,16.31811176,18.75633544,16.31811176,17.71709256,51349214,890900991.32
2025-02-17,18.45655384,19.61570936,17.8869688,18.10680864,57121784,1058119547.04
2025-02-18,18.10680864,18.1867504,16.51796616,16.60790064,38970100,671894764.0
2025-02-19,16.60790064,17.8370052,16.4380244,17.30739104,32219840,549610270.96
2025-02-20,17.17748568,20.76487216,17.10753664,19.21600056,87007163,1724383603.52
2025-02-21,18.3866048,19.17602968,18.1867504,18.84626992,62688371,1168715634.66
2025-02-24,18.40659024,18.75633544,17.84699792,18.12679408,38117380,696105183.18
2025-02-25,17.66712896,18.11680136,17.46727456,17.7870416,25455752,454147020.95
2025-02-26,17.77704888,17.94692512,17.30739104,17.77704888,24264223,426897061.63
2025-02-27,17.67712168,17.89696152,16.85771864,17.25742744,24622901,425720692.66
2025-02-28,17.0875512,17.30739104,15.95837384,16.06829376,20625100,341959483.0
2025-03-03,16.10826464,16.81774776,15.80848304,16.54794432,19915000,329166779.0
2025-03-04,16.25815544,17.3373692,16.09827192,17.237442,22443886,382923585.02
2025-03-05,17.17748568,17.60717264,16.75779144,17.29739832,20143612,344911092.38
2025-03-06,17.30739104,18.21672856,17.15750024,17.8869688,30351203,538016276.2
2025-03-07,17.7870416,18.07683048,17.21745656,17.39732552,20871086,369231945.26
2025-03-10,18.31665576,18.70637184,17.60717264,17.81701976,37236986,671074085.88
2025-03-11,16.99761672,17.57719448,16.987624,17.27741288,21584700,371713707.0
2025-03-12,17.39732552,17.67712168,17.20746384,17.34736192,17634660,307349362.6
2025-03-13,17.1874784,17.20746384,16.56792976,16.80775504,15233260,256389944.08
2025-03-14,16.81774776,17.04758032,16.50797344,17.01760216,10828796,182516989.4
2025-03-17,16.96763856,17.00760944,16.64787152,16.72781328,9993680,167776610.6
2025-03-18,16.8876968,17.00760944,16.54794432,16.71782056,10248503,171798380.8
2025-03-19,16.69783512,16.85771864,16.40804624,16.49798072,9351128,155334890.24
2025-03-20,16.42803168,16.65786424,16.29812632,16.3380972,7556645,124547806.3
2025-03-21,16.31811176,16.31811176,15.91840296,15.99834472,9654206,155296919.3
2025-03-24,15.92839568,15.97835928,14.98908,15.3887888,12606700,194565292.0
2025-03-25,15.40877424,15.51869416,15.0390436,15.20891984,7195600,110033869.04
2025-03-26,15.1889344,15.39878152,15.11898536,15.20891984,6039500,92373042.0
2025-03-27,15.17894168,15.36880336,14.8891528,15.26887616,6636800,100812573.0
2025-03-28,15.24889072,15.36880336,15.04903632,15.05902904,4913429,74765665.32
2025-03-31,14.82919648,14.99907272,14.489444,14.9391164,7892200,116348846.0
2025-04-01,14.97908728,15.41876696,14.96909456,15.12897808,9200100,140300004.0
2025-04-02,15.06902176,15.24889072,14.92912368,14.99907272,6819500,102898219.0
2025-04-03,14.77923288,15.19892712,14.74925472,14.94910912,5100600,76580988.0
2025-04-07,13.989808,14.11971336,11.96128584,11.96128584,15168620,193882567.09
2025-04-08,12.26106744,12.92058696,11.92131496,12.3410092,12007589,149109221.34
2025-04-09,12.1911184,12.92058696,11.27178816,12.83065248,12256800,150271868.0
2025-04-10,13.07047776,13.48017928,13.07047776,13.22036856,9532700,126733467.0
2025-04-11,13.11044864,13.43021568,13.03050688,13.23036128,7574000,100501328.0
2025-04-14,13.45020112,13.58010648,13.33028848,13.38025208,7203500,97063058.0
2025-04-15,13.41023024,13.48017928,13.22036856,13.3402812,4864300,64830262.0
2025-04-16,13.27033216,13.35027392,12.7906816,13.11044864,7117100,93203230.0
2025-04-17,13.0404996,13.35027392,13.00052872,13.21037584,5473600,72398125.0
2025-04-18,13.1903904,13.30031032,13.05049232,13.20038312,3843900,50649612.0
2025-04-21,13.20038312,13.5401356,13.1404268,13.5401356,5472500,73485424.0
2025-04-22,13.490172,13.61008464,13.33028848,13.37025936,5088500,68377015.0
2025-04-23,13.4402084,13.6400628,13.41023024,13.490172,5831000,78882617.0
2025-04-24,13.36026664,13.48017928,12.90060152,13.01052144,10071500,132062470.0
2025-04-25,13.25034672,14.07974248,13.23036128,13.27033216,16792700,227695430.0
2025-04-28,13.26033944,13.5401356,13.05049232,13.08047048,8590064,113512338.76
2025-04-29,13.0904632,13.490172,12.90060152,13.45020112,9145508,122195473.52
2025-04-30,13.5401356,13.75997544,13.42022296,13.72999728,7889140,107948130.4
2025-05-06,13.8399172,14.12970608,13.7899536,14.12970608,8315700,116542724.0
2025-05-07,14.29958232,14.40950224,13.8898808,14.02977888,9891040,139731219.96
2025-05-08,14.01978616,14.34954592,13.92985168,14.2895896,7782200,110657903.0
2025-05-09,14.21964056,14.25961144,13.90986624,13.92985168,6551500,91903916.0
2025-05-12,14.15968424,14.20964784,13.989808,14.15968424,5114300,72213566.0
2025-05-13,14.34954592,14.3895168,14.0897352,14.15968424,6220600,88602061.0
2025-05-14,14.11971336,14.489444,14.06974976,14.20964784,10615580,150945402.68
2025-05-15,14.15968424,14.20964784,13.80993904,13.87988808,7134240,99459734.0
2025-05-16,13.81993176,13.99980072,13.72999728,13.9398444,4381240,61053039.6
2025-05-19,13.92985168,14.07974248,13.70001912,14.04976432,4702700,65532019.0
2025-05-20,13.989808,14.22963328,13.89987352,14.19965512,6042600,85431091.0
2025-05-21,14.15968424,14.20964784,13.9398444,14.0397716,4743200,66659189.0
2025-05-22,13.96982256,14.10972064,13.75997544,13.8399172,4638800,64518599.0
2025-05-23,13.84990992,14.52941488,13.7899536,13.91985896,14826400,210359452.0
2025-05-26,13.85990264,14.0897352,13.79994632,14.04976432,8209500,114726599.0
2025-05-27,14.02977888,14.29958232,13.86989536,14.24961872,9687500,137319569.16
2025-05-28,14.2895896,14.30957504,13.79994632,13.89987352,9586900,134110319.0
2025-05-29,13.84990992,14.37952408,13.82992448,14.35953864,11226200,159688359.0
2025-05-30,14.32956048,14.36953136,14.11971336,14.15968424,7227200,102836340.0
2025-06-03,14.09972792,14.35953864,14.06974976,14.2895896,6418700,91585218.0
2025-06-04,14.3395532,14.37952408,14.16967696,14.30957504,5791600,82853992.0
2025-06-05,14.29958232,14.45946584,14.16967696,14.42948768,7430400,106623126.0
2025-06-06,14.41949496,14.46945856,14.22963328,14.36953136,5587700,80120250.0
2025-06-09,14.35953864,14.6393348,14.3395532,14.5893712,8076279,117613841.67
2025-06-10,14.57937848,14.67930568,14.1896624,14.46945856,9072400,131210347.0
2025-06-11,14.42948768,14.55939304,14.34954592,14.44947312,6649400,96118522.0
2025-06-12,14.3895168,14.7892256,14.26960416,14.60935664,8976000,131004753.0
2025-06-13,14.489444,14.60935664,14.0897352,14.11971336,8955800,127935381.0
2025-06-16,14.02977888,14.46945856,14.02977888,14.39950952,7098801,101990084.42
2025-06-17,14.39950952,14.7892256,14.2895896,14.46945856,7659000,111412585.0
2025-06-18,14.41949496,14.51942216,14.21964056,14.32956048,5180800,74284251.0
2025-06-19,14.34954592,14.46945856,13.94983712,14.04976432,6132501,86960710.07
2025-06-20,14.02977888,14.09972792,13.66004824,13.72999728,5384100,74511638.0
2025-06-23,13.66,14.18,13.58,14.14,6835100,95653032.0
2025-06-24,14.16,14.49,14.15,14.49,7441400,107007062.0
2025-06-25,14.48,14.74,14.4,14.71,9509601,138690881.66
2025-06-26,14.72,15.39,14.65,14.81,15335600,229248169.0
2025-06-27,14.87,15.3,14.78,15.03,11875087,178484981.52
2025-06-30,15.0,15.15,14.88,15.11,9627300,145206521.4
2025-07-01,15.33,15.98,15.22,15.43,22242548,344986709.68
2025-07-02,15.24,15.28,14.88,15.0,12995404,195339118.44
2025-07-03,14.98,15.14,14.91,15.08,7109148,106935141.48
2025-07-04,15.02,15.16,14.87,14.91,7949706,119268400.46
2025-07-07,14.82,15.11,14.82,14.89,6385400,95442005.0
2025-07-08,14.98,15.09,14.83,15.07,5674640,85361346.8
2025-07-09,15.07,15.36,15.03,15.18,9335100,141724907.0
2025-07-10,15.1,15.43,15.06,15.29,9412700,143858895.0
2025-07-11,15.29,15.48,15.1,15.47,10540039,161499065.57
2025-07-14,15.45,15.59,15.24,15.38,7787851,119374260.85
2025-07-15,15.32,15.44,15.01,15.4,9016744,137168549.0
2025-07-16,15.4,15.53,15.21,15.32,6906500,106085429.0
2025-07-17,15.31,15.51,15.26,15.48,7938678,122601564.08
2025-07-18,15.5,15.68,15.37,15.42,6897520,106697716.8
2025-07-21,15.37,15.52,15.32,15.47,6199106,95649570.34
2025-07-22,15.47,15.6,15.25,15.3,7865059,121015763.23
2025-07-23,15.3,15.83,15.16,15.5,13740300,212657429.0
2025-07-24,15.5,15.66,15.4,15.65,9973438,154915160.48
2025-07-25,15.63,16.06,15.52,15.98,16628213,264273486.01
2025-07-28,16.68,16.98,15.98,16.12,27720614,451923470.33
2025-07-29,15.84,16.04,15.72,15.9,14434068,228462648.22
2025-07-30,15.79,15.97,15.54,15.68,11307152,177990007.4
2025-07-31,15.63,16.05,15.63,15.68,11674000,184930890.0
2025-08-01,15.77,16.3,15.72,16.23,19814296,318215142.0
2025-08-04,16.08,16.27,15.82,16.25,12555745,201985361.25
2025-08-05,16.35,16.4,16.02,16.16,10873300,175603463.0
2025-08-06,16.81,16.92,16.19,16.28,18455300,302887769.49
2025-08-07,16.21,16.98,16.21,16.69,23017262,382264207.46
2025-08-08,16.74,16.95,16.06,16.06,17312236,282392348.4
2025-08-11,16.03,16.25,15.95,16.14,10466240,168690238.4
2025-08-12,16.14,16.15,15.76,15.87,11480000,182564190.97
2025-08-13,15.87,15.94,15.69,15.84,9922386,156832797.81
2025-08-14,15.86,16.06,15.51,15.51,11192703,176992538.0
2025-08-15,15.5,15.8,15.48,15.78,8285900,130068677.0
2025-08-18,15.74,16.15,15.74,16.09,12532096,201043255.8
2025-08-19,16.09,16.33,15.96,16.2,11344006,184010493.84
2025-08-20,16.15,16.2,15.82,16.2,10076311,161688028.22
2025-08-21,16.2,16.32,16.11,16.18,8705900,141026336.06
2025-08-22,16.17,16.4,16.08,16.37,11739006,191101656.97
2025-08-25,16.4,16.79,16.23,16.76,19278906,317608538.18
2025-08-26,16.5,17.07,16.41,16.93,23456679,395356323.29
2025-08-27,17.26,17.37,16.12,16.12,26837996,448799762.78
2025-08-28,16.06,16.19,15.1,15.76,19748354,310560924.98
2025-08-29,15.69,15.75,15.33,15.47,9762751,150992125.85
2025-09-01,15.48,15.71,15.45,15.56,7720018,120170928.0
2025-09-02,15.55,15.56,14.85,15.04,10318347,155578782.57
2025-09-03,15.05,15.29,14.78,14.84,8789490,131900533.08
2025-09-04,14.82,14.95,14.4,14.66,7715450,113731389.5
2025-09-05,14.67,14.95,14.51,14.93,5833644,85897422.32
2025-09-08,14.89,15.06,14.8,14.99,5619344,83934334.12
2025-09-09,14.91,14.95,14.58,14.66,5658900,83370757.0
2025-09-10,14.72,14.86,14.68,14.78,3901322,57671086.32
2025-09-11,14.77,14.95,14.54,14.94,5967800,88320827.79
2025-09-12,15.04,15.25,14.95,15.02,7087600,107064180.0
2025-09-15,14.95,15.02,14.77,14.81,5299098,78636705.36
2025-09-16,14.82,15.11,14.72,15.1,6310900,94103434.0
2025-09-17,15.08,15.15,14.97,14.99,5443000,81907703.0
2025-09-18,15.0,15.02,14.51,14.64,7420601,110083216.97
2025-09-19,14.68,15.05,14.62,14.96,7714854,114729146.0
2025-09-22,14.96,14.96,14.61,14.73,5113700,75335368.0
2025-09-23,14.66,14.66,13.91,14.25,8300550,117653010.5
2025-09-24,14.17,14.73,14.05,14.67,6604200,95710452.0
2025-09-25,14.69,14.84,14.55,14.63,4420609,65033634.09
2025-09-26,14.59,14.59,14.02,14.22,6455900,92394379.49
2025-09-29,14.19,14.25,13.96,14.22,4496900,63614817.0
2025-09-30,14.27,14.36,14.2,14.21,3994600,57049057.0
2025-10-09,14.26,14.29,13.99,14.15,5176607,73237031.4
2025-10-10,14.11,14.16,13.95,13.95,5044500,70784763.0
2025-10-13,13.49,13.88,13.23,13.86,4637406,63518992.04
2025-10-14,13.93,14.03,13.66,13.69,3942998,54599466.91
2025-10-15,13.68,13.97,13.63,13.95,3913000,54298442.0
2025-10-16,13.95,13.95,13.68,13.74,3817100,52692118.4
2025-10-17,13.73,13.88,13.48,13.48,4371050,59691436.42
2025-10-20,13.65,13.73,13.58,13.68,3639610,49683476.29
2025-10-21,13.71,13.93,13.64,13.91,4096821,56585394.17
2025-10-22,13.9,14.01,13.82,13.87,3454619,48084659.91
2025-10-23,13.93,13.98,13.7,13.98,3253900,44904763.0
2025-10-24,13.98,14.14,13.98,14.07,4096628,57603233.13
2025-10-27,14.12,14.18,14.03,14.1,3575121,50456874.1
2025-10-28,14.05,14.24,13.99,14.16,4225019,59838550.04
2025-10-29,14.2,14.2,13.95,14.07,3494140,49014242.99
2025-10-30,14.05,14.05,13.74,13.75,5358627,74171820.09
2025-10-31,13.75,14.26,13.71,14.19,7711800,108670595.0
2025-11-03,14.28,14.45,14.21,14.36,6145257,88118458.37
2025-11-04,14.31,15.37,14.17,14.83,17481966,258008143.3
2025-11-05,14.61,14.85,14.54,14.76,11963103,175599405.86
2025-11-06,14.69,14.75,14.47,14.55,6837306,99401919.17
2025-11-07,14.48,14.5,14.36,14.37,5184230,74686716.6
2025-11-10,14.37,14.64,14.37,14.52,5201603,75620797.71
2025-11-11,14.53,14.57,14.37,14.43,4249100,61461985.0
2025-11-12,14.44,14.53,14.24,14.35,4038400,57978121.0
2025-11-13,14.39,14.39,14.15,14.38,4010600,57409367.0
2025-11-14,14.28,14.51,14.27,14.32,4338796,62585464.36
2025-11-17,14.36,14.63,14.26,14.57,6909500,100210977.0
2025-11-18,14.51,14.94,14.48,14.84,11060163,163354206.77
2025-11-19,14.7,14.79,14.51,14.62,7522003,109961997.77
2025-11-20,14.65,14.95,14.3,14.82,10420684,153205054.08
2025-11-21,14.73,14.94,14.31,14.49,9530880,138723501.25
2025-11-24,14.52,15.13,14.4,15.1,16579396,247392414.72
2025-11-25,15.07,15.3,14.96,15.08,14394863,218046292.65
2025-11-26,14.97,15.44,14.86,15.0,12972906,196482502.0
2025-11-27,14.93,14.98,14.7,14.72,7715916,114328245.64
2025-11-28,14.79,14.83,14.55,14.68,6369800,93324245.0
2025-12-01,14.64,14.89,14.52,14.88,8038980,118727464.4
2025-12-02,14.8,15.3,14.57,15.09,13295883,198806149.44
2025-12-03,15.0,15.0,14.6,14.7,9067900,133741866.98
2025-12-04,14.7,14.75,13.97,13.97,9069279,129071526.31
2025-12-05,13.97,14.18,13.75,14.14,5092200,71259595.21
2025-12-08,14.15,14.39,14.14,14.17,5270900,75187411.0
2025-12-09,14.06,14.27,14.0,14.01,4015800,56696647.0
2025-12-10,14.0,14.02,13.76,13.95,4367100,60555455.0
2025-12-11,13.93,13.94,13.48,13.48,5631700,76792811.0
2025-12-12,13.42,13.61,13.38,13.48,3373400,45587350.0
2025-12-15,13.35,13.48,13.2,13.2,4169400,55524850.0
2025-12-16,13.2,13.27,12.84,12.97,4647200,60288850.0
2025-12-17,12.96,13.63,12.96,13.26,5691419,75285095.75
2025-12-18,13.2,13.9,13.06,13.72,8956263,122083232.16
2025-12-19,13.7,13.72,13.51,13.56,4591000,62446971.0
2025-12-22,13.59,13.65,13.46,13.47,4202100,56843561.0
2025-12-23,13.46,13.49,13.2,13.24,3631700,48279460.0
2025-12-24,13.27,13.47,13.27,13.4,2876100,38463459.0
2025-12-25,13.39,13.53,13.36,13.53,2884200,38787026.0
2025-12-26,13.48,13.57,13.28,13.36,3550400,47737180.0
2025-12-29,13.32,13.37,13.2,13.24,3604500,47791644.0
2025-12-30,13.23,13.42,13.18,13.26,3426234,45547667.5
2025-12-31,13.26,13.55,13.26,13.46,4044730,54302752.8
